// Code generated from uacdll/darts_ucd.dll. DO NOT EDIT.
package beacon

var uacDailyDLL = []byte{
	0x4d, 0x5a, 0x90, 0x00, 0x03, 0x00, 0x00, 0x00, 0x04, 0x00, 0x00, 0x00, 0xff, 0xff, 0x00, 0x00,
	0xb8, 0x00, 0x00, 0x00, 0x00, 0x00, 0x00, 0x00, 0x40, 0x00, 0x00, 0x00, 0x00, 0x00, 0x00, 0x00,
	0x00, 0x00, 0x00, 0x00, 0x00, 0x00, 0x00, 0x00, 0x00, 0x00, 0x00, 0x00, 0x00, 0x00, 0x00, 0x00,
	0x00, 0x00, 0x00, 0x00, 0x00, 0x00, 0x00, 0x00, 0x00, 0x00, 0x00, 0x00, 0x80, 0x00, 0x00, 0x00,
	0x0e, 0x1f, 0xba, 0x0e, 0x00, 0xb4, 0x09, 0xcd, 0x21, 0xb8, 0x01, 0x4c, 0xcd, 0x21, 0x54, 0x68,
	0x69, 0x73, 0x20, 0x70, 0x72, 0x6f, 0x67, 0x72, 0x61, 0x6d, 0x20, 0x63, 0x61, 0x6e, 0x6e, 0x6f,
	0x74, 0x20, 0x62, 0x65, 0x20, 0x72, 0x75, 0x6e, 0x20, 0x69, 0x6e, 0x20, 0x44, 0x4f, 0x53, 0x20,
	0x6d, 0x6f, 0x64, 0x65, 0x2e, 0x0d, 0x0d, 0x0a, 0x24, 0x00, 0x00, 0x00, 0x00, 0x00, 0x00, 0x00,
	0x50, 0x45, 0x00, 0x00, 0x64, 0x86, 0x11, 0x00, 0x00, 0x00, 0x00, 0x00, 0x00, 0x62, 0x00, 0x00,
	0x12, 0x04, 0x00, 0x00, 0xf0, 0x00, 0x26, 0x20, 0x0b, 0x02, 0x02, 0x2f, 0x00, 0x20, 0x00, 0x00,
	0x00, 0x1c, 0x00, 0x00, 0x00, 0x04, 0x00, 0x00, 0x10, 0x12, 0x00, 0x00, 0x00, 0x10, 0x00, 0x00,
	0x00, 0x00, 0x20, 0x63, 0x03, 0x00, 0x00, 0x00, 0x00, 0x10, 0x00, 0x00, 0x00, 0x02, 0x00, 0x00,
	0x04, 0x00, 0x00, 0x00, 0x00, 0x00, 0x00, 0x00, 0x05, 0x00, 0x02, 0x00, 0x00, 0x00, 0x00, 0x00,
	0x00, 0x40, 0x01, 0x00, 0x00, 0x06, 0x00, 0x00, 0xaa, 0x59, 0x01, 0x00, 0x03, 0x00, 0x60, 0x01,
	0x00, 0x00, 0x20, 0x00, 0x00, 0x00, 0x00, 0x00, 0x00, 0x10, 0x00, 0x00, 0x00, 0x00, 0x00, 0x00,
	0x00, 0x00, 0x10, 0x00, 0x00, 0x00, 0x00, 0x00, 0x00, 0x10, 0x00, 0x00, 0x00, 0x00, 0x00, 0x00,
	0x00, 0x00, 0x00, 0x00, 0x10, 0x00, 0x00, 0x00, 0x00, 0x80, 0x00, 0x00, 0xa6, 0x00, 0x00, 0x00,
	0x00, 0x90, 0x00, 0x00, 0xec, 0x06, 0x00, 0x00, 0x00, 0x00, 0x00, 0x00, 0x00, 0x00, 0x00, 0x00,
	0x00, 0x50, 0x00, 0x00, 0xf8, 0x01, 0x00, 0x00, 0x00, 0x00, 0x00, 0x00, 0x00, 0x00, 0x00, 0x00,
	0x00, 0xb0, 0x00, 0x00, 0x48, 0x00, 0x00, 0x00, 0x00, 0x00, 0x00, 0x00, 0x00, 0x00, 0x00, 0x00,
	0x00, 0x00, 0x00, 0x00, 0x00, 0x00, 0x00, 0x00, 0x00, 0x00, 0x00, 0x00, 0x00, 0x00, 0x00, 0x00,
	0x20, 0x42, 0x00, 0x00, 0x28, 0x00, 0x00, 0x00, 0x00, 0x00, 0x00, 0x00, 0x00, 0x00, 0x00, 0x00,
	0x00, 0x00, 0x00, 0x00, 0x00, 0x00, 0x00, 0x00, 0xe8, 0x91, 0x00, 0x00, 0x80, 0x01, 0x00, 0x00,
	0x00, 0x00, 0x00, 0x00, 0x00, 0x00, 0x00, 0x00, 0x00, 0x00, 0x00, 0x00, 0x00, 0x00, 0x00, 0x00,
	0x00, 0x00, 0x00, 0x00, 0x00, 0x00, 0x00, 0x00, 0x2e, 0x74, 0x65, 0x78, 0x74, 0x00, 0x00, 0x00,
	0xa0, 0x1e, 0x00, 0x00, 0x00, 0x10, 0x00, 0x00, 0x00, 0x20, 0x00, 0x00, 0x00, 0x06, 0x00, 0x00,
	0x00, 0x00, 0x00, 0x00, 0x00, 0x00, 0x00, 0x00, 0x00, 0x00, 0x00, 0x00, 0x20, 0x00, 0x00, 0x60,
	0x2e, 0x64, 0x61, 0x74, 0x61, 0x00, 0x00, 0x00, 0x80, 0x00, 0x00, 0x00, 0x00, 0x30, 0x00, 0x00,
	0x00, 0x02, 0x00, 0x00, 0x00, 0x26, 0x00, 0x00, 0x00, 0x00, 0x00, 0x00, 0x00, 0x00, 0x00, 0x00,
	0x00, 0x00, 0x00, 0x00, 0x40, 0x00, 0x00, 0xc0, 0x2e, 0x72, 0x64, 0x61, 0x74, 0x61, 0x00, 0x00,
	0x78, 0x07, 0x00, 0x00, 0x00, 0x40, 0x00, 0x00, 0x00, 0x08, 0x00, 0x00, 0x00, 0x28, 0x00, 0x00,
	0x00, 0x00, 0x00, 0x00, 0x00, 0x00, 0x00, 0x00, 0x00, 0x00, 0x00, 0x00, 0x40, 0x00, 0x00, 0x40,
	0x2e, 0x70, 0x64, 0x61, 0x74, 0x61, 0x00, 0x00, 0xf8, 0x01, 0x00, 0x00, 0x00, 0x50, 0x00, 0x00,
	0x00, 0x02, 0x00, 0x00, 0x00, 0x30, 0x00, 0x00, 0x00, 0x00, 0x00, 0x00, 0x00, 0x00, 0x00, 0x00,
	0x00, 0x00, 0x00, 0x00, 0x40, 0x00, 0x00, 0x40, 0x2e, 0x78, 0x64, 0x61, 0x74, 0x61, 0x00, 0x00,
	0x68, 0x01, 0x00, 0x00, 0x00, 0x60, 0x00, 0x00, 0x00, 0x02, 0x00, 0x00, 0x00, 0x32, 0x00, 0x00,
	0x00, 0x00, 0x00, 0x00, 0x00, 0x00, 0x00, 0x00, 0x00, 0x00, 0x00, 0x00, 0x40, 0x00, 0x00, 0x40,
	0x2e, 0x62, 0x73, 0x73, 0x00, 0x00, 0x00, 0x00, 0x30, 0x03, 0x00, 0x00, 0x00, 0x70, 0x00, 0x00,
	0x00, 0x00, 0x00, 0x00, 0x00, 0x00, 0x00, 0x00, 0x00, 0x00, 0x00, 0x00, 0x00, 0x00, 0x00, 0x00,
	0x00, 0x00, 0x00, 0x00, 0x80, 0x00, 0x00, 0xc0, 0x2e, 0x65, 0x64, 0x61, 0x74, 0x61, 0x00, 0x00,
	0xa6, 0x00, 0x00, 0x00, 0x00, 0x80, 0x00, 0x00, 0x00, 0x02, 0x00, 0x00, 0x00, 0x34, 0x00, 0x00,
	0x00, 0x00, 0x00, 0x00, 0x00, 0x00, 0x00, 0x00, 0x00, 0x00, 0x00, 0x00, 0x40, 0x00, 0x00, 0x40,
	0x2e, 0x69, 0x64, 0x61, 0x74, 0x61, 0x00, 0x00, 0xec, 0x06, 0x00, 0x00, 0x00, 0x90, 0x00, 0x00,
	0x00, 0x08, 0x00, 0x00, 0x00, 0x36, 0x00, 0x00, 0x00, 0x00, 0x00, 0x00, 0x00, 0x00, 0x00, 0x00,
	0x00, 0x00, 0x00, 0x00, 0x40, 0x00, 0x00, 0x40, 0x2e, 0x74, 0x6c, 0x73, 0x00, 0x00, 0x00, 0x00,
	0x10, 0x00, 0x00, 0x00, 0x00, 0xa0, 0x00, 0x00, 0x00, 0x02, 0x00, 0x00, 0x00, 0x3e, 0x00, 0x00,
	0x00, 0x00, 0x00, 0x00, 0x00, 0x00, 0x00, 0x00, 0x00, 0x00, 0x00, 0x00, 0x40, 0x00, 0x00, 0xc0,
	0x2e, 0x72, 0x65, 0x6c, 0x6f, 0x63, 0x00, 0x00, 0x48, 0x00, 0x00, 0x00, 0x00, 0xb0, 0x00, 0x00,
	0x00, 0x02, 0x00, 0x00, 0x00, 0x40, 0x00, 0x00, 0x00, 0x00, 0x00, 0x00, 0x00, 0x00, 0x00, 0x00,
	0x00, 0x00, 0x00, 0x00, 0x40, 0x00, 0x00, 0x42, 0x2f, 0x34, 0x00, 0x00, 0x00, 0x00, 0x00, 0x00,
	0x50, 0x00, 0x00, 0x00, 0x00, 0xc0, 0x00, 0x00, 0x00, 0x02, 0x00, 0x00, 0x00, 0x42, 0x00, 0x00,
	0x00, 0x00, 0x00, 0x00, 0x00, 0x00, 0x00, 0x00, 0x00, 0x00, 0x00, 0x00, 0x40, 0x00, 0x00, 0x42,
	0x2f, 0x31, 0x39, 0x00, 0x00, 0x00, 0x00, 0x00, 0x51, 0x12, 0x00, 0x00, 0x00, 0xd0, 0x00, 0x00,
	0x00, 0x14, 0x00, 0x00, 0x00, 0x44, 0x00, 0x00, 0x00, 0x00, 0x00, 0x00, 0x00, 0x00, 0x00, 0x00,
	0x00, 0x00, 0x00, 0x00, 0x40, 0x00, 0x00, 0x42, 0x2f, 0x33, 0x31, 0x00, 0x00, 0x00, 0x00, 0x00,
	0xca, 0x00, 0x00, 0x00, 0x00, 0xf0, 0x00, 0x00, 0x00, 0x02, 0x00, 0x00, 0x00, 0x58, 0x00, 0x00,
	0x00, 0x00, 0x00, 0x00, 0x00, 0x00, 0x00, 0x00, 0x00, 0x00, 0x00, 0x00, 0x40, 0x00, 0x00, 0x42,
	0x2f, 0x34, 0x35, 0x00, 0x00, 0x00, 0x00, 0x00, 0xa4, 0x00, 0x00, 0x00, 0x00, 0x00, 0x01, 0x00,
	0x00, 0x02, 0x00, 0x00, 0x00, 0x5a, 0x00, 0x00, 0x00, 0x00, 0x00, 0x00, 0x00, 0x00, 0x00, 0x00,
	0x00, 0x00, 0x00, 0x00, 0x40, 0x00, 0x00, 0x42, 0x2f, 0x35, 0x37, 0x00, 0x00, 0x00, 0x00, 0x00,
	0x48, 0x00, 0x00, 0x00, 0x00, 0x10, 0x01, 0x00, 0x00, 0x02, 0x00, 0x00, 0x00, 0x5c, 0x00, 0x00,
	0x00, 0x00, 0x00, 0x00, 0x00, 0x00, 0x00, 0x00, 0x00, 0x00, 0x00, 0x00, 0x40, 0x00, 0x00, 0x42,
	0x2f, 0x37, 0x30, 0x00, 0x00, 0x00, 0x00, 0x00, 0x4f, 0x00, 0x00, 0x00, 0x00, 0x20, 0x01, 0x00,
	0x00, 0x02, 0x00, 0x00, 0x00, 0x5e, 0x00, 0x00, 0x00, 0x00, 0x00, 0x00, 0x00, 0x00, 0x00, 0x00,
	0x00, 0x00, 0x00, 0x00, 0x40, 0x00, 0x00, 0x42, 0x2f, 0x38, 0x31, 0x00, 0x00, 0x00, 0x00, 0x00,
	0xf2, 0x00, 0x00, 0x00, 0x00, 0x30, 0x01, 0x00, 0x00, 0x02, 0x00, 0x00, 0x00, 0x60, 0x00, 0x00,
	0x00, 0x00, 0x00, 0x00, 0x00, 0x00, 0x00, 0x00, 0x00, 0x00, 0x00, 0x00, 0x40, 0x00, 0x00, 0x42,
	0x00, 0x00, 0x00, 0x00, 0x00, 0x00, 0x00, 0x00, 0x00, 0x00, 0x00, 0x00, 0x00, 0x00, 0x00, 0x00,
	0x00, 0x00, 0x00, 0x00, 0x00, 0x00, 0x00, 0x00, 0x00, 0x00, 0x00, 0x00, 0x00, 0x00, 0x00, 0x00,
	0x00, 0x00, 0x00, 0x00, 0x00, 0x00, 0x00, 0x00, 0x00, 0x00, 0x00, 0x00, 0x00, 0x00, 0x00, 0x00,
	0x00, 0x00, 0x00, 0x00, 0x00, 0x00, 0x00, 0x00, 0x00, 0x00, 0x00, 0x00, 0x00, 0x00, 0x00, 0x00,
	0x00, 0x00, 0x00, 0x00, 0x00, 0x00, 0x00, 0x00, 0x00, 0x00, 0x00, 0x00, 0x00, 0x00, 0x00, 0x00,
	0x00, 0x00, 0x00, 0x00, 0x00, 0x00, 0x00, 0x00, 0x00, 0x00, 0x00, 0x00, 0x00, 0x00, 0x00, 0x00,
	0x00, 0x00, 0x00, 0x00, 0x00, 0x00, 0x00, 0x00, 0x00, 0x00, 0x00, 0x00, 0x00, 0x00, 0x00, 0x00,
	0x00, 0x00, 0x00, 0x00, 0x00, 0x00, 0x00, 0x00, 0x00, 0x00, 0x00, 0x00, 0x00, 0x00, 0x00, 0x00,
	0x00, 0x00, 0x00, 0x00, 0x00, 0x00, 0x00, 0x00, 0x00, 0x00, 0x00, 0x00, 0x00, 0x00, 0x00, 0x00,
	0x00, 0x00, 0x00, 0x00, 0x00, 0x00, 0x00, 0x00, 0x00, 0x00, 0x00, 0x00, 0x00, 0x00, 0x00, 0x00,
	0x00, 0x00, 0x00, 0x00, 0x00, 0x00, 0x00, 0x00, 0x00, 0x00, 0x00, 0x00, 0x00, 0x00, 0x00, 0x00,
	0x00, 0x00, 0x00, 0x00, 0x00, 0x00, 0x00, 0x00, 0x00, 0x00, 0x00, 0x00, 0x00, 0x00, 0x00, 0x00,
	0x00, 0x00, 0x00, 0x00, 0x00, 0x00, 0x00, 0x00, 0x00, 0x00, 0x00, 0x00, 0x00, 0x00, 0x00, 0x00,
	0x00, 0x00, 0x00, 0x00, 0x00, 0x00, 0x00, 0x00, 0x00, 0x00, 0x00, 0x00, 0x00, 0x00, 0x00, 0x00,
	0x00, 0x00, 0x00, 0x00, 0x00, 0x00, 0x00, 0x00, 0x00, 0x00, 0x00, 0x00, 0x00, 0x00, 0x00, 0x00,
	0x00, 0x00, 0x00, 0x00, 0x00, 0x00, 0x00, 0x00, 0x00, 0x00, 0x00, 0x00, 0x00, 0x00, 0x00, 0x00,
	0x00, 0x00, 0x00, 0x00, 0x00, 0x00, 0x00, 0x00, 0x00, 0x00, 0x00, 0x00, 0x00, 0x00, 0x00, 0x00,
	0x00, 0x00, 0x00, 0x00, 0x00, 0x00, 0x00, 0x00, 0x00, 0x00, 0x00, 0x00, 0x00, 0x00, 0x00, 0x00,
	0x00, 0x00, 0x00, 0x00, 0x00, 0x00, 0x00, 0x00, 0x00, 0x00, 0x00, 0x00, 0x00, 0x00, 0x00, 0x00,
	0x00, 0x00, 0x00, 0x00, 0x00, 0x00, 0x00, 0x00, 0x00, 0x00, 0x00, 0x00, 0x00, 0x00, 0x00, 0x00,
	0x00, 0x00, 0x00, 0x00, 0x00, 0x00, 0x00, 0x00, 0x00, 0x00, 0x00, 0x00, 0x00, 0x00, 0x00, 0x00,
	0x00, 0x00, 0x00, 0x00, 0x00, 0x00, 0x00, 0x00, 0x00, 0x00, 0x00, 0x00, 0x00, 0x00, 0x00, 0x00,
	0x00, 0x00, 0x00, 0x00, 0x00, 0x00, 0x00, 0x00, 0x00, 0x00, 0x00, 0x00, 0x00, 0x00, 0x00, 0x00,
	0x00, 0x00, 0x00, 0x00, 0x00, 0x00, 0x00, 0x00, 0x00, 0x00, 0x00, 0x00, 0x00, 0x00, 0x00, 0x00,
	0x00, 0x00, 0x00, 0x00, 0x00, 0x00, 0x00, 0x00, 0x00, 0x00, 0x00, 0x00, 0x00, 0x00, 0x00, 0x00,
	0x00, 0x00, 0x00, 0x00, 0x00, 0x00, 0x00, 0x00, 0x00, 0x00, 0x00, 0x00, 0x00, 0x00, 0x00, 0x00,
	0x00, 0x00, 0x00, 0x00, 0x00, 0x00, 0x00, 0x00, 0x00, 0x00, 0x00, 0x00, 0x00, 0x00, 0x00, 0x00,
	0x00, 0x00, 0x00, 0x00, 0x00, 0x00, 0x00, 0x00, 0x00, 0x00, 0x00, 0x00, 0x00, 0x00, 0x00, 0x00,
	0x00, 0x00, 0x00, 0x00, 0x00, 0x00, 0x00, 0x00, 0x00, 0x00, 0x00, 0x00, 0x00, 0x00, 0x00, 0x00,
	0x55, 0x57, 0x56, 0x53, 0x48, 0x83, 0xec, 0x38, 0x48, 0x89, 0x4c, 0x24, 0x60, 0x4c, 0x89, 0x44,
	0x24, 0x70, 0x85, 0xd2, 0x0f, 0x85, 0x96, 0x00, 0x00, 0x00, 0x8b, 0x05, 0xf8, 0x5f, 0x00, 0x00,
	0x85, 0xc0, 0x0f, 0x8e, 0x6c, 0x01, 0x00, 0x00, 0x83, 0xe8, 0x01, 0x89, 0x05, 0xe7, 0x5f, 0x00,
	0x00, 0x65, 0x48, 0x8b, 0x04, 0x25, 0x30, 0x00, 0x00, 0x00, 0x48, 0x8b, 0x70, 0x08, 0x48, 0x8b,
	0x1d, 0xfb, 0x33, 0x00, 0x00, 0x48, 0x8b, 0x2d, 0x44, 0x82, 0x00, 0x00, 0xeb, 0x12, 0x66, 0x90,
	0x48, 0x39, 0xd6, 0x0f, 0x84, 0x77, 0x01, 0x00, 0x00, 0xb9, 0xe8, 0x03, 0x00, 0x00, 0xff, 0xd5,
	0x31, 0xc0, 0xf0, 0x48, 0x0f, 0xb1, 0x33, 0x48, 0x89, 0xc2, 0x48, 0x85, 0xc0, 0x75, 0xe1, 0x48,
	0x8b, 0x35, 0xda, 0x33, 0x00, 0x00, 0x83, 0x3e, 0x02, 0x0f, 0x85, 0x7e, 0x01, 0x00, 0x00, 0x48,
	0x8d, 0x0d, 0x7a, 0x5f, 0x00, 0x00, 0x48, 0x89, 0x54, 0x24, 0x28, 0xe8, 0x20, 0x1c, 0x00, 0x00,
	0x48, 0x8b, 0x54, 0x24, 0x28, 0xc7, 0x06, 0x00, 0x00, 0x00, 0x00, 0x48, 0x87, 0x13, 0x66, 0x90,
	0xbe, 0x01, 0x00, 0x00, 0x00, 0x89, 0xf0, 0x48, 0x83, 0xc4, 0x38, 0x5b, 0x5e, 0x5f, 0x5d, 0xc3,
	0x83, 0xfa, 0x01, 0x75, 0xeb, 0x65, 0x48, 0x8b, 0x04, 0x25, 0x30, 0x00, 0x00, 0x00, 0x48, 0x8b,
	0x70, 0x08, 0x48, 0x8b, 0x1d, 0x77, 0x33, 0x00, 0x00, 0x48, 0x8b, 0x2d, 0xc0, 0x81, 0x00, 0x00,
	0xeb, 0x16, 0x66, 0x0f, 0x1f, 0x44, 0x00, 0x00, 0x48, 0x39, 0xc6, 0x0f, 0x84, 0xdf, 0x00, 0x00,
	0x00, 0xb9, 0xe8, 0x03, 0x00, 0x00, 0xff, 0xd5, 0x31, 0xc0, 0xf0, 0x48, 0x0f, 0xb1, 0x33, 0x75,
	0xe7, 0x31, 0xed, 0x48, 0x8b, 0x3d, 0x56, 0x33, 0x00, 0x00, 0x8b, 0x07, 0x85, 0xc0, 0x0f, 0x85,
	0xf9, 0x00, 0x00, 0x00, 0xc7, 0x07, 0x01, 0x00, 0x00, 0x00, 0xe8, 0xe1, 0x0f, 0x00, 0x00, 0x48,
	0x8d, 0x0d, 0xea, 0x5e, 0x00, 0x00, 0xe8, 0xb5, 0x1a, 0x00, 0x00, 0x89, 0xc6, 0x85, 0xc0, 0x75,
	0x6f, 0x48, 0x8b, 0x15, 0x68, 0x33, 0x00, 0x00, 0x48, 0x8b, 0x0d, 0x51, 0x33, 0x00, 0x00, 0xe8,
	0x3c, 0x1a, 0x00, 0x00, 0x85, 0xc0, 0x75, 0x70, 0x48, 0x8b, 0x15, 0x31, 0x33, 0x00, 0x00, 0x48,
	0x8b, 0x0d, 0x1a, 0x33, 0x00, 0x00, 0xe8, 0xe5, 0x1b, 0x00, 0x00, 0xe8, 0x00, 0x0d, 0x00, 0x00,
	0xc7, 0x07, 0x02, 0x00, 0x00, 0x00, 0x85, 0xed, 0x0f, 0x84, 0x95, 0x00, 0x00, 0x00, 0x48, 0x8b,
	0x05, 0xab, 0x32, 0x00, 0x00, 0x48, 0x8b, 0x00, 0x48, 0x85, 0xc0, 0x74, 0x11, 0x4c, 0x8b, 0x44,
	0x24, 0x70, 0x48, 0x8b, 0x4c, 0x24, 0x60, 0xba, 0x02, 0x00, 0x00, 0x00, 0xff, 0xd0, 0x83, 0x05,
	0x93, 0x5e, 0x00, 0x00, 0x01, 0xe9, 0x16, 0xff, 0xff, 0xff, 0x66, 0x0f, 0x1f, 0x44, 0x00, 0x00,
	0x85, 0xed, 0x74, 0x1c, 0x31, 0xf6, 0x89, 0xf0, 0x48, 0x83, 0xc4, 0x38, 0x5b, 0x5e, 0x5f, 0x5d,
	0xc3, 0x0f, 0x1f, 0x80, 0x00, 0x00, 0x00, 0x00, 0x85, 0xed, 0x0f, 0x85, 0xf5, 0xfe, 0xff, 0xff,
	0x31, 0xc0, 0x48, 0x87, 0x03, 0x31, 0xf6, 0xeb, 0xdd, 0x0f, 0x1f, 0x80, 0x00, 0x00, 0x00, 0x00,
	0xbd, 0x01, 0x00, 0x00, 0x00, 0xe9, 0x29, 0xff, 0xff, 0xff, 0x66, 0x0f, 0x1f, 0x44, 0x00, 0x00,
	0x48, 0x8b, 0x1d, 0x79, 0x32, 0x00, 0x00, 0x83, 0x3b, 0x02, 0x75, 0x21, 0x48, 0x8d, 0x0d, 0x1d,
	0x5e, 0x00, 0x00, 0xe8, 0xc8, 0x1a, 0x00, 0x00, 0xc7, 0x03, 0x00, 0x00, 0x00, 0x00, 0xe9, 0xad,
	0xfe, 0xff, 0xff, 0x31, 0xc0, 0x48, 0x87, 0x03, 0xe9, 0x61, 0xff, 0xff, 0xff, 0xb9, 0x1f, 0x00,
	0x00, 0x00, 0xe8, 0x21, 0x1b, 0x00, 0x00, 0x90, 0x0f, 0x1f, 0x84, 0x00, 0x00, 0x00, 0x00, 0x00,
	0x55, 0x57, 0x56, 0x53, 0x48, 0x83, 0xec, 0x38, 0x48, 0x89, 0xce, 0x89, 0xd3, 0x4c, 0x89, 0xc5,
	0x83, 0xfa, 0x01, 0x74, 0x4b, 0x48, 0x8b, 0x3d, 0x04, 0x32, 0x00, 0x00, 0x89, 0x17, 0x85, 0xd2,
	0x0f, 0x85, 0xaa, 0x00, 0x00, 0x00, 0x8b, 0x05, 0xdc, 0x5d, 0x00, 0x00, 0x45, 0x31, 0xc9, 0x85,
	0xc0, 0x7e, 0x17, 0x31, 0xd2, 0xe8, 0x76, 0x0a, 0x00, 0x00, 0x49, 0x89, 0xe8, 0x89, 0xda, 0x48,
	0x89, 0xf1, 0xe8, 0xa9, 0xfd, 0xff, 0xff, 0x41, 0x89, 0xc1, 0x44, 0x89, 0xc8, 0xc7, 0x07, 0xff,
	0xff, 0xff, 0xff, 0x48, 0x83, 0xc4, 0x38, 0x5b, 0x5e, 0x5f, 0x5d, 0xc3, 0x0f, 0x1f, 0x40, 0x00,
	0x48, 0x8b, 0x05, 0xa9, 0x31, 0x00, 0x00, 0x48, 0x8b, 0x3d, 0xb2, 0x31, 0x00, 0x00, 0xc7, 0x00,
	0x00, 0x00, 0x00, 0x00, 0xc7, 0x07, 0x01, 0x00, 0x00, 0x00, 0x49, 0x89, 0xe8, 0x89, 0xda, 0x48,
	0x89, 0xf1, 0xe8, 0x69, 0xfd, 0xff, 0xff, 0x41, 0x89, 0xc1, 0x85, 0xc0, 0x74, 0xbc, 0x49, 0x89,
	0xe8, 0x89, 0xda, 0x48, 0x89, 0xf1, 0xe8, 0x15, 0x0a, 0x00, 0x00, 0x41, 0x89, 0xc1, 0x83, 0xfb,
	0x01, 0x75, 0xa7, 0x85, 0xc0, 0x75, 0xa3, 0x49, 0x89, 0xe8, 0x31, 0xd2, 0x48, 0x89, 0xf1, 0x44,
	0x89, 0x4c, 0x24, 0x2c, 0xe8, 0xf7, 0x09, 0x00, 0x00, 0x49, 0x89, 0xe8, 0x31, 0xd2, 0x48, 0x89,
	0xf1, 0xe8, 0x2a, 0xfd, 0xff, 0xff, 0x44, 0x8b, 0x4c, 0x24, 0x2c, 0xe9, 0x7a, 0xff, 0xff, 0xff,
	0x83, 0xfa, 0x02, 0x74, 0xa5, 0xe8, 0xd6, 0x09, 0x00, 0x00, 0x41, 0x89, 0xc1, 0x83, 0xfb, 0x03,
	0x0f, 0x85, 0x64, 0xff, 0xff, 0xff, 0xe9, 0x4f, 0xff, 0xff, 0xff, 0x0f, 0x1f, 0x44, 0x00, 0x00,
	0x48, 0x89, 0xca, 0x48, 0x8d, 0x0d, 0xf6, 0x5c, 0x00, 0x00, 0xe9, 0xe1, 0x18, 0x00, 0x00, 0x90,
	0x48, 0x8d, 0x0d, 0x09, 0x00, 0x00, 0x00, 0xe9, 0xe4, 0xff, 0xff, 0xff, 0x0f, 0x1f, 0x40, 0x00,
	0xc3, 0x90, 0x90, 0x90, 0x90, 0x90, 0x90, 0x90, 0x90, 0x90, 0x90, 0x90, 0x90, 0x90, 0x90, 0x90,
	0x55, 0x57, 0x56, 0x53, 0x48, 0x81, 0xec, 0x78, 0x04, 0x00, 0x00, 0x4c, 0x8d, 0x0d, 0xbe, 0x2c,
	0x00, 0x00, 0x4c, 0x8d, 0x05, 0xd7, 0x5c, 0x00, 0x00, 0x48, 0x8d, 0x15, 0xd8, 0x2c, 0x00, 0x00,
	0x48, 0x89, 0xcb, 0x48, 0x8d, 0x8c, 0x24, 0x60, 0x02, 0x00, 0x00, 0xff, 0x15, 0xf7, 0x7f, 0x00,
	0x00, 0xc7, 0x44, 0x24, 0x28, 0x80, 0x00, 0x00, 0x00, 0x45, 0x31, 0xc9, 0x41, 0xb8, 0x03, 0x00,
	0x00, 0x00, 0x48, 0xc7, 0x44, 0x24, 0x30, 0x00, 0x00, 0x00, 0x00, 0xba, 0x04, 0x00, 0x00, 0x00,
	0x48, 0x8d, 0x8c, 0x24, 0x60, 0x02, 0x00, 0x00, 0xc7, 0x44, 0x24, 0x20, 0x04, 0x00, 0x00, 0x00,
	0xff, 0x15, 0x72, 0x7e, 0x00, 0x00, 0x48, 0x89, 0xc6, 0x48, 0x83, 0xf8, 0xff, 0x0f, 0x84, 0x99,
	0x00, 0x00, 0x00, 0x48, 0xc7, 0x44, 0x24, 0x60, 0x00, 0x00, 0x00, 0x00, 0xc7, 0x44, 0x24, 0x58,
	0x00, 0x00, 0x00, 0x00, 0xc7, 0x44, 0x24, 0x5c, 0x00, 0x00, 0x00, 0x00, 0xff, 0x15, 0x6e, 0x7e,
	0x00, 0x00, 0x4c, 0x8d, 0x44, 0x24, 0x60, 0xba, 0x08, 0x00, 0x00, 0x00, 0x48, 0x89, 0xc1, 0xff,
	0x15, 0x1b, 0x7e, 0x00, 0x00, 0x85, 0xc0, 0x75, 0x77, 0x48, 0x8b, 0x3d, 0x20, 0x7e, 0x00, 0x00,
	0x41, 0xb9, 0xff, 0xff, 0xff, 0xff, 0x48, 0x8d, 0x6c, 0x24, 0x5c, 0x44, 0x89, 0x4c, 0x24, 0x4c,
	0xff, 0x15, 0x42, 0x7e, 0x00, 0x00, 0x44, 0x8b, 0x4c, 0x24, 0x4c, 0x48, 0x8d, 0x4c, 0x24, 0x60,
	0x48, 0x8d, 0x15, 0x2d, 0x2c, 0x00, 0x00, 0x41, 0x89, 0xc0, 0x48, 0x89, 0x5c, 0x24, 0x20, 0xff,
	0x15, 0x3b, 0x7f, 0x00, 0x00, 0x48, 0x89, 0xf1, 0x49, 0x89, 0xe9, 0x48, 0x8d, 0x54, 0x24, 0x60,
	0x89, 0x44, 0x24, 0x5c, 0x41, 0x89, 0xc0, 0x48, 0xc7, 0x44, 0x24, 0x20, 0x00, 0x00, 0x00, 0x00,
	0xff, 0x15, 0x82, 0x7e, 0x00, 0x00, 0x48, 0x89, 0xf1, 0xff, 0xd7, 0x90, 0x48, 0x81, 0xc4, 0x78,
	0x04, 0x00, 0x00, 0x5b, 0x5e, 0x5f, 0x5d, 0xc3, 0x0f, 0x1f, 0x84, 0x00, 0x00, 0x00, 0x00, 0x00,
	0x48, 0x8d, 0x6c, 0x24, 0x5c, 0x41, 0xb9, 0x04, 0x00, 0x00, 0x00, 0x48, 0x8b, 0x4c, 0x24, 0x60,
	0x4c, 0x8d, 0x44, 0x24, 0x58, 0xba, 0x14, 0x00, 0x00, 0x00, 0x48, 0x89, 0x6c, 0x24, 0x20, 0xff,
	0x15, 0x73, 0x7d, 0x00, 0x00, 0x48, 0x8b, 0x4c, 0x24, 0x60, 0x48, 0x8b, 0x3d, 0x7f, 0x7d, 0x00,
	0x00, 0xff, 0xd7, 0x8b, 0x44, 0x24, 0x58, 0x45, 0x31, 0xc9, 0x85, 0xc0, 0x41, 0x0f, 0x95, 0xc1,
	0xe9, 0x56, 0xff, 0xff, 0xff, 0x66, 0x66, 0x2e, 0x0f, 0x1f, 0x84, 0x00, 0x00, 0x00, 0x00, 0x00,
	0x53, 0x48, 0x81, 0xec, 0xf0, 0x00, 0x00, 0x00, 0x66, 0x0f, 0xef, 0xc0, 0x45, 0x31, 0xc9, 0x45,
	0x31, 0xc0, 0x48, 0x8d, 0x44, 0x24, 0x60, 0x48, 0x89, 0xca, 0x0f, 0x11, 0x84, 0x24, 0xb4, 0x00,
	0x00, 0x00, 0x31, 0xc9, 0x48, 0x89, 0x44, 0x24, 0x48, 0x48, 0x8d, 0x84, 0x24, 0x80, 0x00, 0x00,
	0x00, 0xc7, 0x84, 0x24, 0xe4, 0x00, 0x00, 0x00, 0x00, 0x00, 0x00, 0x00, 0xc7, 0x84, 0x24, 0x80,
	0x00, 0x00, 0x00, 0x68, 0x00, 0x00, 0x00, 0xc7, 0x84, 0x24, 0xbc, 0x00, 0x00, 0x00, 0x01, 0x00,
	0x00, 0x00, 0x48, 0xc7, 0x44, 0x24, 0x70, 0x00, 0x00, 0x00, 0x00, 0x48, 0x89, 0x44, 0x24, 0x40,
	0x48, 0xc7, 0x44, 0x24, 0x38, 0x00, 0x00, 0x00, 0x00, 0x48, 0xc7, 0x44, 0x24, 0x30, 0x00, 0x00,
	0x00, 0x00, 0xc7, 0x44, 0x24, 0x28, 0x00, 0x00, 0x00, 0x08, 0xc7, 0x44, 0x24, 0x20, 0x00, 0x00,
	0x00, 0x00, 0x0f, 0x11, 0x84, 0x24, 0x84, 0x00, 0x00, 0x00, 0x0f, 0x11, 0x84, 0x24, 0x94, 0x00,
	0x00, 0x00, 0x0f, 0x11, 0x84, 0x24, 0xa4, 0x00, 0x00, 0x00, 0x0f, 0x11, 0x84, 0x24, 0xc4, 0x00,
	0x00, 0x00, 0x0f, 0x11, 0x84, 0x24, 0xd4, 0x00, 0x00, 0x00, 0x0f, 0x29, 0x44, 0x24, 0x60, 0xff,
	0x15, 0xbb, 0x7c, 0x00, 0x00, 0x85, 0xc0, 0x74, 0x47, 0x48, 0x8b, 0x4c, 0x24, 0x60, 0xba, 0x80,
	0xee, 0x36, 0x00, 0xff, 0x15, 0x47, 0x7d, 0x00, 0x00, 0x48, 0x8d, 0x54, 0x24, 0x5c, 0x48, 0x8b,
	0x4c, 0x24, 0x60, 0xc7, 0x44, 0x24, 0x5c, 0x00, 0x00, 0x00, 0x00, 0xff, 0x15, 0xc7, 0x7c, 0x00,
	0x00, 0x48, 0x8b, 0x4c, 0x24, 0x60, 0x48, 0x8b, 0x1d, 0x73, 0x7c, 0x00, 0x00, 0xff, 0xd3, 0x48,
	0x8b, 0x4c, 0x24, 0x68, 0xff, 0xd3, 0x90, 0x48, 0x81, 0xc4, 0xf0, 0x00, 0x00, 0x00, 0x5b, 0xc3,
	0x48, 0x8d, 0x0d, 0xa1, 0x2a, 0x00, 0x00, 0xe8, 0x84, 0xfd, 0xff, 0xff, 0x90, 0x48, 0x81, 0xc4,
	0xf0, 0x00, 0x00, 0x00, 0x5b, 0xc3, 0x66, 0x2e, 0x0f, 0x1f, 0x84, 0x00, 0x00, 0x00, 0x00, 0x00,
	0x41, 0x57, 0xb8, 0xd8, 0x66, 0x00, 0x00, 0x41, 0x56, 0x41, 0x55, 0x41, 0x54, 0x55, 0x57, 0x56,
	0x53, 0xe8, 0x5a, 0x15, 0x00, 0x00, 0x48, 0x29, 0xc4, 0x41, 0xb8, 0x04, 0x01, 0x00, 0x00, 0x48,
	0x8d, 0x15, 0x3a, 0x5a, 0x00, 0x00, 0x48, 0x8d, 0x0d, 0x71, 0x2a, 0x00, 0x00, 0xff, 0x15, 0x4d,
	0x7c, 0x00, 0x00, 0x66, 0x83, 0x3d, 0x25, 0x5a, 0x00, 0x00, 0x00, 0x0f, 0x84, 0xff, 0x02, 0x00,
	0x00, 0x48, 0x8b, 0x3d, 0x50, 0x7d, 0x00, 0x00, 0x4c, 0x8d, 0x0d, 0x59, 0x2a, 0x00, 0x00, 0x4c,
	0x8d, 0x05, 0x0a, 0x5a, 0x00, 0x00, 0x48, 0x8d, 0x15, 0x0b, 0x2a, 0x00, 0x00, 0x48, 0x8d, 0x8c,
	0x24, 0xa0, 0x00, 0x00, 0x00, 0xff, 0xd7, 0x4c, 0x8d, 0x0d, 0x62, 0x2a, 0x00, 0x00, 0x4c, 0x8d,
	0x05, 0xeb, 0x59, 0x00, 0x00, 0x48, 0x8d, 0x15, 0xec, 0x29, 0x00, 0x00, 0x48, 0x8d, 0x8c, 0x24,
	0xb0, 0x02, 0x00, 0x00, 0xff, 0xd7, 0x45, 0x31, 0xc9, 0x41, 0xb8, 0x01, 0x00, 0x00, 0x00, 0xba,
	0x00, 0x00, 0x00, 0x80, 0x48, 0xc7, 0x44, 0x24, 0x30, 0x00, 0x00, 0x00, 0x00, 0x48, 0x8b, 0x2d,
	0xa4, 0x7b, 0x00, 0x00, 0x48, 0x8d, 0x8c, 0x24, 0xa0, 0x00, 0x00, 0x00, 0xc7, 0x44, 0x24, 0x28,
	0x00, 0x00, 0x00, 0x00, 0xc7, 0x44, 0x24, 0x20, 0x03, 0x00, 0x00, 0x00, 0xff, 0xd5, 0x48, 0x89,
	0xc3, 0x48, 0x83, 0xf8, 0xff, 0x0f, 0x84, 0x95, 0x02, 0x00, 0x00, 0x4c, 0x8d, 0x8c, 0x24, 0xd0,
	0x06, 0x00, 0x00, 0x41, 0xb8, 0xff, 0x3f, 0x00, 0x00, 0x48, 0x8d, 0x94, 0x24, 0xd0, 0x26, 0x00,
	0x00, 0x48, 0x89, 0xc1, 0xc7, 0x84, 0x24, 0xd0, 0x06, 0x00, 0x00, 0x00, 0x00, 0x00, 0x00, 0x48,
	0xc7, 0x44, 0x24, 0x20, 0x00, 0x00, 0x00, 0x00, 0xff, 0x15, 0xca, 0x7b, 0x00, 0x00, 0x8b, 0x84,
	0x24, 0xd0, 0x06, 0x00, 0x00, 0x48, 0x89, 0xd9, 0x4c, 0x8b, 0x25, 0x31, 0x7b, 0x00, 0x00, 0xc6,
	0x84, 0x04, 0xd0, 0x26, 0x00, 0x00, 0x00, 0x41, 0xff, 0xd4, 0xba, 0x0a, 0x00, 0x00, 0x00, 0x48,
	0x8d, 0x8c, 0x24, 0xd0, 0x26, 0x00, 0x00, 0xe8, 0x8c, 0x16, 0x00, 0x00, 0x48, 0x89, 0xc3, 0x48,
	0x85, 0xc0, 0x0f, 0x84, 0x98, 0x05, 0x00, 0x00, 0xc6, 0x00, 0x00, 0x80, 0xbc, 0x24, 0xd0, 0x26,
	0x00, 0x00, 0x00, 0x75, 0x1d, 0xeb, 0x32, 0x66, 0x0f, 0x1f, 0x84, 0x00, 0x00, 0x00, 0x00, 0x00,
	0xc6, 0x84, 0x04, 0xcf, 0x26, 0x00, 0x00, 0x00, 0x80, 0xbc, 0x24, 0xd0, 0x26, 0x00, 0x00, 0x00,
	0x74, 0x17, 0x48, 0x8d, 0x8c, 0x24, 0xd0, 0x26, 0x00, 0x00, 0xe8, 0x51, 0x16, 0x00, 0x00, 0x80,
	0xbc, 0x04, 0xcf, 0x26, 0x00, 0x00, 0x0d, 0x74, 0xd7, 0x48, 0x8d, 0x73, 0x01, 0xba, 0x0a, 0x00,
	0x00, 0x00, 0x48, 0x89, 0xf1, 0xe8, 0x2e, 0x16, 0x00, 0x00, 0x49, 0x89, 0xc5, 0x48, 0x85, 0xc0,
	0x0f, 0x84, 0x1a, 0x01, 0x00, 0x00, 0xc6, 0x00, 0x00, 0x80, 0x7b, 0x01, 0x00, 0x75, 0x13, 0xeb,
	0x1f, 0x0f, 0x1f, 0x80, 0x00, 0x00, 0x00, 0x00, 0xc6, 0x04, 0x03, 0x00, 0x80, 0x7b, 0x01, 0x00,
	0x74, 0x0e, 0x48, 0x89, 0xf1, 0xe8, 0x06, 0x16, 0x00, 0x00, 0x80, 0x3c, 0x03, 0x0d, 0x74, 0xe8,
	0x41, 0x80, 0x7d, 0x01, 0x00, 0x0f, 0x84, 0xe5, 0x00, 0x00, 0x00, 0x4c, 0x8d, 0x05, 0x3e, 0x29,
	0x00, 0x00, 0x48, 0x8d, 0x15, 0x57, 0x29, 0x00, 0x00, 0x48, 0x8d, 0x8c, 0x24, 0xd0, 0x06, 0x00,
	0x00, 0xff, 0xd7, 0x48, 0x8d, 0x84, 0x24, 0x80, 0x00, 0x00, 0x00, 0x66, 0x0f, 0xef, 0xc0, 0x31,
	0xc9, 0x48, 0x89, 0x44, 0x24, 0x48, 0x48, 0x8d, 0x84, 0x24, 0xc0, 0x04, 0x00, 0x00, 0x45, 0x31,
	0xc9, 0x45, 0x31, 0xc0, 0x0f, 0x11, 0x84, 0x24, 0xf4, 0x04, 0x00, 0x00, 0x48, 0x8d, 0x94, 0x24,
	0xd0, 0x06, 0x00, 0x00, 0xc7, 0x84, 0x24, 0x24, 0x05, 0x00, 0x00, 0x00, 0x00, 0x00, 0x00, 0xc7,
	0x84, 0x24, 0xc0, 0x04, 0x00, 0x00, 0x68, 0x00, 0x00, 0x00, 0xc7, 0x84, 0x24, 0xfc, 0x04, 0x00,
	0x00, 0x01, 0x00, 0x00, 0x00, 0x48, 0xc7, 0x84, 0x24, 0x90, 0x00, 0x00, 0x00, 0x00, 0x00, 0x00,
	0x00, 0x48, 0x89, 0x44, 0x24, 0x40, 0x48, 0xc7, 0x44, 0x24, 0x38, 0x00, 0x00, 0x00, 0x00, 0x48,
	0xc7, 0x44, 0x24, 0x30, 0x00, 0x00, 0x00, 0x00, 0xc7, 0x44, 0x24, 0x28, 0x00, 0x00, 0x00, 0x08,
	0xc7, 0x44, 0x24, 0x20, 0x00, 0x00, 0x00, 0x00, 0x0f, 0x11, 0x84, 0x24, 0xc4, 0x04, 0x00, 0x00,
	0x0f, 0x11, 0x84, 0x24, 0xd4, 0x04, 0x00, 0x00, 0x0f, 0x11, 0x84, 0x24, 0xe4, 0x04, 0x00, 0x00,
	0x0f, 0x11, 0x84, 0x24, 0x04, 0x05, 0x00, 0x00, 0x0f, 0x11, 0x84, 0x24, 0x14, 0x05, 0x00, 0x00,
	0x0f, 0x29, 0x84, 0x24, 0x80, 0x00, 0x00, 0x00, 0xff, 0x15, 0xb2, 0x79, 0x00, 0x00, 0x85, 0xc0,
	0x0f, 0x85, 0xca, 0x00, 0x00, 0x00, 0x66, 0x2e, 0x0f, 0x1f, 0x84, 0x00, 0x00, 0x00, 0x00, 0x00,
	0x80, 0xbc, 0x24, 0xd0, 0x26, 0x00, 0x00, 0x00, 0x74, 0x47, 0x80, 0x7b, 0x01, 0x00, 0x0f, 0x85,
	0x7c, 0x02, 0x00, 0x00, 0xba, 0x00, 0x20, 0x00, 0x00, 0x31, 0xc9, 0xff, 0x15, 0xdf, 0x79, 0x00,
	0x00, 0x48, 0x89, 0xc3, 0x48, 0x85, 0xc0, 0x74, 0x28, 0x4c, 0x8d, 0x84, 0x24, 0xd0, 0x26, 0x00,
	0x00, 0x48, 0x8d, 0x15, 0xfa, 0x28, 0x00, 0x00, 0x48, 0x89, 0xd9, 0xff, 0xd7, 0x48, 0x89, 0xd9,
	0xe8, 0xeb, 0xfb, 0xff, 0xff, 0x48, 0x8b, 0x35, 0xbc, 0x79, 0x00, 0x00, 0x48, 0x89, 0xd9, 0xff,
	0xd6, 0x48, 0x8b, 0x1d, 0x58, 0x79, 0x00, 0x00, 0x48, 0x8d, 0x8c, 0x24, 0xa0, 0x00, 0x00, 0x00,
	0xff, 0xd3, 0x48, 0x8d, 0x8c, 0x24, 0xb0, 0x02, 0x00, 0x00, 0xff, 0xd3, 0x48, 0x8d, 0x0d, 0x05,
	0x29, 0x00, 0x00, 0xe8, 0x48, 0xfa, 0xff, 0xff, 0x90, 0x48, 0x81, 0xc4, 0xd8, 0x66, 0x00, 0x00,
	0x5b, 0x5e, 0x5f, 0x5d, 0x41, 0x5c, 0x41, 0x5d, 0x41, 0x5e, 0x41, 0x5f, 0xc3, 0x0f, 0x1f, 0x00,
	0x48, 0x8d, 0x15, 0x19, 0x57, 0x00, 0x00, 0xb9, 0x04, 0x01, 0x00, 0x00, 0xff, 0x15, 0x46, 0x79,
	0x00, 0x00, 0xe9, 0xea, 0xfc, 0xff, 0xff, 0x66, 0x0f, 0x1f, 0x84, 0x00, 0x00, 0x00, 0x00, 0x00,
	0x48, 0x8d, 0x0d, 0x8f, 0x27, 0x00, 0x00, 0xe8, 0x04, 0xfa, 0xff, 0xff, 0xeb, 0xbb, 0x66, 0x90,
	0x48, 0x8b, 0x8c, 0x24, 0x80, 0x00, 0x00, 0x00, 0xba, 0x20, 0x4e, 0x00, 0x00, 0x4d, 0x8d, 0x75,
	0x01, 0xff, 0x15, 0x69, 0x79, 0x00, 0x00, 0x48, 0x8d, 0x54, 0x24, 0x7c, 0x48, 0x8b, 0x8c, 0x24,
	0x80, 0x00, 0x00, 0x00, 0xc7, 0x44, 0x24, 0x7c, 0x00, 0x00, 0x00, 0x00, 0xff, 0x15, 0xe6, 0x78,
	0x00, 0x00, 0x48, 0x8b, 0x8c, 0x24, 0x80, 0x00, 0x00, 0x00, 0x41, 0xff, 0xd4, 0x48, 0x8b, 0x8c,
	0x24, 0x88, 0x00, 0x00, 0x00, 0x41, 0xff, 0xd4, 0x8b, 0x54, 0x24, 0x7c, 0x85, 0xd2, 0x0f, 0x84,
	0xec, 0xfe, 0xff, 0xff, 0x4c, 0x8d, 0x0d, 0x9d, 0x27, 0x00, 0x00, 0x4c, 0x8d, 0x05, 0x8e, 0x56,
	0x00, 0x00, 0x48, 0x8d, 0x15, 0x8f, 0x26, 0x00, 0x00, 0x48, 0x8d, 0x8c, 0x24, 0xc0, 0x04, 0x00,
	0x00, 0xff, 0xd7, 0xc7, 0x44, 0x24, 0x28, 0x00, 0x00, 0x00, 0x00, 0x4d, 0x89, 0xf0, 0x31, 0xd2,
	0x48, 0xc7, 0x44, 0x24, 0x20, 0x00, 0x00, 0x00, 0x00, 0x41, 0xb9, 0xff, 0xff, 0xff, 0xff, 0xb9,
	0xe9, 0xfd, 0x00, 0x00, 0x4c, 0x8b, 0x3d, 0xb5, 0x78, 0x00, 0x00, 0x41, 0xff, 0xd7, 0x41, 0x89,
	0xc5, 0x85, 0xc0, 0x0f, 0x8e, 0xf0, 0x00, 0x00, 0x00, 0x89, 0xc2, 0x31, 0xc9, 0x48, 0x01, 0xd2,
	0xff, 0x15, 0x8a, 0x78, 0x00, 0x00, 0x48, 0x89, 0x44, 0x24, 0x58, 0x48, 0x85, 0xc0, 0x0f, 0x84,
	0xd5, 0x00, 0x00, 0x00, 0x41, 0xb9, 0xff, 0xff, 0xff, 0xff, 0x4d, 0x89, 0xf0, 0x31, 0xd2, 0xb9,
	0xe9, 0xfd, 0x00, 0x00, 0x44, 0x89, 0x6c, 0x24, 0x28, 0x48, 0x89, 0x44, 0x24, 0x20, 0x41, 0xff,
	0xd7, 0x45, 0x31, 0xc9, 0x45, 0x31, 0xc0, 0xba, 0x00, 0x00, 0x00, 0x40, 0x48, 0x8d, 0x8c, 0x24,
	0xc0, 0x04, 0x00, 0x00, 0xc7, 0x44, 0x24, 0x28, 0x80, 0x00, 0x00, 0x00, 0x48, 0xc7, 0x44, 0x24,
	0x30, 0x00, 0x00, 0x00, 0x00, 0xc7, 0x44, 0x24, 0x20, 0x02, 0x00, 0x00, 0x00, 0xff, 0xd5, 0x48,
	0x89, 0xc1, 0x48, 0x83, 0xf8, 0xff, 0x0f, 0x84, 0x57, 0x02, 0x00, 0x00, 0xb8, 0xff, 0xfe, 0xff,
	0xff, 0x4c, 0x8b, 0x15, 0x60, 0x78, 0x00, 0x00, 0x48, 0x89, 0x4c, 0x24, 0x68, 0x4c, 0x8d, 0x8c,
	0x24, 0xd0, 0x06, 0x00, 0x00, 0x41, 0xb8, 0x02, 0x00, 0x00, 0x00, 0x48, 0x8d, 0x94, 0x24, 0x80,
	0x00, 0x00, 0x00, 0x66, 0x89, 0x84, 0x24, 0x80, 0x00, 0x00, 0x00, 0x4c, 0x89, 0x54, 0x24, 0x60,
	0x48, 0xc7, 0x44, 0x24, 0x20, 0x00, 0x00, 0x00, 0x00, 0x41, 0xff, 0xd2, 0x4c, 0x8b, 0x74, 0x24,
	0x58, 0x48, 0x8b, 0x4c, 0x24, 0x68, 0x4c, 0x8d, 0x8c, 0x24, 0xd0, 0x06, 0x00, 0x00, 0x48, 0xc7,
	0x44, 0x24, 0x20, 0x00, 0x00, 0x00, 0x00, 0x47, 0x8d, 0x44, 0x2d, 0xfe, 0x48, 0x89, 0x4c, 0x24,
	0x58, 0x4c, 0x89, 0xf2, 0xff, 0x54, 0x24, 0x60, 0x48, 0x8b, 0x4c, 0x24, 0x58, 0x41, 0xff, 0xd4,
	0x4c, 0x89, 0xf1, 0xff, 0x15, 0xaf, 0x77, 0x00, 0x00, 0x48, 0x8d, 0x8c, 0x24, 0xd0, 0x06, 0x00,
	0x00, 0x4c, 0x8d, 0x8c, 0x24, 0xc0, 0x04, 0x00, 0x00, 0x4c, 0x8d, 0x05, 0xf0, 0x25, 0x00, 0x00,
	0x48, 0x8d, 0x15, 0x69, 0x26, 0x00, 0x00, 0xff, 0xd7, 0x48, 0x8d, 0x8c, 0x24, 0xd0, 0x06, 0x00,
	0x00, 0xe8, 0xaa, 0xf9, 0xff, 0xff, 0xe9, 0x75, 0xfd, 0xff, 0xff, 0x0f, 0x1f, 0x44, 0x00, 0x00,
	0x41, 0xb9, 0xff, 0xff, 0xff, 0xff, 0x49, 0x89, 0xf0, 0x31, 0xd2, 0xb9, 0xe9, 0xfd, 0x00, 0x00,
	0x4c, 0x8b, 0x15, 0x69, 0x77, 0x00, 0x00, 0xc7, 0x44, 0x24, 0x28, 0x00, 0x00, 0x00, 0x00, 0x48,
	0xc7, 0x44, 0x24, 0x20, 0x00, 0x00, 0x00, 0x00, 0x4c, 0x89, 0x54, 0x24, 0x60, 0x41, 0xff, 0xd2,
	0x48, 0x8b, 0x1d, 0x39, 0x77, 0x00, 0x00, 0x31, 0xc9, 0x8d, 0x50, 0x08, 0x89, 0x44, 0x24, 0x58,
	0x48, 0x63, 0xd2, 0x48, 0x01, 0xd2, 0xff, 0xd3, 0x49, 0x89, 0xc5, 0x48, 0x85, 0xc0, 0x0f, 0x84,
	0x1c, 0x01, 0x00, 0x00, 0x44, 0x8b, 0x44, 0x24, 0x58, 0x41, 0xb9, 0xff, 0xff, 0xff, 0xff, 0x31,
	0xd2, 0xb9, 0xe9, 0xfd, 0x00, 0x00, 0x48, 0x89, 0x44, 0x24, 0x20, 0x44, 0x89, 0x44, 0x24, 0x28,
	0x49, 0x89, 0xf0, 0xff, 0x54, 0x24, 0x60, 0xba, 0x00, 0x20, 0x00, 0x00, 0x31, 0xc9, 0xff, 0xd3,
	0x48, 0x89, 0xc3, 0x48, 0x85, 0xc0, 0x0f, 0x84, 0xd1, 0x00, 0x00, 0x00, 0x4c, 0x8d, 0x84, 0x24,
	0xd0, 0x26, 0x00, 0x00, 0x48, 0x8d, 0x15, 0x07, 0x26, 0x00, 0x00, 0x48, 0x89, 0xc1, 0xff, 0xd7,
	0x4d, 0x89, 0xe8, 0x48, 0x8d, 0x15, 0x14, 0x26, 0x00, 0x00, 0x48, 0x8d, 0x8c, 0x24, 0xd0, 0x06,
	0x00, 0x00, 0xff, 0xd7, 0x48, 0x8d, 0x94, 0x24, 0xd0, 0x06, 0x00, 0x00, 0x48, 0x89, 0xd9, 0xff,
	0x15, 0xfb, 0x76, 0x00, 0x00, 0x48, 0x89, 0xd9, 0xe8, 0xd3, 0xf8, 0xff, 0xff, 0x45, 0x31, 0xc9,
	0xba, 0x04, 0x00, 0x00, 0x00, 0x4c, 0x89, 0xe9, 0x48, 0xc7, 0x44, 0x24, 0x30, 0x00, 0x00, 0x00,
	0x00, 0x41, 0xb8, 0x03, 0x00, 0x00, 0x00, 0xc7, 0x44, 0x24, 0x28, 0x80, 0x00, 0x00, 0x00, 0xc7,
	0x44, 0x24, 0x20, 0x04, 0x00, 0x00, 0x00, 0xff, 0xd5, 0x48, 0x89, 0xc6, 0x48, 0x83, 0xf8, 0xff,
	0x74, 0x4a, 0x45, 0x31, 0xc0, 0x48, 0x8d, 0x15, 0xcc, 0x25, 0x00, 0x00, 0x48, 0x8d, 0x8c, 0x24,
	0xd0, 0x06, 0x00, 0x00, 0xff, 0x15, 0x36, 0x77, 0x00, 0x00, 0x48, 0x89, 0xf1, 0x48, 0xc7, 0x44,
	0x24, 0x20, 0x00, 0x00, 0x00, 0x00, 0x4c, 0x8d, 0x8c, 0x24, 0xc0, 0x04, 0x00, 0x00, 0x89, 0x84,
	0x24, 0xc0, 0x04, 0x00, 0x00, 0x41, 0x89, 0xc0, 0x48, 0x8d, 0x94, 0x24, 0xd0, 0x06, 0x00, 0x00,
	0xff, 0x15, 0x72, 0x76, 0x00, 0x00, 0x48, 0x89, 0xf1, 0x41, 0xff, 0xd4, 0x48, 0x8b, 0x35, 0x25,
	0x76, 0x00, 0x00, 0x4c, 0x89, 0xe9, 0xff, 0xd6, 0xe9, 0x5f, 0xfc, 0xff, 0xff, 0x4c, 0x89, 0xe9,
	0xff, 0x15, 0x12, 0x76, 0x00, 0x00, 0xe9, 0x56, 0xfc, 0xff, 0xff, 0x0f, 0x1f, 0x44, 0x00, 0x00,
	0xba, 0x00, 0x20, 0x00, 0x00, 0x31, 0xc9, 0xff, 0xd3, 0x48, 0x89, 0xc3, 0x48, 0x85, 0xc0, 0x0f,
	0x85, 0x14, 0xfc, 0xff, 0xff, 0xe9, 0x37, 0xfc, 0xff, 0xff, 0x66, 0x0f, 0x1f, 0x44, 0x00, 0x00,
	0x80, 0xbc, 0x24, 0xd0, 0x26, 0x00, 0x00, 0x00, 0x0f, 0x85, 0xe6, 0xfb, 0xff, 0xff, 0xe9, 0x1e,
	0xfc, 0xff, 0xff, 0x48, 0x8b, 0x4c, 0x24, 0x58, 0xff, 0x15, 0xca, 0x75, 0x00, 0x00, 0xe9, 0x16,
	0xfe, 0xff, 0xff, 0x66, 0x90, 0x66, 0x66, 0x2e, 0x0f, 0x1f, 0x84, 0x00, 0x00, 0x00, 0x00, 0x00,
	0x48, 0x83, 0xec, 0x28, 0x83, 0xfa, 0x01, 0x74, 0x0f, 0xb8, 0x01, 0x00, 0x00, 0x00, 0x48, 0x83,
	0xc4, 0x28, 0xc3, 0x0f, 0x1f, 0x44, 0x00, 0x00, 0x41, 0xb8, 0x04, 0x01, 0x00, 0x00, 0x48, 0x8d,
	0x15, 0x3b, 0x53, 0x00, 0x00, 0x48, 0x8d, 0x0d, 0x72, 0x23, 0x00, 0x00, 0xff, 0x15, 0x4e, 0x75,
	0x00, 0x00, 0x66, 0x83, 0x3d, 0x26, 0x53, 0x00, 0x00, 0x00, 0x74, 0x1c, 0x48, 0x8d, 0x0d, 0xef,
	0x24, 0x00, 0x00, 0xe8, 0x28, 0xf6, 0xff, 0xff, 0xb8, 0x01, 0x00, 0x00, 0x00, 0x48, 0x83, 0xc4,
	0x28, 0xc3, 0x66, 0x0f, 0x1f, 0x44, 0x00, 0x00, 0x48, 0x8d, 0x15, 0x01, 0x53, 0x00, 0x00, 0xb9,
	0x04, 0x01, 0x00, 0x00, 0xff, 0x15, 0x2e, 0x75, 0x00, 0x00, 0xeb, 0xd0, 0x0f, 0x1f, 0x40, 0x00,
	0x48, 0x83, 0xec, 0x28, 0xe8, 0x87, 0xf8, 0xff, 0xff, 0xb8, 0x54, 0x01, 0x04, 0x80, 0x48, 0x83,
	0xc4, 0x28, 0xc3, 0x66, 0x90, 0x66, 0x66, 0x2e, 0x0f, 0x1f, 0x84, 0x00, 0x00, 0x00, 0x00, 0x00,
	0xb8, 0x01, 0x00, 0x00, 0x00, 0xc3, 0x66, 0x2e, 0x0f, 0x1f, 0x84, 0x00, 0x00, 0x00, 0x00, 0x00,
	0x31, 0xc0, 0xc3, 0x66, 0x90, 0x66, 0x66, 0x2e, 0x0f, 0x1f, 0x84, 0x00, 0x00, 0x00, 0x00, 0x00,
	0x31, 0xc0, 0xc3, 0x90, 0x90, 0x90, 0x90, 0x90, 0x90, 0x90, 0x90, 0x90, 0x90, 0x90, 0x90, 0x90,
	0x48, 0x83, 0xec, 0x28, 0x48, 0x8b, 0x05, 0x85, 0x12, 0x00, 0x00, 0x48, 0x8b, 0x00, 0x48, 0x85,
	0xc0, 0x74, 0x2a, 0x66, 0x90, 0x66, 0x66, 0x2e, 0x0f, 0x1f, 0x84, 0x00, 0x00, 0x00, 0x00, 0x00,
	0xff, 0xd0, 0x48, 0x8b, 0x05, 0x67, 0x12, 0x00, 0x00, 0x48, 0x8d, 0x50, 0x08, 0x48, 0x8b, 0x40,
	0x08, 0x48, 0x89, 0x15, 0x58, 0x12, 0x00, 0x00, 0x48, 0x85, 0xc0, 0x75, 0xe3, 0x48, 0x83, 0xc4,
	0x28, 0xc3, 0x0f, 0x1f, 0x00, 0x66, 0x66, 0x2e, 0x0f, 0x1f, 0x84, 0x00, 0x00, 0x00, 0x00, 0x00,
	0x56, 0x53, 0x48, 0x83, 0xec, 0x28, 0x48, 0x8b, 0x15, 0xf3, 0x25, 0x00, 0x00, 0x48, 0x8b, 0x02,
	0x89, 0xc1, 0x83, 0xf8, 0xff, 0x74, 0x39, 0x85, 0xc9, 0x74, 0x20, 0x89, 0xc8, 0x83, 0xe9, 0x01,
	0x48, 0x8d, 0x1c, 0xc2, 0x48, 0x29, 0xc8, 0x48, 0x8d, 0x74, 0xc2, 0xf8, 0x0f, 0x1f, 0x40, 0x00,
	0xff, 0x13, 0x48, 0x83, 0xeb, 0x08, 0x48, 0x39, 0xf3, 0x75, 0xf5, 0x48, 0x8d, 0x0d, 0x6e, 0xff,
	0xff, 0xff, 0x48, 0x83, 0xc4, 0x28, 0x5b, 0x5e, 0xe9, 0xe3, 0xf4, 0xff, 0xff, 0x0f, 0x1f, 0x00,
	0x31, 0xc0, 0x0f, 0x1f, 0x00, 0x66, 0x66, 0x2e, 0x0f, 0x1f, 0x84, 0x00, 0x00, 0x00, 0x00, 0x00,
	0x44, 0x8d, 0x40, 0x01, 0x89, 0xc1, 0x4c, 0x89, 0xc0, 0x4a, 0x83, 0x3c, 0xc2, 0x00, 0x75, 0xf0,
	0xeb, 0xa5, 0x0f, 0x1f, 0x00, 0x66, 0x66, 0x2e, 0x0f, 0x1f, 0x84, 0x00, 0x00, 0x00, 0x00, 0x00,
	0x8b, 0x05, 0xea, 0x53, 0x00, 0x00, 0x85, 0xc0, 0x74, 0x06, 0xc3, 0x0f, 0x1f, 0x44, 0x00, 0x00,
	0xc7, 0x05, 0xd6, 0x53, 0x00, 0x00, 0x01, 0x00, 0x00, 0x00, 0xe9, 0x61, 0xff, 0xff, 0xff, 0x90,
	0x83, 0xfa, 0x03, 0x74, 0x0b, 0x85, 0xd2, 0x74, 0x07, 0xc3, 0x66, 0x0f, 0x1f, 0x44, 0x00, 0x00,
	0xe9, 0xcb, 0x07, 0x00, 0x00, 0x66, 0x66, 0x2e, 0x0f, 0x1f, 0x84, 0x00, 0x00, 0x00, 0x00, 0x00,
	0x56, 0x53, 0x48, 0x83, 0xec, 0x28, 0x48, 0x8b, 0x05, 0x23, 0x25, 0x00, 0x00, 0x83, 0x38, 0x02,
	0x74, 0x06, 0xc7, 0x00, 0x02, 0x00, 0x00, 0x00, 0x83, 0xfa, 0x02, 0x74, 0x13, 0x83, 0xfa, 0x01,
	0x74, 0x4e, 0x48, 0x83, 0xc4, 0x28, 0x5b, 0x5e, 0xc3, 0x0f, 0x1f, 0x80, 0x00, 0x00, 0x00, 0x00,
	0x48, 0x8d, 0x1d, 0xa9, 0x28, 0x00, 0x00, 0x48, 0x8d, 0x35, 0xa2, 0x28, 0x00, 0x00, 0x48, 0x39,
	0xf3, 0x74, 0xdf, 0x66, 0x90, 0x66, 0x66, 0x2e, 0x0f, 0x1f, 0x84, 0x00, 0x00, 0x00, 0x00, 0x00,
	0x48, 0x8b, 0x03, 0x48, 0x85, 0xc0, 0x74, 0x02, 0xff, 0xd0, 0x48, 0x83, 0xc3, 0x08, 0x48, 0x39,
	0xf3, 0x75, 0xed, 0x48, 0x83, 0xc4, 0x28, 0x5b, 0x5e, 0xc3, 0x66, 0x0f, 0x1f, 0x44, 0x00, 0x00,
	0x48, 0x83, 0xc4, 0x28, 0x5b, 0x5e, 0xe9, 0x45, 0x07, 0x00, 0x00, 0x0f, 0x1f, 0x44, 0x00, 0x00,
	0x31, 0xc0, 0xc3, 0x90, 0x90, 0x90, 0x90, 0x90, 0x90, 0x90, 0x90, 0x90, 0x90, 0x90, 0x90, 0x90,
	0x56, 0x53, 0x48, 0x83, 0xec, 0x38, 0x48, 0x89, 0xcb, 0x48, 0x8d, 0x44, 0x24, 0x58, 0xb9, 0x02,
	0x00, 0x00, 0x00, 0x4c, 0x89, 0x44, 0x24, 0x60, 0x4c, 0x89, 0x4c, 0x24, 0x68, 0x48, 0x89, 0x54,
	0x24, 0x58, 0x48, 0x89, 0x44, 0x24, 0x28, 0xe8, 0x64, 0x0c, 0x00, 0x00, 0x48, 0x8d, 0x15, 0x0d,
	0x23, 0x00, 0x00, 0x48, 0x89, 0xc1, 0xe8, 0xfd, 0x0d, 0x00, 0x00, 0x48, 0x8b, 0x74, 0x24, 0x28,
	0xb9, 0x02, 0x00, 0x00, 0x00, 0xe8, 0x46, 0x0c, 0x00, 0x00, 0x48, 0x89, 0xda, 0x49, 0x89, 0xf0,
	0x48, 0x89, 0xc1, 0xe8, 0x18, 0x0e, 0x00, 0x00, 0xe8, 0xcb, 0x0d, 0x00, 0x00, 0x90, 0x66, 0x90,
	0x57, 0x56, 0x53, 0x48, 0x83, 0xec, 0x50, 0x8b, 0x35, 0xf7, 0x52, 0x00, 0x00, 0x48, 0x89, 0xcb,
	0x85, 0xf6, 0x0f, 0x8e, 0x18, 0x01, 0x00, 0x00, 0x48, 0x8b, 0x05, 0xe9, 0x52, 0x00, 0x00, 0x45,
	0x31, 0xc9, 0x48, 0x83, 0xc0, 0x18, 0x66, 0x2e, 0x0f, 0x1f, 0x84, 0x00, 0x00, 0x00, 0x00, 0x00,
	0x4c, 0x8b, 0x00, 0x4c, 0x39, 0xc3, 0x72, 0x13, 0x48, 0x8b, 0x50, 0x08, 0x8b, 0x52, 0x08, 0x49,
	0x01, 0xd0, 0x4c, 0x39, 0xc3, 0x0f, 0x82, 0x8a, 0x00, 0x00, 0x00, 0x41, 0x83, 0xc1, 0x01, 0x48,
	0x83, 0xc0, 0x28, 0x41, 0x39, 0xf1, 0x75, 0xd8, 0x48, 0x89, 0xd9, 0xe8, 0xb0, 0x08, 0x00, 0x00,
	0x48, 0x89, 0xc7, 0x48, 0x85, 0xc0, 0x0f, 0x84, 0xe6, 0x00, 0x00, 0x00, 0x48, 0x8b, 0x05, 0x95,
	0x52, 0x00, 0x00, 0x48, 0x8d, 0x1c, 0xb6, 0x48, 0xc1, 0xe3, 0x03, 0x48, 0x01, 0xd8, 0x48, 0x89,
	0x78, 0x20, 0xc7, 0x00, 0x00, 0x00, 0x00, 0x00, 0xe8, 0xa3, 0x09, 0x00, 0x00, 0x8b, 0x57, 0x0c,
	0x41, 0xb8, 0x30, 0x00, 0x00, 0x00, 0x48, 0x8d, 0x0c, 0x10, 0x48, 0x8b, 0x05, 0x67, 0x52, 0x00,
	0x00, 0x48, 0x8d, 0x54, 0x24, 0x20, 0x48, 0x89, 0x4c, 0x18, 0x18, 0xff, 0x15, 0x77, 0x72, 0x00,
	0x00, 0x48, 0x85, 0xc0, 0x0f, 0x84, 0x7d, 0x00, 0x00, 0x00, 0x8b, 0x44, 0x24, 0x44, 0x8d, 0x50,
	0xfc, 0x83, 0xe2, 0xfb, 0x74, 0x08, 0x8d, 0x50, 0xc0, 0x83, 0xe2, 0xbf, 0x75, 0x12, 0x83, 0x05,
	0x2f, 0x52, 0x00, 0x00, 0x01, 0x48, 0x83, 0xc4, 0x50, 0x5b, 0x5e, 0x5f, 0xc3, 0x0f, 0x1f, 0x00,
	0x83, 0xf8, 0x02, 0x48, 0x8b, 0x4c, 0x24, 0x20, 0x48, 0x8b, 0x54, 0x24, 0x38, 0x41, 0xb8, 0x40,
	0x00, 0x00, 0x00, 0xb8, 0x04, 0x00, 0x00, 0x00, 0x44, 0x0f, 0x44, 0xc0, 0x48, 0x03, 0x1d, 0x05,
	0x52, 0x00, 0x00, 0x48, 0x89, 0x4b, 0x08, 0x49, 0x89, 0xd9, 0x48, 0x89, 0x53, 0x10, 0xff, 0x15,
	0x0c, 0x72, 0x00, 0x00, 0x85, 0xc0, 0x75, 0xb6, 0xff, 0x15, 0xb2, 0x71, 0x00, 0x00, 0x48, 0x8d,
	0x0d, 0x33, 0x22, 0x00, 0x00, 0x89, 0xc2, 0xe8, 0x74, 0xfe, 0xff, 0xff, 0x0f, 0x1f, 0x40, 0x00,
	0x31, 0xf6, 0xe9, 0x21, 0xff, 0xff, 0xff, 0x48, 0x8b, 0x05, 0xca, 0x51, 0x00, 0x00, 0x8b, 0x57,
	0x08, 0x48, 0x8d, 0x0d, 0xd8, 0x21, 0x00, 0x00, 0x4c, 0x8b, 0x44, 0x18, 0x18, 0xe8, 0x4e, 0xfe,
	0xff, 0xff, 0x48, 0x89, 0xda, 0x48, 0x8d, 0x0d, 0xa4, 0x21, 0x00, 0x00, 0xe8, 0x3f, 0xfe, 0xff,
	0xff, 0x90, 0x0f, 0x1f, 0x00, 0x66, 0x66, 0x2e, 0x0f, 0x1f, 0x84, 0x00, 0x00, 0x00, 0x00, 0x00,
	0x55, 0x41, 0x56, 0x41, 0x55, 0x41, 0x54, 0x57, 0x56, 0x53, 0x48, 0x83, 0xec, 0x40, 0x48, 0x8d,
	0x6c, 0x24, 0x40, 0x8b, 0x35, 0x77, 0x51, 0x00, 0x00, 0x85, 0xf6, 0x74, 0x13, 0x48, 0x89, 0xec,
	0x5b, 0x5e, 0x5f, 0x41, 0x5c, 0x41, 0x5d, 0x41, 0x5e, 0x5d, 0xc3, 0x0f, 0x1f, 0x44, 0x00, 0x00,
	0xc7, 0x05, 0x56, 0x51, 0x00, 0x00, 0x01, 0x00, 0x00, 0x00, 0xe8, 0xe1, 0x07, 0x00, 0x00, 0x48,
	0x98, 0x48, 0x8d, 0x04, 0x80, 0x48, 0x8d, 0x04, 0xc5, 0x0f, 0x00, 0x00, 0x00, 0x48, 0x83, 0xe0,
	0xf0, 0xe8, 0xea, 0x09, 0x00, 0x00, 0x4c, 0x8b, 0x2d, 0xa3, 0x22, 0x00, 0x00, 0x48, 0x8b, 0x1d,
	0xac, 0x22, 0x00, 0x00, 0x48, 0x29, 0xc4, 0xc7, 0x05, 0x23, 0x51, 0x00, 0x00, 0x00, 0x00, 0x00,
	0x00, 0x48, 0x8d, 0x44, 0x24, 0x30, 0x48, 0x89, 0x05, 0x1b, 0x51, 0x00, 0x00, 0x4c, 0x89, 0xe8,
	0x48, 0x29, 0xd8, 0x48, 0x83, 0xf8, 0x07, 0x7e, 0x94, 0x48, 0x83, 0xf8, 0x0b, 0x0f, 0x8f, 0x6d,
	0x01, 0x00, 0x00, 0x8b, 0x13, 0x85, 0xd2, 0x0f, 0x85, 0x78, 0x01, 0x00, 0x00, 0x8b, 0x43, 0x04,
	0x85, 0xc0, 0x0f, 0x85, 0x6d, 0x01, 0x00, 0x00, 0x8b, 0x53, 0x08, 0x83, 0xfa, 0x01, 0x0f, 0x85,
	0xdf, 0x02, 0x00, 0x00, 0x48, 0x83, 0xc3, 0x0c, 0x48, 0x8b, 0x3d, 0x31, 0x22, 0x00, 0x00, 0x4c,
	0x39, 0xeb, 0x72, 0x79, 0xe9, 0x54, 0xff, 0xff, 0xff, 0x0f, 0x1f, 0x80, 0x00, 0x00, 0x00, 0x00,
	0x83, 0xfa, 0x08, 0x0f, 0x84, 0x8f, 0x01, 0x00, 0x00, 0x83, 0xfa, 0x10, 0x0f, 0x85, 0x9d, 0x02,
	0x00, 0x00, 0x41, 0x0f, 0xb7, 0x06, 0x66, 0x85, 0xc0, 0x0f, 0x89, 0x31, 0x02, 0x00, 0x00, 0x48,
	0x0d, 0x00, 0x00, 0xff, 0xff, 0x48, 0x29, 0xc8, 0x4c, 0x01, 0xc8, 0x48, 0x89, 0x45, 0xf8, 0x48,
	0x3d, 0x00, 0x80, 0xff, 0xff, 0x0f, 0x8c, 0x2b, 0x02, 0x00, 0x00, 0x48, 0x3d, 0xff, 0xff, 0x00,
	0x00, 0x0f, 0x8f, 0x1f, 0x02, 0x00, 0x00, 0x4c, 0x89, 0xf1, 0x4c, 0x8d, 0x65, 0xf8, 0xe8, 0x6d,
	0xfd, 0xff, 0xff, 0x41, 0xb8, 0x02, 0x00, 0x00, 0x00, 0x4c, 0x89, 0xe2, 0x4c, 0x89, 0xf1, 0xe8,
	0x44, 0x0b, 0x00, 0x00, 0x48, 0x83, 0xc3, 0x0c, 0x4c, 0x39, 0xeb, 0x73, 0x63, 0x8b, 0x0b, 0x44,
	0x8b, 0x73, 0x04, 0x0f, 0xb6, 0x53, 0x08, 0x48, 0x01, 0xf9, 0x49, 0x01, 0xfe, 0x4c, 0x8b, 0x09,
	0x83, 0xfa, 0x20, 0x0f, 0x84, 0x67, 0x01, 0x00, 0x00, 0x0f, 0x86, 0x71, 0xff, 0xff, 0xff, 0x83,
	0xfa, 0x40, 0x0f, 0x85, 0x17, 0x02, 0x00, 0x00, 0x49, 0x8b, 0x06, 0x4c, 0x8d, 0x65, 0xf8, 0x48,
	0x83, 0xc3, 0x0c, 0x48, 0x29, 0xc8, 0x4c, 0x89, 0xf1, 0x4c, 0x01, 0xc8, 0x48, 0x89, 0x45, 0xf8,
	0xe8, 0x0b, 0xfd, 0xff, 0xff, 0x41, 0xb8, 0x08, 0x00, 0x00, 0x00, 0x4c, 0x89, 0xe2, 0x4c, 0x89,
	0xf1, 0xe8, 0xe2, 0x0a, 0x00, 0x00, 0x4c, 0x39, 0xeb, 0x72, 0xa2, 0x0f, 0x1f, 0x44, 0x00, 0x00,
	0x8b, 0x05, 0xee, 0x4f, 0x00, 0x00, 0x85, 0xc0, 0x0f, 0x8e, 0x6f, 0xfe, 0xff, 0xff, 0x48, 0x8b,
	0x3d, 0xfb, 0x6f, 0x00, 0x00, 0x31, 0xdb, 0x66, 0x0f, 0x1f, 0x84, 0x00, 0x00, 0x00, 0x00, 0x00,
	0x48, 0x8b, 0x05, 0xd1, 0x4f, 0x00, 0x00, 0x48, 0x01, 0xd8, 0x44, 0x8b, 0x00, 0x45, 0x85, 0xc0,
	0x74, 0x0d, 0x48, 0x8b, 0x50, 0x10, 0x48, 0x8b, 0x48, 0x08, 0x4d, 0x89, 0xe1, 0xff, 0xd7, 0x83,
	0xc6, 0x01, 0x48, 0x83, 0xc3, 0x28, 0x3b, 0x35, 0xa8, 0x4f, 0x00, 0x00, 0x7c, 0xd2, 0x48, 0x89,
	0xec, 0x5b, 0x5e, 0x5f, 0x41, 0x5c, 0x41, 0x5d, 0x41, 0x5e, 0x5d, 0xc3, 0x0f, 0x1f, 0x40, 0x00,
	0x44, 0x8b, 0x0b, 0x45, 0x85, 0xc9, 0x75, 0x0d, 0x44, 0x8b, 0x43, 0x04, 0x45, 0x85, 0xc0, 0x0f,
	0x84, 0x56, 0x01, 0x00, 0x00, 0x4c, 0x39, 0xeb, 0x0f, 0x83, 0xff, 0xfd, 0xff, 0xff, 0x4c, 0x8b,
	0x35, 0xcb, 0x20, 0x00, 0x00, 0x4c, 0x8d, 0x65, 0xf8, 0x0f, 0x1f, 0x80, 0x00, 0x00, 0x00, 0x00,
	0x8b, 0x7b, 0x04, 0x8b, 0x03, 0x48, 0x83, 0xc3, 0x08, 0x41, 0x03, 0x04, 0x3e, 0x4a, 0x8d, 0x0c,
	0x37, 0x89, 0x45, 0xf8, 0xe8, 0x47, 0xfc, 0xff, 0xff, 0x41, 0xb8, 0x04, 0x00, 0x00, 0x00, 0x4c,
	0x89, 0xe2, 0x4a, 0x8d, 0x0c, 0x37, 0xe8, 0x1d, 0x0a, 0x00, 0x00, 0x4c, 0x39, 0xeb, 0x72, 0xd0,
	0xe9, 0x3b, 0xff, 0xff, 0xff, 0x0f, 0x1f, 0x00, 0x41, 0x0f, 0xb6, 0x06, 0x84, 0xc0, 0x0f, 0x89,
	0xec, 0x00, 0x00, 0x00, 0x48, 0x0d, 0x00, 0xff, 0xff, 0xff, 0x48, 0x29, 0xc8, 0x4c, 0x01, 0xc8,
	0x48, 0x89, 0x45, 0xf8, 0x48, 0x83, 0xf8, 0x80, 0x0f, 0x8c, 0xa8, 0x00, 0x00, 0x00, 0x48, 0x3d,
	0xff, 0x00, 0x00, 0x00, 0x0f, 0x8f, 0x9c, 0x00, 0x00, 0x00, 0x4c, 0x89, 0xf1, 0x4c, 0x8d, 0x65,
	0xf8, 0xe8, 0xea, 0xfb, 0xff, 0xff, 0x41, 0xb8, 0x01, 0x00, 0x00, 0x00, 0x4c, 0x89, 0xe2, 0x4c,
	0x89, 0xf1, 0xe8, 0xc1, 0x09, 0x00, 0x00, 0xe9, 0x78, 0xfe, 0xff, 0xff, 0x0f, 0x1f, 0x40, 0x00,
	0x41, 0x8b, 0x06, 0x85, 0xc0, 0x0f, 0x89, 0x85, 0x00, 0x00, 0x00, 0x49, 0xba, 0x00, 0x00, 0x00,
	0x00, 0xff, 0xff, 0xff, 0xff, 0x4c, 0x09, 0xd0, 0x48, 0x29, 0xc8, 0x4c, 0x01, 0xc8, 0xb9, 0xff,
	0xff, 0xff, 0xff, 0x48, 0x89, 0x45, 0xf8, 0x48, 0x39, 0xc8, 0x7f, 0x4a, 0x48, 0x3d, 0x00, 0x00,
	0x00, 0x80, 0x7c, 0x42, 0x4c, 0x89, 0xf1, 0x4c, 0x8d, 0x65, 0xf8, 0xe8, 0x90, 0xfb, 0xff, 0xff,
	0x41, 0xb8, 0x04, 0x00, 0x00, 0x00, 0x4c, 0x89, 0xe2, 0x4c, 0x89, 0xf1, 0xe8, 0x67, 0x09, 0x00,
	0x00, 0xe9, 0x1e, 0xfe, 0xff, 0xff, 0x66, 0x2e, 0x0f, 0x1f, 0x84, 0x00, 0x00, 0x00, 0x00, 0x00,
	0x48, 0x29, 0xc8, 0x4c, 0x01, 0xc8, 0x48, 0x89, 0x45, 0xf8, 0x48, 0x3d, 0x00, 0x80, 0xff, 0xff,
	0x0f, 0x8d, 0xd5, 0xfd, 0xff, 0xff, 0x48, 0x89, 0x44, 0x24, 0x20, 0x4d, 0x89, 0xf0, 0x48, 0x8d,
	0x0d, 0x33, 0x1f, 0x00, 0x00, 0xe8, 0xe6, 0xfa, 0xff, 0xff, 0x66, 0x0f, 0x1f, 0x44, 0x00, 0x00,
	0x48, 0x29, 0xc8, 0x4c, 0x01, 0xc8, 0xeb, 0x86, 0x0f, 0x1f, 0x84, 0x00, 0x00, 0x00, 0x00, 0x00,
	0x48, 0x29, 0xc8, 0x4c, 0x01, 0xc8, 0xe9, 0x15, 0xff, 0xff, 0xff, 0x8b, 0x4b, 0x08, 0x85, 0xc9,
	0x0f, 0x85, 0x32, 0xfd, 0xff, 0xff, 0x48, 0x83, 0xc3, 0x0c, 0xe9, 0x14, 0xfd, 0xff, 0xff, 0x48,
	0x8d, 0x0d, 0xc2, 0x1e, 0x00, 0x00, 0x48, 0xc7, 0x45, 0xf8, 0x00, 0x00, 0x00, 0x00, 0xe8, 0x9d,
	0xfa, 0xff, 0xff, 0x48, 0x8d, 0x0d, 0x76, 0x1e, 0x00, 0x00, 0xe8, 0x91, 0xfa, 0xff, 0xff, 0x90,
	0x66, 0x2e, 0x0f, 0x1f, 0x84, 0x00, 0x00, 0x00, 0x00, 0x00, 0x66, 0x0f, 0x1f, 0x44, 0x00, 0x00,
	0x55, 0x57, 0x56, 0x53, 0x48, 0x83, 0xec, 0x28, 0x48, 0x8d, 0x0d, 0x11, 0x4e, 0x00, 0x00, 0xff,
	0x15, 0x73, 0x6d, 0x00, 0x00, 0x48, 0x8b, 0x1d, 0xe4, 0x4d, 0x00, 0x00, 0x48, 0x85, 0xdb, 0x74,
	0x30, 0x48, 0x8b, 0x2d, 0xd0, 0x6d, 0x00, 0x00, 0x48, 0x8b, 0x3d, 0x81, 0x6d, 0x00, 0x00, 0x90,
	0x8b, 0x0b, 0xff, 0xd5, 0x48, 0x89, 0xc6, 0xff, 0xd7, 0x48, 0x85, 0xf6, 0x74, 0x0a, 0x85, 0xc0,
	0x75, 0x06, 0x48, 0x89, 0xf1, 0xff, 0x53, 0x08, 0x48, 0x8b, 0x5b, 0x10, 0x48, 0x85, 0xdb, 0x75,
	0xdf, 0x48, 0x8d, 0x0d, 0xc8, 0x4d, 0x00, 0x00, 0x48, 0x83, 0xc4, 0x28, 0x5b, 0x5e, 0x5f, 0x5d,
	0x48, 0xff, 0x25, 0x61, 0x6d, 0x00, 0x00, 0x66, 0x0f, 0x1f, 0x84, 0x00, 0x00, 0x00, 0x00, 0x00,
	0x48, 0x83, 0xec, 0x38, 0x8b, 0x05, 0x8e, 0x4d, 0x00, 0x00, 0x41, 0x89, 0xc9, 0x85, 0xc0, 0x75,
	0x0f, 0x48, 0x83, 0xc4, 0x38, 0xc3, 0x66, 0x2e, 0x0f, 0x1f, 0x84, 0x00, 0x00, 0x00, 0x00, 0x00,
	0x48, 0x89, 0x54, 0x24, 0x48, 0xb9, 0x01, 0x00, 0x00, 0x00, 0xba, 0x18, 0x00, 0x00, 0x00, 0x44,
	0x89, 0x4c, 0x24, 0x40, 0xe8, 0x07, 0x08, 0x00, 0x00, 0x48, 0x85, 0xc0, 0x74, 0x4e, 0x44, 0x8b,
	0x4c, 0x24, 0x40, 0x4c, 0x8b, 0x44, 0x24, 0x48, 0x48, 0x89, 0x44, 0x24, 0x28, 0x48, 0x8d, 0x0d,
	0x5c, 0x4d, 0x00, 0x00, 0x44, 0x89, 0x08, 0x4c, 0x89, 0x40, 0x08, 0xff, 0x15, 0xb7, 0x6c, 0x00,
	0x00, 0x48, 0x8b, 0x44, 0x24, 0x28, 0x48, 0x8b, 0x15, 0x23, 0x4d, 0x00, 0x00, 0x48, 0x8d, 0x0d,
	0x3c, 0x4d, 0x00, 0x00, 0x48, 0x89, 0x50, 0x10, 0x48, 0x89, 0x05, 0x11, 0x4d, 0x00, 0x00, 0xff,
	0x15, 0xd3, 0x6c, 0x00, 0x00, 0x31, 0xc0, 0x48, 0x83, 0xc4, 0x38, 0xc3, 0xb8, 0xff, 0xff, 0xff,
	0xff, 0xe9, 0x7b, 0xff, 0xff, 0xff, 0x66, 0x2e, 0x0f, 0x1f, 0x84, 0x00, 0x00, 0x00, 0x00, 0x00,
	0x48, 0x83, 0xec, 0x28, 0x8b, 0x05, 0xee, 0x4c, 0x00, 0x00, 0x85, 0xc0, 0x75, 0x0a, 0x31, 0xc0,
	0x48, 0x83, 0xc4, 0x28, 0xc3, 0x0f, 0x1f, 0x00, 0x89, 0x4c, 0x24, 0x30, 0x48, 0x8d, 0x0d, 0xed,
	0x4c, 0x00, 0x00, 0xff, 0x15, 0x4f, 0x6c, 0x00, 0x00, 0x48, 0x8b, 0x0d, 0xc0, 0x4c, 0x00, 0x00,
	0x48, 0x85, 0xc9, 0x74, 0x3c, 0x8b, 0x54, 0x24, 0x30, 0x45, 0x31, 0xc0, 0xeb, 0x1d, 0x0f, 0x1f,
	0x80, 0x00, 0x00, 0x00, 0x00, 0x66, 0x66, 0x2e, 0x0f, 0x1f, 0x84, 0x00, 0x00, 0x00, 0x00, 0x00,
	0x49, 0x89, 0xc8, 0x48, 0x85, 0xc0, 0x74, 0x19, 0x48, 0x89, 0xc1, 0x39, 0x11, 0x48, 0x8b, 0x41,
	0x10, 0x75, 0xed, 0x4d, 0x85, 0xc0, 0x74, 0x20, 0x49, 0x89, 0x40, 0x10, 0xe8, 0x3f, 0x07, 0x00,
	0x00, 0x48, 0x8d, 0x0d, 0x98, 0x4c, 0x00, 0x00, 0xff, 0x15, 0x3a, 0x6c, 0x00, 0x00, 0x31, 0xc0,
	0x48, 0x83, 0xc4, 0x28, 0xc3, 0x0f, 0x1f, 0x00, 0x48, 0x89, 0x05, 0x61, 0x4c, 0x00, 0x00, 0xeb,
	0xdb, 0x0f, 0x1f, 0x40, 0x00, 0x66, 0x66, 0x2e, 0x0f, 0x1f, 0x84, 0x00, 0x00, 0x00, 0x00, 0x00,
	0x48, 0x83, 0xec, 0x38, 0x83, 0xfa, 0x02, 0x0f, 0x84, 0xab, 0x00, 0x00, 0x00, 0x77, 0x29, 0x85,
	0xd2, 0x74, 0x3d, 0x8b, 0x0d, 0x3f, 0x4c, 0x00, 0x00, 0x85, 0xc9, 0x0f, 0x84, 0xbf, 0x00, 0x00,
	0x00, 0xc7, 0x05, 0x2d, 0x4c, 0x00, 0x00, 0x01, 0x00, 0x00, 0x00, 0xb8, 0x01, 0x00, 0x00, 0x00,
	0x48, 0x83, 0xc4, 0x38, 0xc3, 0x0f, 0x1f, 0x00, 0x83, 0xfa, 0x03, 0x75, 0xee, 0x8b, 0x05, 0x15,
	0x4c, 0x00, 0x00, 0x85, 0xc0, 0x74, 0xe4, 0xe8, 0x04, 0xfe, 0xff, 0xff, 0xeb, 0xdd, 0x66, 0x90,
	0x8b, 0x15, 0x02, 0x4c, 0x00, 0x00, 0x85, 0xd2, 0x75, 0x76, 0x83, 0x3d, 0xf7, 0x4b, 0x00, 0x00,
	0x01, 0x75, 0xc8, 0x48, 0x8b, 0x05, 0xe6, 0x4b, 0x00, 0x00, 0x48, 0x85, 0xc0, 0x74, 0x1c, 0x90,
	0x48, 0x89, 0xc1, 0x48, 0x8b, 0x40, 0x10, 0x48, 0x89, 0x44, 0x24, 0x28, 0xe8, 0x8f, 0x06, 0x00,
	0x00, 0x48, 0x8b, 0x44, 0x24, 0x28, 0x48, 0x85, 0xc0, 0x75, 0xe5, 0x48, 0x8d, 0x0d, 0xde, 0x4b,
	0x00, 0x00, 0x48, 0xc7, 0x05, 0xb3, 0x4b, 0x00, 0x00, 0x00, 0x00, 0x00, 0x00, 0xc7, 0x05, 0xb1,
	0x4b, 0x00, 0x00, 0x00, 0x00, 0x00, 0x00, 0xff, 0x15, 0x1b, 0x6b, 0x00, 0x00, 0xe9, 0x79, 0xff,
	0xff, 0xff, 0x66, 0x0f, 0x1f, 0x44, 0x00, 0x00, 0xe8, 0x53, 0x00, 0x00, 0x00, 0xb8, 0x01, 0x00,
	0x00, 0x00, 0x48, 0x83, 0xc4, 0x38, 0xc3, 0x66, 0x0f, 0x1f, 0x84, 0x00, 0x00, 0x00, 0x00, 0x00,
	0xe8, 0x7b, 0xfd, 0xff, 0xff, 0xeb, 0x83, 0x66, 0x0f, 0x1f, 0x84, 0x00, 0x00, 0x00, 0x00, 0x00,
	0x48, 0x8d, 0x0d, 0x89, 0x4b, 0x00, 0x00, 0xff, 0x15, 0x23, 0x6b, 0x00, 0x00, 0xe9, 0x2f, 0xff,
	0xff, 0xff, 0x90, 0x90, 0x90, 0x90, 0x90, 0x90, 0x90, 0x90, 0x90, 0x90, 0x90, 0x90, 0x90, 0x90,
	0x90, 0x90, 0x90, 0x90, 0x90, 0x90, 0x90, 0x90, 0x90, 0x90, 0x90, 0x90, 0x90, 0x90, 0x90, 0x90,
	0xdb, 0xe3, 0xc3, 0x90, 0x90, 0x90, 0x90, 0x90, 0x90, 0x90, 0x90, 0x90, 0x90, 0x90, 0x90, 0x90,
	0x66, 0x81, 0x39, 0x4d, 0x5a, 0x75, 0x0f, 0x48, 0x63, 0x41, 0x3c, 0x48, 0x01, 0xc1, 0x81, 0x39,
	0x50, 0x45, 0x00, 0x00, 0x74, 0x0a, 0x31, 0xc0, 0xc3, 0x0f, 0x1f, 0x80, 0x00, 0x00, 0x00, 0x00,
	0x31, 0xc0, 0x66, 0x81, 0x79, 0x18, 0x0b, 0x02, 0x0f, 0x94, 0xc0, 0xc3, 0x0f, 0x1f, 0x40, 0x00,
	0x48, 0x63, 0x41, 0x3c, 0x48, 0x01, 0xc8, 0x0f, 0xb7, 0x48, 0x06, 0x66, 0x85, 0xc9, 0x74, 0x3d,
	0x44, 0x0f, 0xb7, 0x40, 0x14, 0x83, 0xe9, 0x01, 0x48, 0x8d, 0x0c, 0x89, 0x4a, 0x8d, 0x44, 0x00,
	0x18, 0x4c, 0x8d, 0x4c, 0xc8, 0x28, 0x66, 0x2e, 0x0f, 0x1f, 0x84, 0x00, 0x00, 0x00, 0x00, 0x00,
	0x44, 0x8b, 0x40, 0x0c, 0x4c, 0x89, 0xc1, 0x4c, 0x39, 0xc2, 0x72, 0x08, 0x03, 0x48, 0x08, 0x48,
	0x39, 0xca, 0x72, 0x0b, 0x48, 0x83, 0xc0, 0x28, 0x4c, 0x39, 0xc8, 0x75, 0xe3, 0x31, 0xc0, 0xc3,
	0x55, 0x57, 0x56, 0x53, 0x48, 0x83, 0xec, 0x28, 0x48, 0x89, 0xcf, 0xe8, 0x80, 0x05, 0x00, 0x00,
	0x48, 0x83, 0xf8, 0x08, 0x77, 0x0e, 0x48, 0x8b, 0x05, 0xd3, 0x1b, 0x00, 0x00, 0x66, 0x81, 0x38,
	0x4d, 0x5a, 0x74, 0x14, 0x31, 0xdb, 0x48, 0x89, 0xd8, 0x48, 0x83, 0xc4, 0x28, 0x5b, 0x5e, 0x5f,
	0x5d, 0xc3, 0x66, 0x0f, 0x1f, 0x44, 0x00, 0x00, 0x48, 0x63, 0x68, 0x3c, 0x48, 0x01, 0xc5, 0x81,
	0x7d, 0x00, 0x50, 0x45, 0x00, 0x00, 0x75, 0xdc, 0x66, 0x81, 0x7d, 0x18, 0x0b, 0x02, 0x75, 0xd4,
	0x66, 0x83, 0x7d, 0x06, 0x00, 0x74, 0xcd, 0x0f, 0xb7, 0x45, 0x14, 0x31, 0xf6, 0x48, 0x8d, 0x5c,
	0x05, 0x18, 0x0f, 0x1f, 0x00, 0x66, 0x66, 0x2e, 0x0f, 0x1f, 0x84, 0x00, 0x00, 0x00, 0x00, 0x00,
	0x41, 0xb8, 0x08, 0x00, 0x00, 0x00, 0x48, 0x89, 0xfa, 0x48, 0x89, 0xd9, 0xe8, 0x17, 0x05, 0x00,
	0x00, 0x85, 0xc0, 0x74, 0xa1, 0x0f, 0xb7, 0x45, 0x06, 0x83, 0xc6, 0x01, 0x48, 0x83, 0xc3, 0x28,
	0x39, 0xc6, 0x72, 0xdc, 0xeb, 0x8e, 0x66, 0x2e, 0x0f, 0x1f, 0x84, 0x00, 0x00, 0x00, 0x00, 0x00,
	0x48, 0x8b, 0x05, 0x49, 0x1b, 0x00, 0x00, 0x66, 0x81, 0x38, 0x4d, 0x5a, 0x75, 0x0f, 0x48, 0x63,
	0x50, 0x3c, 0x48, 0x01, 0xc2, 0x81, 0x3a, 0x50, 0x45, 0x00, 0x00, 0x74, 0x03, 0x31, 0xc0, 0xc3,
	0x66, 0x81, 0x7a, 0x18, 0x0b, 0x02, 0x75, 0xf5, 0x44, 0x0f, 0xb7, 0x42, 0x06, 0x66, 0x45, 0x85,
	0xc0, 0x74, 0xea, 0x48, 0x29, 0xc1, 0x0f, 0xb7, 0x42, 0x14, 0x48, 0x8d, 0x44, 0x02, 0x18, 0x41,
	0x8d, 0x50, 0xff, 0x48, 0x8d, 0x14, 0x92, 0x4c, 0x8d, 0x4c, 0xd0, 0x28, 0x0f, 0x1f, 0x40, 0x00,
	0x44, 0x8b, 0x40, 0x0c, 0x4c, 0x89, 0xc2, 0x4c, 0x39, 0xc1, 0x72, 0x08, 0x03, 0x50, 0x08, 0x48,
	0x39, 0xd1, 0x72, 0xbb, 0x48, 0x83, 0xc0, 0x28, 0x4c, 0x39, 0xc8, 0x75, 0xe3, 0x31, 0xc0, 0xeb,
	0xae, 0x0f, 0x1f, 0x40, 0x00, 0x66, 0x66, 0x2e, 0x0f, 0x1f, 0x84, 0x00, 0x00, 0x00, 0x00, 0x00,
	0x48, 0x8b, 0x05, 0xc9, 0x1a, 0x00, 0x00, 0x66, 0x81, 0x38, 0x4d, 0x5a, 0x75, 0x0f, 0x48, 0x63,
	0x50, 0x3c, 0x48, 0x01, 0xd0, 0x81, 0x38, 0x50, 0x45, 0x00, 0x00, 0x74, 0x03, 0x31, 0xc0, 0xc3,
	0x66, 0x81, 0x78, 0x18, 0x0b, 0x02, 0x75, 0xf5, 0x0f, 0xb7, 0x40, 0x06, 0xc3, 0x0f, 0x1f, 0x00,
	0x48, 0x8b, 0x15, 0x99, 0x1a, 0x00, 0x00, 0x66, 0x81, 0x3a, 0x4d, 0x5a, 0x75, 0x0f, 0x48, 0x63,
	0x42, 0x3c, 0x48, 0x01, 0xd0, 0x81, 0x38, 0x50, 0x45, 0x00, 0x00, 0x74, 0x03, 0x31, 0xc0, 0xc3,
	0x66, 0x81, 0x78, 0x18, 0x0b, 0x02, 0x75, 0xf5, 0x0f, 0xb7, 0x50, 0x06, 0x66, 0x85, 0xd2, 0x74,
	0xec, 0x44, 0x0f, 0xb7, 0x40, 0x14, 0x83, 0xea, 0x01, 0x48, 0x8d, 0x14, 0x92, 0x4a, 0x8d, 0x44,
	0x00, 0x18, 0x48, 0x8d, 0x54, 0xd0, 0x28, 0x66, 0x0f, 0x1f, 0x84, 0x00, 0x00, 0x00, 0x00, 0x00,
	0xf6, 0x40, 0x27, 0x20, 0x74, 0x09, 0x48, 0x85, 0xc9, 0x74, 0xc4, 0x48, 0x83, 0xe9, 0x01, 0x48,
	0x83, 0xc0, 0x28, 0x48, 0x39, 0xc2, 0x75, 0xe8, 0x31, 0xc0, 0xeb, 0xb3, 0x0f, 0x1f, 0x40, 0x00,
	0x48, 0x8b, 0x05, 0x29, 0x1a, 0x00, 0x00, 0x66, 0x81, 0x38, 0x4d, 0x5a, 0x75, 0x0f, 0x48, 0x63,
	0x50, 0x3c, 0x48, 0x01, 0xc2, 0x81, 0x3a, 0x50, 0x45, 0x00, 0x00, 0x74, 0x03, 0x31, 0xc0, 0xc3,
	0x66, 0x81, 0x7a, 0x18, 0x0b, 0x02, 0xba, 0x00, 0x00, 0x00, 0x00, 0x48, 0x0f, 0x45, 0xc2, 0xc3,
	0x48, 0x8b, 0x05, 0xf9, 0x19, 0x00, 0x00, 0x66, 0x81, 0x38, 0x4d, 0x5a, 0x75, 0x0f, 0x48, 0x63,
	0x50, 0x3c, 0x48, 0x01, 0xc2, 0x81, 0x3a, 0x50, 0x45, 0x00, 0x00, 0x74, 0x03, 0x31, 0xc0, 0xc3,
	0x66, 0x81, 0x7a, 0x18, 0x0b, 0x02, 0x75, 0xf5, 0x44, 0x0f, 0xb7, 0x42, 0x06, 0x66, 0x45, 0x85,
	0xc0, 0x74, 0xea, 0x48, 0x29, 0xc1, 0x0f, 0xb7, 0x42, 0x14, 0x48, 0x8d, 0x44, 0x02, 0x18, 0x41,
	0x8d, 0x50, 0xff, 0x48, 0x8d, 0x14, 0x92, 0x4c, 0x8d, 0x4c, 0xd0, 0x28, 0x0f, 0x1f, 0x40, 0x00,
	0x44, 0x8b, 0x40, 0x0c, 0x4c, 0x89, 0xc2, 0x4c, 0x39, 0xc1, 0x72, 0x08, 0x03, 0x50, 0x08, 0x48,
	0x39, 0xd1, 0x72, 0x14, 0x48, 0x83, 0xc0, 0x28, 0x49, 0x39, 0xc1, 0x75, 0xe3, 0x31, 0xc0, 0xeb,
	0xae, 0x0f, 0x1f, 0x80, 0x00, 0x00, 0x00, 0x00, 0x8b, 0x40, 0x24, 0xf7, 0xd0, 0xc1, 0xe8, 0x1f,
	0xc3, 0x0f, 0x1f, 0x40, 0x00, 0x66, 0x66, 0x2e, 0x0f, 0x1f, 0x84, 0x00, 0x00, 0x00, 0x00, 0x00,
	0x48, 0x8b, 0x05, 0x69, 0x19, 0x00, 0x00, 0x41, 0x89, 0xc8, 0x66, 0x81, 0x38, 0x4d, 0x5a, 0x75,
	0x0f, 0x48, 0x63, 0x48, 0x3c, 0x48, 0x01, 0xc1, 0x81, 0x39, 0x50, 0x45, 0x00, 0x00, 0x74, 0x08,
	0x31, 0xc0, 0xc3, 0x0f, 0x1f, 0x44, 0x00, 0x00, 0x66, 0x81, 0x79, 0x18, 0x0b, 0x02, 0x75, 0xf0,
	0x8b, 0x91, 0x90, 0x00, 0x00, 0x00, 0x85, 0xd2, 0x74, 0xe6, 0x44, 0x0f, 0xb7, 0x49, 0x06, 0x66,
	0x45, 0x85, 0xc9, 0x74, 0xdb, 0x44, 0x0f, 0xb7, 0x51, 0x14, 0x41, 0x83, 0xe9, 0x01, 0x4f, 0x8d,
	0x0c, 0x89, 0x4a, 0x8d, 0x4c, 0x11, 0x18, 0x4e, 0x8d, 0x5c, 0xc9, 0x28, 0x0f, 0x1f, 0x40, 0x00,
	0x44, 0x8b, 0x51, 0x0c, 0x4d, 0x89, 0xd1, 0x4c, 0x39, 0xd2, 0x72, 0x09, 0x44, 0x03, 0x49, 0x08,
	0x4c, 0x39, 0xca, 0x72, 0x13, 0x48, 0x83, 0xc1, 0x28, 0x49, 0x39, 0xcb, 0x75, 0xe2, 0x31, 0xc0,
	0xeb, 0xa0, 0x66, 0x0f, 0x1f, 0x44, 0x00, 0x00, 0x48, 0x01, 0xc2, 0xeb, 0x0b, 0x0f, 0x1f, 0x00,
	0x41, 0x83, 0xe8, 0x01, 0x48, 0x83, 0xc2, 0x14, 0x44, 0x8b, 0x4a, 0x04, 0x45, 0x85, 0xc9, 0x75,
	0x0b, 0x8b, 0x4a, 0x0c, 0x85, 0xc9, 0x0f, 0x84, 0x74, 0xff, 0xff, 0xff, 0x45, 0x85, 0xc0, 0x7f,
	0xdf, 0x8b, 0x52, 0x0c, 0x48, 0x01, 0xd0, 0xc3, 0x90, 0x90, 0x90, 0x90, 0x90, 0x90, 0x90, 0x90,
	0x51, 0x50, 0x48, 0x3d, 0x00, 0x10, 0x00, 0x00, 0x48, 0x8d, 0x4c, 0x24, 0x18, 0x72, 0x19, 0x48,
	0x81, 0xe9, 0x00, 0x10, 0x00, 0x00, 0x48, 0x83, 0x09, 0x00, 0x48, 0x2d, 0x00, 0x10, 0x00, 0x00,
	0x48, 0x3d, 0x00, 0x10, 0x00, 0x00, 0x77, 0xe7, 0x48, 0x29, 0xc1, 0x48, 0x83, 0x09, 0x00, 0x58,
	0x59, 0xc3, 0x90, 0x90, 0x90, 0x90, 0x90, 0x90, 0x90, 0x90, 0x90, 0x90, 0x90, 0x90, 0x90, 0x90,
	0x56, 0x53, 0x48, 0x83, 0xec, 0x28, 0x48, 0x89, 0xcb, 0x48, 0x89, 0xd6, 0x48, 0x39, 0xd1, 0x73,
	0x26, 0x0f, 0x1f, 0x40, 0x00, 0x66, 0x66, 0x2e, 0x0f, 0x1f, 0x84, 0x00, 0x00, 0x00, 0x00, 0x00,
	0x48, 0x8b, 0x03, 0x48, 0x85, 0xc0, 0x74, 0x06, 0xff, 0xd0, 0x85, 0xc0, 0x75, 0x0b, 0x48, 0x83,
	0xc3, 0x08, 0x48, 0x39, 0xf3, 0x72, 0xe9, 0x31, 0xc0, 0x48, 0x83, 0xc4, 0x28, 0x5b, 0x5e, 0xc3,
	0x53, 0x48, 0x83, 0xec, 0x20, 0x89, 0xcb, 0xe8, 0x64, 0x01, 0x00, 0x00, 0x89, 0xd9, 0x48, 0x8d,
	0x14, 0x49, 0x48, 0xc1, 0xe2, 0x04, 0x48, 0x01, 0xd0, 0x48, 0x83, 0xc4, 0x20, 0x5b, 0xc3, 0x90,
	0x48, 0x85, 0xc9, 0x74, 0x12, 0x66, 0x0f, 0xef, 0xc0, 0x31, 0xc0, 0x48, 0xc7, 0x41, 0x10, 0x00,
	0x00, 0x00, 0x00, 0x0f, 0x11, 0x01, 0xc3, 0xb8, 0xff, 0xff, 0xff, 0xff, 0xc3, 0x0f, 0x1f, 0x00,
	0x56, 0x53, 0x48, 0x83, 0xec, 0x38, 0x48, 0x89, 0xcb, 0x48, 0x89, 0xd6, 0x48, 0x85, 0xc9, 0x0f,
	0x84, 0x9b, 0x00, 0x00, 0x00, 0xb9, 0x08, 0x00, 0x00, 0x00, 0xe8, 0x29, 0x01, 0x00, 0x00, 0x48,
	0x8b, 0x0b, 0x48, 0x85, 0xc9, 0x74, 0x59, 0x48, 0x8b, 0x43, 0x08, 0x48, 0x3b, 0x43, 0x10, 0x74,
	0x1f, 0x48, 0x8d, 0x50, 0x08, 0xb9, 0x08, 0x00, 0x00, 0x00, 0x48, 0x89, 0x53, 0x08, 0x48, 0x89,
	0x30, 0xe8, 0x0a, 0x01, 0x00, 0x00, 0x31, 0xc0, 0x48, 0x83, 0xc4, 0x38, 0x5b, 0x5e, 0xc3, 0x90,
	0x48, 0x29, 0xc8, 0x48, 0x8d, 0x14, 0x00, 0x48, 0x89, 0x44, 0x24, 0x28, 0xe8, 0x1f, 0x01, 0x00,
	0x00, 0x48, 0x85, 0xc0, 0x74, 0x3e, 0x4c, 0x8b, 0x44, 0x24, 0x28, 0x48, 0x89, 0x03, 0x4c, 0x01,
	0xc0, 0x49, 0x01, 0xc0, 0x4c, 0x89, 0x43, 0x10, 0xeb, 0xb7, 0x66, 0x0f, 0x1f, 0x44, 0x00, 0x00,
	0xba, 0x08, 0x00, 0x00, 0x00, 0xb9, 0x20, 0x00, 0x00, 0x00, 0xe8, 0xd1, 0x00, 0x00, 0x00, 0x48,
	0x89, 0x03, 0x48, 0x85, 0xc0, 0x74, 0x0d, 0x48, 0x8d, 0x90, 0x00, 0x01, 0x00, 0x00, 0x48, 0x89,
	0x53, 0x10, 0xeb, 0x8d, 0xb9, 0x08, 0x00, 0x00, 0x00, 0xe8, 0xa2, 0x00, 0x00, 0x00, 0x66, 0x90,
	0xb8, 0xff, 0xff, 0xff, 0xff, 0xeb, 0x91, 0x66, 0x0f, 0x1f, 0x84, 0x00, 0x00, 0x00, 0x00, 0x00,
	0x57, 0x56, 0x53, 0x48, 0x83, 0xec, 0x20, 0x48, 0x89, 0xcf, 0xb9, 0x08, 0x00, 0x00, 0x00, 0xe8,
	0x74, 0x00, 0x00, 0x00, 0x48, 0x8b, 0x37, 0x66, 0x0f, 0xef, 0xc0, 0x48, 0x8b, 0x5f, 0x08, 0x48,
	0xc7, 0x47, 0x10, 0x00, 0x00, 0x00, 0x00, 0xb9, 0x08, 0x00, 0x00, 0x00, 0x0f, 0x11, 0x07, 0xe8,
	0x5c, 0x00, 0x00, 0x00, 0x48, 0x85, 0xf6, 0x74, 0x24, 0x48, 0x83, 0xeb, 0x08, 0x48, 0x39, 0xf3,
	0x72, 0x13, 0x48, 0x8b, 0x03, 0x48, 0x85, 0xc0, 0x74, 0xef, 0xff, 0xd0, 0x48, 0x83, 0xeb, 0x08,
	0x48, 0x39, 0xf3, 0x73, 0xed, 0x48, 0x89, 0xf1, 0xe8, 0x53, 0x00, 0x00, 0x00, 0x31, 0xc0, 0x48,
	0x83, 0xc4, 0x20, 0x5b, 0x5e, 0x5f, 0xc3, 0x90, 0x90, 0x90, 0x90, 0x90, 0x90, 0x90, 0x90, 0x90,
	0xff, 0x25, 0xaa, 0x65, 0x00, 0x00, 0x90, 0x90, 0xff, 0x25, 0xaa, 0x65, 0x00, 0x00, 0x90, 0x90,
	0xff, 0x25, 0xaa, 0x65, 0x00, 0x00, 0x90, 0x90, 0xff, 0x25, 0xaa, 0x65, 0x00, 0x00, 0x90, 0x90,
	0xff, 0x25, 0xaa, 0x65, 0x00, 0x00, 0x90, 0x90, 0xff, 0x25, 0xaa, 0x65, 0x00, 0x00, 0x90, 0x90,
	0xff, 0x25, 0xaa, 0x65, 0x00, 0x00, 0x90, 0x90, 0xff, 0x25, 0xaa, 0x65, 0x00, 0x00, 0x90, 0x90,
	0xff, 0x25, 0xaa, 0x65, 0x00, 0x00, 0x90, 0x90, 0xff, 0x25, 0xaa, 0x65, 0x00, 0x00, 0x90, 0x90,
	0xff, 0x25, 0xaa, 0x65, 0x00, 0x00, 0x90, 0x90, 0xff, 0x25, 0xaa, 0x65, 0x00, 0x00, 0x90, 0x90,
	0xff, 0x25, 0xaa, 0x65, 0x00, 0x00, 0x90, 0x90, 0xff, 0x25, 0xaa, 0x65, 0x00, 0x00, 0x90, 0x90,
	0xff, 0x25, 0xaa, 0x65, 0x00, 0x00, 0x90, 0x90, 0x0f, 0x1f, 0x84, 0x00, 0x00, 0x00, 0x00, 0x00,
	0xff, 0x25, 0x1a, 0x65, 0x00, 0x00, 0x90, 0x90, 0xff, 0x25, 0x0a, 0x65, 0x00, 0x00, 0x90, 0x90,
	0xff, 0x25, 0xfa, 0x64, 0x00, 0x00, 0x90, 0x90, 0xff, 0x25, 0xea, 0x64, 0x00, 0x00, 0x90, 0x90,
	0xff, 0x25, 0xda, 0x64, 0x00, 0x00, 0x90, 0x90, 0xff, 0x25, 0xca, 0x64, 0x00, 0x00, 0x90, 0x90,
	0xff, 0x25, 0xba, 0x64, 0x00, 0x00, 0x90, 0x90, 0xff, 0x25, 0xaa, 0x64, 0x00, 0x00, 0x90, 0x90,
	0xff, 0x25, 0x9a, 0x64, 0x00, 0x00, 0x90, 0x90, 0xff, 0x25, 0x8a, 0x64, 0x00, 0x00, 0x90, 0x90,
	0xff, 0x25, 0x7a, 0x64, 0x00, 0x00, 0x90, 0x90, 0xff, 0x25, 0x6a, 0x64, 0x00, 0x00, 0x90, 0x90,
	0xff, 0x25, 0x5a, 0x64, 0x00, 0x00, 0x90, 0x90, 0xff, 0x25, 0x4a, 0x64, 0x00, 0x00, 0x90, 0x90,
	0xff, 0x25, 0x3a, 0x64, 0x00, 0x00, 0x90, 0x90, 0xff, 0x25, 0x2a, 0x64, 0x00, 0x00, 0x90, 0x90,
	0xff, 0x25, 0x1a, 0x64, 0x00, 0x00, 0x90, 0x90, 0xff, 0x25, 0x0a, 0x64, 0x00, 0x00, 0x90, 0x90,
	0xff, 0x25, 0xfa, 0x63, 0x00, 0x00, 0x90, 0x90, 0xff, 0x25, 0xea, 0x63, 0x00, 0x00, 0x90, 0x90,
	0xff, 0x25, 0xda, 0x63, 0x00, 0x00, 0x90, 0x90, 0xff, 0x25, 0xca, 0x63, 0x00, 0x00, 0x90, 0x90,
	0xff, 0x25, 0xba, 0x63, 0x00, 0x00, 0x90, 0x90, 0xff, 0x25, 0xaa, 0x63, 0x00, 0x00, 0x90, 0x90,
	0xff, 0x25, 0x9a, 0x63, 0x00, 0x00, 0x90, 0x90, 0x0f, 0x1f, 0x84, 0x00, 0x00, 0x00, 0x00, 0x00,
	0xff, 0x25, 0x7a, 0x63, 0x00, 0x00, 0x90, 0x90, 0xff, 0x25, 0x6a, 0x63, 0x00, 0x00, 0x90, 0x90,
	0xff, 0x25, 0xd2, 0x64, 0x00, 0x00, 0x90, 0x90, 0xff, 0x25, 0xc2, 0x64, 0x00, 0x00, 0x90, 0x90,
	0xe9, 0x7b, 0xe4, 0xff, 0xff, 0x90, 0x90, 0x90, 0x90, 0x90, 0x90, 0x90, 0x90, 0x90, 0x90, 0x90,
	0x00, 0x00, 0x00, 0x00, 0x00, 0x00, 0x00, 0x00, 0x00, 0x00, 0x00, 0x00, 0x00, 0x00, 0x00, 0x00,
	0x00, 0x00, 0x00, 0x00, 0x00, 0x00, 0x00, 0x00, 0x00, 0x00, 0x00, 0x00, 0x00, 0x00, 0x00, 0x00,
	0x00, 0x00, 0x00, 0x00, 0x00, 0x00, 0x00, 0x00, 0x00, 0x00, 0x00, 0x00, 0x00, 0x00, 0x00, 0x00,
	0x00, 0x00, 0x00, 0x00, 0x00, 0x00, 0x00, 0x00, 0x00, 0x00, 0x00, 0x00, 0x00, 0x00, 0x00, 0x00,
	0x00, 0x00, 0x00, 0x00, 0x00, 0x00, 0x00, 0x00, 0x00, 0x00, 0x00, 0x00, 0x00, 0x00, 0x00, 0x00,
	0x00, 0x00, 0x00, 0x00, 0x00, 0x00, 0x00, 0x00, 0x00, 0x00, 0x00, 0x00, 0x00, 0x00, 0x00, 0x00,
	0x00, 0x00, 0x00, 0x00, 0x00, 0x00, 0x00, 0x00, 0x00, 0x00, 0x00, 0x00, 0x00, 0x00, 0x00, 0x00,
	0x00, 0x00, 0x00, 0x00, 0x00, 0x00, 0x00, 0x00, 0x00, 0x00, 0x00, 0x00, 0x00, 0x00, 0x00, 0x00,
	0x00, 0x00, 0x00, 0x00, 0x00, 0x00, 0x00, 0x00, 0x00, 0x00, 0x00, 0x00, 0x00, 0x00, 0x00, 0x00,
	0x00, 0x00, 0x00, 0x00, 0x00, 0x00, 0x00, 0x00, 0x00, 0x00, 0x00, 0x00, 0x00, 0x00, 0x00, 0x00,
	0x00, 0x00, 0x00, 0x00, 0x00, 0x00, 0x00, 0x00, 0x00, 0x00, 0x00, 0x00, 0x00, 0x00, 0x00, 0x00,
	0x00, 0x00, 0x00, 0x00, 0x00, 0x00, 0x00, 0x00, 0x00, 0x00, 0x00, 0x00, 0x00, 0x00, 0x00, 0x00,
	0x00, 0x00, 0x00, 0x00, 0x00, 0x00, 0x00, 0x00, 0x00, 0x00, 0x00, 0x00, 0x00, 0x00, 0x00, 0x00,
	0x00, 0x00, 0x00, 0x00, 0x00, 0x00, 0x00, 0x00, 0x00, 0x00, 0x00, 0x00, 0x00, 0x00, 0x00, 0x00,
	0x00, 0x00, 0x00, 0x00, 0x00, 0x00, 0x00, 0x00, 0x00, 0x00, 0x00, 0x00, 0x00, 0x00, 0x00, 0x00,
	0x00, 0x00, 0x00, 0x00, 0x00, 0x00, 0x00, 0x00, 0x00, 0x00, 0x00, 0x00, 0x00, 0x00, 0x00, 0x00,
	0x00, 0x00, 0x00, 0x00, 0x00, 0x00, 0x00, 0x00, 0x00, 0x00, 0x00, 0x00, 0x00, 0x00, 0x00, 0x00,
	0x00, 0x00, 0x00, 0x00, 0x00, 0x00, 0x00, 0x00, 0x00, 0x00, 0x00, 0x00, 0x00, 0x00, 0x00, 0x00,
	0x00, 0x00, 0x00, 0x00, 0x00, 0x00, 0x00, 0x00, 0x00, 0x00, 0x00, 0x00, 0x00, 0x00, 0x00, 0x00,
	0x00, 0x00, 0x00, 0x00, 0x00, 0x00, 0x00, 0x00, 0x00, 0x00, 0x00, 0x00, 0x00, 0x00, 0x00, 0x00,
	0x00, 0x00, 0x00, 0x00, 0x00, 0x00, 0x00, 0x00, 0x00, 0x00, 0x00, 0x00, 0x00, 0x00, 0x00, 0x00,
	0x00, 0x00, 0x00, 0x00, 0x00, 0x00, 0x00, 0x00, 0x00, 0x00, 0x00, 0x00, 0x00, 0x00, 0x00, 0x00,
	0x01, 0x00, 0x00, 0x00, 0x00, 0x00, 0x00, 0x00, 0x00, 0x00, 0x00, 0x00, 0x00, 0x00, 0x00, 0x00,
	0x20, 0x47, 0x20, 0x63, 0x03, 0x00, 0x00, 0x00, 0x00, 0x00, 0x00, 0x00, 0x00, 0x00, 0x00, 0x00,
	0xff, 0xff, 0xff, 0xff, 0xff, 0xff, 0xff, 0xff, 0x00, 0x00, 0x00, 0x00, 0x00, 0x00, 0x00, 0x00,
	0x02, 0x00, 0x00, 0x00, 0x00, 0x00, 0x00, 0x00, 0x00, 0x00, 0x00, 0x00, 0x00, 0x00, 0x00, 0x00,
	0x70, 0x2b, 0x20, 0x63, 0x03, 0x00, 0x00, 0x00, 0x00, 0x00, 0x00, 0x00, 0x00, 0x00, 0x00, 0x00,
	0xb0, 0x2b, 0x20, 0x63, 0x03, 0x00, 0x00, 0x00, 0x00, 0x00, 0x00, 0x00, 0x00, 0x00, 0x00, 0x00,
	0xb0, 0x2c, 0x20, 0x63, 0x03, 0x00, 0x00, 0x00, 0xf0, 0x2b, 0x20, 0x63, 0x03, 0x00, 0x00, 0x00,
	0xd0, 0x2b, 0x20, 0x63, 0x03, 0x00, 0x00, 0x00, 0x00, 0x00, 0x00, 0x00, 0x00, 0x00, 0x00, 0x00,
	0x00, 0x00, 0x00, 0x00, 0x00, 0x00, 0x00, 0x00, 0x00, 0x00, 0x00, 0x00, 0x00, 0x00, 0x00, 0x00,
	0x00, 0x00, 0x00, 0x00, 0x00, 0x00, 0x00, 0x00, 0x00, 0x00, 0x00, 0x00, 0x00, 0x00, 0x00, 0x00,
	0x00, 0x00, 0x00, 0x00, 0x00, 0x00, 0x00, 0x00, 0x00, 0x00, 0x00, 0x00, 0x00, 0x00, 0x00, 0x00,
	0x00, 0x00, 0x00, 0x00, 0x00, 0x00, 0x00, 0x00, 0x00, 0x00, 0x00, 0x00, 0x00, 0x00, 0x00, 0x00,
	0x00, 0x00, 0x00, 0x00, 0x00, 0x00, 0x00, 0x00, 0x00, 0x00, 0x00, 0x00, 0x00, 0x00, 0x00, 0x00,
	0x00, 0x00, 0x00, 0x00, 0x00, 0x00, 0x00, 0x00, 0x00, 0x00, 0x00, 0x00, 0x00, 0x00, 0x00, 0x00,
	0x00, 0x00, 0x00, 0x00, 0x00, 0x00, 0x00, 0x00, 0x00, 0x00, 0x00, 0x00, 0x00, 0x00, 0x00, 0x00,
	0x00, 0x00, 0x00, 0x00, 0x00, 0x00, 0x00, 0x00, 0x00, 0x00, 0x00, 0x00, 0x00, 0x00, 0x00, 0x00,
	0x00, 0x00, 0x00, 0x00, 0x00, 0x00, 0x00, 0x00, 0x00, 0x00, 0x00, 0x00, 0x00, 0x00, 0x00, 0x00,
	0x00, 0x00, 0x00, 0x00, 0x00, 0x00, 0x00, 0x00, 0x00, 0x00, 0x00, 0x00, 0x00, 0x00, 0x00, 0x00,
	0x00, 0x00, 0x00, 0x00, 0x00, 0x00, 0x00, 0x00, 0x00, 0x00, 0x00, 0x00, 0x00, 0x00, 0x00, 0x00,
	0x00, 0x00, 0x00, 0x00, 0x00, 0x00, 0x00, 0x00, 0x00, 0x00, 0x00, 0x00, 0x00, 0x00, 0x00, 0x00,
	0x00, 0x00, 0x00, 0x00, 0x00, 0x00, 0x00, 0x00, 0x00, 0x00, 0x00, 0x00, 0x00, 0x00, 0x00, 0x00,
	0x00, 0x00, 0x00, 0x00, 0x00, 0x00, 0x00, 0x00, 0x00, 0x00, 0x00, 0x00, 0x00, 0x00, 0x00, 0x00,
	0x00, 0x00, 0x00, 0x00, 0x00, 0x00, 0x00, 0x00, 0x00, 0x00, 0x00, 0x00, 0x00, 0x00, 0x00, 0x00,
	0x00, 0x00, 0x00, 0x00, 0x00, 0x00, 0x00, 0x00, 0x00, 0x00, 0x00, 0x00, 0x00, 0x00, 0x00, 0x00,
	0x00, 0x00, 0x00, 0x00, 0x00, 0x00, 0x00, 0x00, 0x00, 0x00, 0x00, 0x00, 0x00, 0x00, 0x00, 0x00,
	0x00, 0x00, 0x00, 0x00, 0x00, 0x00, 0x00, 0x00, 0x00, 0x00, 0x00, 0x00, 0x00, 0x00, 0x00, 0x00,
	0x00, 0x00, 0x00, 0x00, 0x00, 0x00, 0x00, 0x00, 0x00, 0x00, 0x00, 0x00, 0x00, 0x00, 0x00, 0x00,
	0x00, 0x00, 0x00, 0x00, 0x00, 0x00, 0x00, 0x00, 0x00, 0x00, 0x00, 0x00, 0x00, 0x00, 0x00, 0x00,
	0x00, 0x00, 0x00, 0x00, 0x00, 0x00, 0x00, 0x00, 0x00, 0x00, 0x00, 0x00, 0x00, 0x00, 0x00, 0x00,
	0x00, 0x00, 0x00, 0x00, 0x00, 0x00, 0x00, 0x00, 0x00, 0x00, 0x00, 0x00, 0x00, 0x00, 0x00, 0x00,
	0x00, 0x00, 0x00, 0x00, 0x00, 0x00, 0x00, 0x00, 0x00, 0x00, 0x00, 0x00, 0x00, 0x00, 0x00, 0x00,
	0x00, 0x00, 0x00, 0x00, 0x00, 0x00, 0x00, 0x00, 0x00, 0x00, 0x00, 0x00, 0x00, 0x00, 0x00, 0x00,
	0x75, 0x00, 0x63, 0x00, 0x5f, 0x00, 0x64, 0x00, 0x61, 0x00, 0x69, 0x00, 0x6c, 0x00, 0x79, 0x00,
	0x5f, 0x00, 0x6d, 0x00, 0x61, 0x00, 0x72, 0x00, 0x6b, 0x00, 0x65, 0x00, 0x72, 0x00, 0x2e, 0x00,
	0x74, 0x00, 0x78, 0x00, 0x74, 0x00, 0x00, 0x00, 0x25, 0x00, 0x73, 0x00, 0x5c, 0x00, 0x25, 0x00,
	0x73, 0x00, 0x00, 0x00, 0x70, 0x69, 0x64, 0x3d, 0x25, 0x6c, 0x75, 0x20, 0x69, 0x6c, 0x3d, 0x25,
	0x64, 0x20, 0x25, 0x53, 0x0d, 0x0a, 0x00, 0x00, 0x73, 0x00, 0x70, 0x00, 0x61, 0x00, 0x77, 0x00,
	0x6e, 0x00, 0x2d, 0x00, 0x66, 0x00, 0x61, 0x00, 0x69, 0x00, 0x6c, 0x00, 0x00, 0x00, 0x54, 0x00,
	0x45, 0x00, 0x4d, 0x00, 0x50, 0x00, 0x00, 0x00, 0x64, 0x00, 0x61, 0x00, 0x72, 0x00, 0x74, 0x00,
	0x73, 0x00, 0x2d, 0x00, 0x75, 0x00, 0x61, 0x00, 0x63, 0x00, 0x2d, 0x00, 0x77, 0x00, 0x6f, 0x00,
	0x72, 0x00, 0x6b, 0x00, 0x2e, 0x00, 0x74, 0x00, 0x78, 0x00, 0x74, 0x00, 0x00, 0x00, 0x00, 0x00,
	0x64, 0x00, 0x61, 0x00, 0x72, 0x00, 0x74, 0x00, 0x73, 0x00, 0x2d, 0x00, 0x75, 0x00, 0x61, 0x00,
	0x63, 0x00, 0x2d, 0x00, 0x63, 0x00, 0x66, 0x00, 0x67, 0x00, 0x2e, 0x00, 0x6a, 0x00, 0x73, 0x00,
	0x6f, 0x00, 0x6e, 0x00, 0x00, 0x00, 0x6c, 0x00, 0x6f, 0x00, 0x61, 0x00, 0x64, 0x00, 0x2d, 0x00,
	0x6e, 0x00, 0x6f, 0x00, 0x2d, 0x00, 0x77, 0x00, 0x6f, 0x00, 0x72, 0x00, 0x6b, 0x00, 0x00, 0x00,
	0x5c, 0x00, 0x44, 0x00, 0x61, 0x00, 0x72, 0x00, 0x6b, 0x00, 0x41, 0x00, 0x72, 0x00, 0x74, 0x00,
	0x73, 0x00, 0x2d, 0x00, 0x75, 0x00, 0x61, 0x00, 0x63, 0x00, 0x00, 0x00, 0x00, 0x00, 0x00, 0x00,
	0x73, 0x00, 0x63, 0x00, 0x68, 0x00, 0x74, 0x00, 0x61, 0x00, 0x73, 0x00, 0x6b, 0x00, 0x73, 0x00,
	0x2e, 0x00, 0x65, 0x00, 0x78, 0x00, 0x65, 0x00, 0x20, 0x00, 0x2f, 0x00, 0x51, 0x00, 0x75, 0x00,
	0x65, 0x00, 0x72, 0x00, 0x79, 0x00, 0x20, 0x00, 0x2f, 0x00, 0x54, 0x00, 0x4e, 0x00, 0x20, 0x00,
	0x25, 0x00, 0x73, 0x00, 0x00, 0x00, 0x00, 0x00, 0x64, 0x00, 0x61, 0x00, 0x72, 0x00, 0x74, 0x00,
	0x73, 0x00, 0x2d, 0x00, 0x75, 0x00, 0x61, 0x00, 0x63, 0x00, 0x2d, 0x00, 0x74, 0x00, 0x61, 0x00,
	0x73, 0x00, 0x6b, 0x00, 0x2e, 0x00, 0x78, 0x00, 0x6d, 0x00, 0x6c, 0x00, 0x00, 0x00, 0x00, 0x00,
	0x73, 0x00, 0x63, 0x00, 0x68, 0x00, 0x74, 0x00, 0x61, 0x00, 0x73, 0x00, 0x6b, 0x00, 0x73, 0x00,
	0x2e, 0x00, 0x65, 0x00, 0x78, 0x00, 0x65, 0x00, 0x20, 0x00, 0x2f, 0x00, 0x43, 0x00, 0x72, 0x00,
	0x65, 0x00, 0x61, 0x00, 0x74, 0x00, 0x65, 0x00, 0x20, 0x00, 0x2f, 0x00, 0x54, 0x00, 0x4e, 0x00,
	0x20, 0x00, 0x25, 0x00, 0x73, 0x00, 0x20, 0x00, 0x2f, 0x00, 0x58, 0x00, 0x4d, 0x00, 0x4c, 0x00,
	0x20, 0x00, 0x22, 0x00, 0x25, 0x00, 0x73, 0x00, 0x22, 0x00, 0x20, 0x00, 0x2f, 0x00, 0x46, 0x00,
	0x00, 0x00, 0x63, 0x00, 0x6d, 0x00, 0x64, 0x00, 0x2e, 0x00, 0x65, 0x00, 0x78, 0x00, 0x65, 0x00,
	0x20, 0x00, 0x2f, 0x00, 0x63, 0x00, 0x20, 0x00, 0x25, 0x00, 0x53, 0x00, 0x00, 0x00, 0x20, 0x00,
	0x3e, 0x00, 0x20, 0x00, 0x22, 0x00, 0x25, 0x00, 0x73, 0x00, 0x22, 0x00, 0x20, 0x00, 0x32, 0x00,
	0x3e, 0x00, 0x26, 0x00, 0x31, 0x00, 0x00, 0x00, 0x0d, 0x0a, 0x5b, 0x65, 0x78, 0x69, 0x74, 0x20,
	0x25, 0x6c, 0x75, 0x5d, 0x0d, 0x0a, 0x00, 0x00, 0x64, 0x00, 0x6f, 0x00, 0x6e, 0x00, 0x65, 0x00,
	0x00, 0x00, 0x6c, 0x00, 0x6f, 0x00, 0x61, 0x00, 0x64, 0x00, 0x00, 0x00, 0x00, 0x00, 0x00, 0x00,
	0x90, 0x1e, 0x20, 0x63, 0x03, 0x00, 0x00, 0x00, 0x00, 0x00, 0x00, 0x00, 0x00, 0x00, 0x00, 0x00,
	0x00, 0x00, 0x00, 0x00, 0x00, 0x00, 0x00, 0x00, 0x00, 0x00, 0x00, 0x00, 0x00, 0x00, 0x00, 0x00,
	0x00, 0xa0, 0x20, 0x63, 0x03, 0x00, 0x00, 0x00, 0x08, 0xa0, 0x20, 0x63, 0x03, 0x00, 0x00, 0x00,
	0x6c, 0x72, 0x20, 0x63, 0x03, 0x00, 0x00, 0x00, 0x50, 0x47, 0x20, 0x63, 0x03, 0x00, 0x00, 0x00,
	0x00, 0x00, 0x00, 0x00, 0x00, 0x00, 0x00, 0x00, 0x00, 0x00, 0x00, 0x00, 0x00, 0x00, 0x00, 0x00,
	0x00, 0x00, 0x00, 0x00, 0x00, 0x00, 0x00, 0x00, 0x00, 0x00, 0x00, 0x00, 0x00, 0x00, 0x00, 0x00,
	0x4d, 0x69, 0x6e, 0x67, 0x77, 0x2d, 0x77, 0x36, 0x34, 0x20, 0x72, 0x75, 0x6e, 0x74, 0x69, 0x6d,
	0x65, 0x20, 0x66, 0x61, 0x69, 0x6c, 0x75, 0x72, 0x65, 0x3a, 0x0a, 0x00, 0x00, 0x00, 0x00, 0x00,
	0x41, 0x64, 0x64, 0x72, 0x65, 0x73, 0x73, 0x20, 0x25, 0x70, 0x20, 0x68, 0x61, 0x73, 0x20, 0x6e,
	0x6f, 0x20, 0x69, 0x6d, 0x61, 0x67, 0x65, 0x2d, 0x73, 0x65, 0x63, 0x74, 0x69, 0x6f, 0x6e, 0x00,
	0x20, 0x20, 0x56, 0x69, 0x72, 0x74, 0x75, 0x61, 0x6c, 0x51, 0x75, 0x65, 0x72, 0x79, 0x20, 0x66,
	0x61, 0x69, 0x6c, 0x65, 0x64, 0x20, 0x66, 0x6f, 0x72, 0x20, 0x25, 0x64, 0x20, 0x62, 0x79, 0x74,
	0x65, 0x73, 0x20, 0x61, 0x74, 0x20, 0x61, 0x64, 0x64, 0x72, 0x65, 0x73, 0x73, 0x20, 0x25, 0x70,
	0x00, 0x00, 0x00, 0x00, 0x00, 0x00, 0x00, 0x00, 0x20, 0x20, 0x56, 0x69, 0x72, 0x74, 0x75, 0x61,
	0x6c, 0x50, 0x72, 0x6f, 0x74, 0x65, 0x63, 0x74, 0x20, 0x66, 0x61, 0x69, 0x6c, 0x65, 0x64, 0x20,
	0x77, 0x69, 0x74, 0x68, 0x20, 0x63, 0x6f, 0x64, 0x65, 0x20, 0x30, 0x78, 0x25, 0x78, 0x00, 0x00,
	0x20, 0x20, 0x55, 0x6e, 0x6b, 0x6e, 0x6f, 0x77, 0x6e, 0x20, 0x70, 0x73, 0x65, 0x75, 0x64, 0x6f,
	0x20, 0x72, 0x65, 0x6c, 0x6f, 0x63, 0x61, 0x74, 0x69, 0x6f, 0x6e, 0x20, 0x70, 0x72, 0x6f, 0x74,
	0x6f, 0x63, 0x6f, 0x6c, 0x20, 0x76, 0x65, 0x72, 0x73, 0x69, 0x6f, 0x6e, 0x20, 0x25, 0x64, 0x2e,
	0x0a, 0x00, 0x00, 0x00, 0x00, 0x00, 0x00, 0x00, 0x20, 0x20, 0x55, 0x6e, 0x6b, 0x6e, 0x6f, 0x77,
	0x6e, 0x20, 0x70, 0x73, 0x65, 0x75, 0x64, 0x6f, 0x20, 0x72, 0x65, 0x6c, 0x6f, 0x63, 0x61, 0x74,
	0x69, 0x6f, 0x6e, 0x20, 0x62, 0x69, 0x74, 0x20, 0x73, 0x69, 0x7a, 0x65, 0x20, 0x25, 0x64, 0x2e,
	0x0a, 0x00, 0x00, 0x00, 0x00, 0x00, 0x00, 0x00, 0x25, 0x64, 0x20, 0x62, 0x69, 0x74, 0x20, 0x70,
	0x73, 0x65, 0x75, 0x64, 0x6f, 0x20, 0x72, 0x65, 0x6c, 0x6f, 0x63, 0x61, 0x74, 0x69, 0x6f, 0x6e,
	0x20, 0x61, 0x74, 0x20, 0x25, 0x70, 0x20, 0x6f, 0x75, 0x74, 0x20, 0x6f, 0x66, 0x20, 0x72, 0x61,
	0x6e, 0x67, 0x65, 0x2c, 0x20, 0x74, 0x61, 0x72, 0x67, 0x65, 0x74, 0x69, 0x6e, 0x67, 0x20, 0x25,
	0x70, 0x2c, 0x20, 0x79, 0x69, 0x65, 0x6c, 0x64, 0x69, 0x6e, 0x67, 0x20, 0x74, 0x68, 0x65, 0x20,
	0x76, 0x61, 0x6c, 0x75, 0x65, 0x20, 0x25, 0x70, 0x2e, 0x0a, 0x00, 0x00, 0x00, 0x00, 0x00, 0x00,
	0x30, 0x30, 0x20, 0x63, 0x03, 0x00, 0x00, 0x00, 0x00, 0x00, 0x00, 0x00, 0x00, 0x00, 0x00, 0x00,
	0x00, 0x47, 0x20, 0x63, 0x03, 0x00, 0x00, 0x00, 0x00, 0x00, 0x00, 0x00, 0x00, 0x00, 0x00, 0x00,
	0x00, 0x00, 0x20, 0x63, 0x03, 0x00, 0x00, 0x00, 0x00, 0x00, 0x00, 0x00, 0x00, 0x00, 0x00, 0x00,
	0x00, 0x47, 0x20, 0x63, 0x03, 0x00, 0x00, 0x00, 0x00, 0x00, 0x00, 0x00, 0x00, 0x00, 0x00, 0x00,
	0x00, 0x47, 0x20, 0x63, 0x03, 0x00, 0x00, 0x00, 0x00, 0x00, 0x00, 0x00, 0x00, 0x00, 0x00, 0x00,
	0x00, 0x42, 0x20, 0x63, 0x03, 0x00, 0x00, 0x00, 0x00, 0x00, 0x00, 0x00, 0x00, 0x00, 0x00, 0x00,
	0x70, 0x72, 0x20, 0x63, 0x03, 0x00, 0x00, 0x00, 0x00, 0x00, 0x00, 0x00, 0x00, 0x00, 0x00, 0x00,
	0x24, 0x30, 0x20, 0x63, 0x03, 0x00, 0x00, 0x00, 0x00, 0x00, 0x00, 0x00, 0x00, 0x00, 0x00, 0x00,
	0x50, 0x72, 0x20, 0x63, 0x03, 0x00, 0x00, 0x00, 0x00, 0x00, 0x00, 0x00, 0x00, 0x00, 0x00, 0x00,
	0x58, 0x72, 0x20, 0x63, 0x03, 0x00, 0x00, 0x00, 0x00, 0x00, 0x00, 0x00, 0x00, 0x00, 0x00, 0x00,
	0x28, 0x47, 0x20, 0x63, 0x03, 0x00, 0x00, 0x00, 0x00, 0x00, 0x00, 0x00, 0x00, 0x00, 0x00, 0x00,
	0x30, 0x47, 0x20, 0x63, 0x03, 0x00, 0x00, 0x00, 0x00, 0x00, 0x00, 0x00, 0x00, 0x00, 0x00, 0x00,
	0x38, 0x47, 0x20, 0x63, 0x03, 0x00, 0x00, 0x00, 0x00, 0x00, 0x00, 0x00, 0x00, 0x00, 0x00, 0x00,
	0x40, 0x47, 0x20, 0x63, 0x03, 0x00, 0x00, 0x00, 0x00, 0x00, 0x00, 0x00, 0x00, 0x00, 0x00, 0x00,
	0x47, 0x43, 0x43, 0x3a, 0x20, 0x28, 0x47, 0x4e, 0x55, 0x29, 0x20, 0x31, 0x36, 0x2e, 0x32, 0x2e,
	0x30, 0x00, 0x00, 0x00, 0x00, 0x00, 0x00, 0x00, 0x00, 0x00, 0x00, 0x00, 0x00, 0x00, 0x00, 0x00,
	0x47, 0x43, 0x43, 0x3a, 0x20, 0x28, 0x47, 0x4e, 0x55, 0x29, 0x20, 0x31, 0x36, 0x2e, 0x32, 0x2e,
	0x30, 0x00, 0x00, 0x00, 0x00, 0x00, 0x00, 0x00, 0x00, 0x00, 0x00, 0x00, 0x00, 0x00, 0x00, 0x00,
	0x47, 0x43, 0x43, 0x3a, 0x20, 0x28, 0x47, 0x4e, 0x55, 0x29, 0x20, 0x31, 0x36, 0x2e, 0x32, 0x2e,
	0x30, 0x00, 0x00, 0x00, 0x00, 0x00, 0x00, 0x00, 0x00, 0x00, 0x00, 0x00, 0x00, 0x00, 0x00, 0x00,
	0x47, 0x43, 0x43, 0x3a, 0x20, 0x28, 0x47, 0x4e, 0x55, 0x29, 0x20, 0x31, 0x36, 0x2e, 0x32, 0x2e,
	0x30, 0x00, 0x00, 0x00, 0x00, 0x00, 0x00, 0x00, 0x00, 0x00, 0x00, 0x00, 0x00, 0x00, 0x00, 0x00,
	0x47, 0x43, 0x43, 0x3a, 0x20, 0x28, 0x47, 0x4e, 0x55, 0x29, 0x20, 0x31, 0x36, 0x2e, 0x32, 0x2e,
	0x30, 0x00, 0x00, 0x00, 0x00, 0x00, 0x00, 0x00, 0x00, 0x00, 0x00, 0x00, 0x00, 0x00, 0x00, 0x00,
	0x47, 0x43, 0x43, 0x3a, 0x20, 0x28, 0x47, 0x4e, 0x55, 0x29, 0x20, 0x31, 0x36, 0x2e, 0x32, 0x2e,
	0x30, 0x00, 0x00, 0x00, 0x00, 0x00, 0x00, 0x00, 0x00, 0x00, 0x00, 0x00, 0x00, 0x00, 0x00, 0x00,
	0x47, 0x43, 0x43, 0x3a, 0x20, 0x28, 0x47, 0x4e, 0x55, 0x29, 0x20, 0x31, 0x36, 0x2e, 0x32, 0x2e,
	0x30, 0x00, 0x00, 0x00, 0x00, 0x00, 0x00, 0x00, 0x00, 0x00, 0x00, 0x00, 0x00, 0x00, 0x00, 0x00,
	0x47, 0x43, 0x43, 0x3a, 0x20, 0x28, 0x47, 0x4e, 0x55, 0x29, 0x20, 0x31, 0x36, 0x2e, 0x32, 0x2e,
	0x30, 0x00, 0x00, 0x00, 0x00, 0x00, 0x00, 0x00, 0x00, 0x00, 0x00, 0x00, 0x00, 0x00, 0x00, 0x00,
	0x47, 0x43, 0x43, 0x3a, 0x20, 0x28, 0x47, 0x4e, 0x55, 0x29, 0x20, 0x31, 0x36, 0x2e, 0x32, 0x2e,
	0x30, 0x00, 0x00, 0x00, 0x00, 0x00, 0x00, 0x00, 0x00, 0x00, 0x00, 0x00, 0x00, 0x00, 0x00, 0x00,
	0x47, 0x43, 0x43, 0x3a, 0x20, 0x28, 0x47, 0x4e, 0x55, 0x29, 0x20, 0x31, 0x36, 0x2e, 0x32, 0x2e,
	0x30, 0x00, 0x00, 0x00, 0x00, 0x00, 0x00, 0x00, 0x00, 0x00, 0x00, 0x00, 0x00, 0x00, 0x00, 0x00,
	0x47, 0x43, 0x43, 0x3a, 0x20, 0x28, 0x47, 0x4e, 0x55, 0x29, 0x20, 0x31, 0x36, 0x2e, 0x32, 0x2e,
	0x30, 0x00, 0x00, 0x00, 0x00, 0x00, 0x00, 0x00, 0x00, 0x00, 0x00, 0x00, 0x00, 0x00, 0x00, 0x00,
	0x47, 0x43, 0x43, 0x3a, 0x20, 0x28, 0x47, 0x4e, 0x55, 0x29, 0x20, 0x31, 0x36, 0x2e, 0x32, 0x2e,
	0x30, 0x00, 0x00, 0x00, 0x00, 0x00, 0x00, 0x00, 0x00, 0x00, 0x00, 0x00, 0x00, 0x00, 0x00, 0x00,
	0x47, 0x43, 0x43, 0x3a, 0x20, 0x28, 0x47, 0x4e, 0x55, 0x29, 0x20, 0x31, 0x36, 0x2e, 0x32, 0x2e,
	0x30, 0x00, 0x00, 0x00, 0x00, 0x00, 0x00, 0x00, 0x00, 0x00, 0x00, 0x00, 0x00, 0x00, 0x00, 0x00,
	0x47, 0x43, 0x43, 0x3a, 0x20, 0x28, 0x47, 0x4e, 0x55, 0x29, 0x20, 0x31, 0x36, 0x2e, 0x32, 0x2e,
	0x30, 0x00, 0x00, 0x00, 0x00, 0x00, 0x00, 0x00, 0x00, 0x00, 0x00, 0x00, 0x00, 0x00, 0x00, 0x00,
	0x47, 0x43, 0x43, 0x3a, 0x20, 0x28, 0x47, 0x4e, 0x55, 0x29, 0x20, 0x31, 0x36, 0x2e, 0x32, 0x2e,
	0x30, 0x00, 0x00, 0x00, 0x00, 0x00, 0x00, 0x00, 0x00, 0x00, 0x00, 0x00, 0x00, 0x00, 0x00, 0x00,
	0x47, 0x43, 0x43, 0x3a, 0x20, 0x28, 0x47, 0x4e, 0x55, 0x29, 0x20, 0x31, 0x36, 0x2e, 0x32, 0x2e,
	0x30, 0x00, 0x00, 0x00, 0x00, 0x00, 0x00, 0x00, 0x00, 0x00, 0x00, 0x00, 0x00, 0x00, 0x00, 0x00,
	0x47, 0x43, 0x43, 0x3a, 0x20, 0x28, 0x47, 0x4e, 0x55, 0x29, 0x20, 0x31, 0x36, 0x2e, 0x32, 0x2e,
	0x30, 0x00, 0x00, 0x00, 0x00, 0x00, 0x00, 0x00, 0x00, 0x00, 0x00, 0x00, 0x00, 0x00, 0x00, 0x00,
	0x47, 0x43, 0x43, 0x3a, 0x20, 0x28, 0x47, 0x4e, 0x55, 0x29, 0x20, 0x31, 0x36, 0x2e, 0x32, 0x2e,
	0x30, 0x00, 0x00, 0x00, 0x00, 0x00, 0x00, 0x00, 0x00, 0x00, 0x00, 0x00, 0x00, 0x00, 0x00, 0x00,
	0x47, 0x43, 0x43, 0x3a, 0x20, 0x28, 0x47, 0x4e, 0x55, 0x29, 0x20, 0x31, 0x36, 0x2e, 0x32, 0x2e,
	0x30, 0x00, 0x00, 0x00, 0x00, 0x00, 0x00, 0x00, 0x00, 0x00, 0x00, 0x00, 0x00, 0x00, 0x00, 0x00,
	0xff, 0xff, 0xff, 0xff, 0xff, 0xff, 0xff, 0xff, 0x90, 0x2e, 0x20, 0x63, 0x03, 0x00, 0x00, 0x00,
	0x00, 0x00, 0x00, 0x00, 0x00, 0x00, 0x00, 0x00, 0xff, 0xff, 0xff, 0xff, 0xff, 0xff, 0xff, 0xff,
	0x00, 0x00, 0x00, 0x00, 0x00, 0x00, 0x00, 0x00, 0x00, 0x00, 0x00, 0x00, 0x00, 0x00, 0x00, 0x00,
	0x00, 0x00, 0x00, 0x00, 0x00, 0x00, 0x00, 0x00, 0x00, 0x00, 0x00, 0x00, 0x00, 0x00, 0x00, 0x00,
	0x00, 0x00, 0x00, 0x00, 0x00, 0x00, 0x00, 0x00, 0x00, 0x00, 0x00, 0x00, 0x00, 0x00, 0x00, 0x00,
	0x90, 0x1e, 0x20, 0x63, 0x03, 0x00, 0x00, 0x00, 0x70, 0x1e, 0x20, 0x63, 0x03, 0x00, 0x00, 0x00,
	0x00, 0x00, 0x00, 0x00, 0x00, 0x00, 0x00, 0x00, 0x00, 0x00, 0x00, 0x00, 0x00, 0x00, 0x00, 0x00,
	0x00, 0x00, 0x00, 0x00, 0x00, 0x00, 0x00, 0x00, 0x00, 0x00, 0x00, 0x00, 0x00, 0x00, 0x00, 0x00,
	0x00, 0x00, 0x00, 0x00, 0x00, 0x00, 0x00, 0x00, 0x00, 0x00, 0x00, 0x00, 0x00, 0x00, 0x00, 0x00,
	0x00, 0x00, 0x00, 0x00, 0x00, 0x00, 0x00, 0x00, 0x00, 0x00, 0x00, 0x00, 0x00, 0x00, 0x00, 0x00,
	0x00, 0x00, 0x00, 0x00, 0x00, 0x00, 0x00, 0x00, 0x00, 0x00, 0x00, 0x00, 0x00, 0x00, 0x00, 0x00,
	0x00, 0x00, 0x00, 0x00, 0x00, 0x00, 0x00, 0x00, 0x00, 0x00, 0x00, 0x00, 0x00, 0x00, 0x00, 0x00,
	0x00, 0x00, 0x00, 0x00, 0x00, 0x00, 0x00, 0x00, 0x00, 0x00, 0x00, 0x00, 0x00, 0x00, 0x00, 0x00,
	0x00, 0x00, 0x00, 0x00, 0x00, 0x00, 0x00, 0x00, 0x00, 0x00, 0x00, 0x00, 0x00, 0x00, 0x00, 0x00,
	0x00, 0x00, 0x00, 0x00, 0x00, 0x00, 0x00, 0x00, 0x00, 0x00, 0x00, 0x00, 0x00, 0x00, 0x00, 0x00,
	0x00, 0x00, 0x00, 0x00, 0x00, 0x00, 0x00, 0x00, 0x00, 0x00, 0x00, 0x00, 0x00, 0x00, 0x00, 0x00,
	0x00, 0x10, 0x00, 0x00, 0x08, 0x12, 0x00, 0x00, 0x00, 0x60, 0x00, 0x00, 0x10, 0x12, 0x00, 0x00,
	0xfb, 0x12, 0x00, 0x00, 0x10, 0x60, 0x00, 0x00, 0x00, 0x13, 0x00, 0x00, 0x0f, 0x13, 0x00, 0x00,
	0x20, 0x60, 0x00, 0x00, 0x10, 0x13, 0x00, 0x00, 0x1c, 0x13, 0x00, 0x00, 0x24, 0x60, 0x00, 0x00,
	0x20, 0x13, 0x00, 0x00, 0x21, 0x13, 0x00, 0x00, 0x28, 0x60, 0x00, 0x00, 0x30, 0x13, 0x00, 0x00,
	0x95, 0x14, 0x00, 0x00, 0x2c, 0x60, 0x00, 0x00, 0xa0, 0x14, 0x00, 0x00, 0xb6, 0x15, 0x00, 0x00,
	0x3c, 0x60, 0x00, 0x00, 0xc0, 0x15, 0x00, 0x00, 0xb3, 0x1c, 0x00, 0x00, 0x48, 0x60, 0x00, 0x00,
	0xc0, 0x1c, 0x00, 0x00, 0x2c, 0x1d, 0x00, 0x00, 0x60, 0x60, 0x00, 0x00, 0x30, 0x1d, 0x00, 0x00,
	0x43, 0x1d, 0x00, 0x00, 0x68, 0x60, 0x00, 0x00, 0x50, 0x1d, 0x00, 0x00, 0x56, 0x1d, 0x00, 0x00,
	0x70, 0x60, 0x00, 0x00, 0x60, 0x1d, 0x00, 0x00, 0x63, 0x1d, 0x00, 0x00, 0x74, 0x60, 0x00, 0x00,
	0x70, 0x1d, 0x00, 0x00, 0x73, 0x1d, 0x00, 0x00, 0x78, 0x60, 0x00, 0x00, 0x80, 0x1d, 0x00, 0x00,
	0xc2, 0x1d, 0x00, 0x00, 0x7c, 0x60, 0x00, 0x00, 0xd0, 0x1d, 0x00, 0x00, 0x42, 0x1e, 0x00, 0x00,
	0x84, 0x60, 0x00, 0x00, 0x50, 0x1e, 0x00, 0x00, 0x6f, 0x1e, 0x00, 0x00, 0x90, 0x60, 0x00, 0x00,
	0x70, 0x1e, 0x00, 0x00, 0x85, 0x1e, 0x00, 0x00, 0x94, 0x60, 0x00, 0x00, 0x90, 0x1e, 0x00, 0x00,
	0x0b, 0x1f, 0x00, 0x00, 0x98, 0x60, 0x00, 0x00, 0x10, 0x1f, 0x00, 0x00, 0x13, 0x1f, 0x00, 0x00,
	0xa4, 0x60, 0x00, 0x00, 0x20, 0x1f, 0x00, 0x00, 0x7e, 0x1f, 0x00, 0x00, 0xa8, 0x60, 0x00, 0x00,
	0x80, 0x1f, 0x00, 0x00, 0xe2, 0x20, 0x00, 0x00, 0xb4, 0x60, 0x00, 0x00, 0xf0, 0x20, 0x00, 0x00,
	0x90, 0x24, 0x00, 0x00, 0xc0, 0x60, 0x00, 0x00, 0xa0, 0x24, 0x00, 0x00, 0x07, 0x25, 0x00, 0x00,
	0xd8, 0x60, 0x00, 0x00, 0x10, 0x25, 0x00, 0x00, 0xa6, 0x25, 0x00, 0x00, 0xe8, 0x60, 0x00, 0x00,
	0xb0, 0x25, 0x00, 0x00, 0x41, 0x26, 0x00, 0x00, 0xf0, 0x60, 0x00, 0x00, 0x50, 0x26, 0x00, 0x00,
	0x42, 0x27, 0x00, 0x00, 0xf8, 0x60, 0x00, 0x00, 0x60, 0x27, 0x00, 0x00, 0x63, 0x27, 0x00, 0x00,
	0x00, 0x61, 0x00, 0x00, 0x70, 0x27, 0x00, 0x00, 0x9c, 0x27, 0x00, 0x00, 0x04, 0x61, 0x00, 0x00,
	0xa0, 0x27, 0x00, 0x00, 0xf0, 0x27, 0x00, 0x00, 0x08, 0x61, 0x00, 0x00, 0xf0, 0x27, 0x00, 0x00,
	0x86, 0x28, 0x00, 0x00, 0x0c, 0x61, 0x00, 0x00, 0x90, 0x28, 0x00, 0x00, 0x01, 0x29, 0x00, 0x00,
	0x1c, 0x61, 0x00, 0x00, 0x10, 0x29, 0x00, 0x00, 0x3d, 0x29, 0x00, 0x00, 0x20, 0x61, 0x00, 0x00,
	0x40, 0x29, 0x00, 0x00, 0xac, 0x29, 0x00, 0x00, 0x24, 0x61, 0x00, 0x00, 0xb0, 0x29, 0x00, 0x00,
	0xe0, 0x29, 0x00, 0x00, 0x28, 0x61, 0x00, 0x00, 0xe0, 0x29, 0x00, 0x00, 0x61, 0x2a, 0x00, 0x00,
	0x2c, 0x61, 0x00, 0x00, 0x70, 0x2a, 0x00, 0x00, 0x28, 0x2b, 0x00, 0x00, 0x30, 0x61, 0x00, 0x00,
	0x70, 0x2b, 0x00, 0x00, 0xb0, 0x2b, 0x00, 0x00, 0x34, 0x61, 0x00, 0x00, 0xb0, 0x2b, 0x00, 0x00,
	0xcf, 0x2b, 0x00, 0x00, 0x40, 0x61, 0x00, 0x00, 0xd0, 0x2b, 0x00, 0x00, 0xed, 0x2b, 0x00, 0x00,
	0x48, 0x61, 0x00, 0x00, 0xf0, 0x2b, 0x00, 0x00, 0xa7, 0x2c, 0x00, 0x00, 0x4c, 0x61, 0x00, 0x00,
	0xb0, 0x2c, 0x00, 0x00, 0x17, 0x2d, 0x00, 0x00, 0x58, 0x61, 0x00, 0x00, 0x90, 0x2e, 0x00, 0x00,
	0x95, 0x2e, 0x00, 0x00, 0x64, 0x61, 0x00, 0x00, 0x00, 0x00, 0x00, 0x00, 0x00, 0x00, 0x00, 0x00,
	0x01, 0x08, 0x05, 0x00, 0x08, 0x62, 0x04, 0x30, 0x03, 0x60, 0x02, 0x70, 0x01, 0x50, 0x00, 0x00,
	0x01, 0x08, 0x05, 0x00, 0x08, 0x62, 0x04, 0x30, 0x03, 0x60, 0x02, 0x70, 0x01, 0x50, 0x00, 0x00,
	0x01, 0x00, 0x00, 0x00, 0x01, 0x00, 0x00, 0x00, 0x01, 0x00, 0x00, 0x00, 0x01, 0x0b, 0x06, 0x00,
	0x0b, 0x01, 0x8f, 0x00, 0x04, 0x30, 0x03, 0x60, 0x02, 0x70, 0x01, 0x50, 0x01, 0x08, 0x03, 0x00,
	0x08, 0x01, 0x1e, 0x00, 0x01, 0x30, 0x00, 0x00, 0x01, 0x19, 0x0a, 0x00, 0x19, 0x01, 0xdb, 0x0c,
	0x11, 0x30, 0x10, 0x60, 0x0f, 0x70, 0x0e, 0x50, 0x0d, 0xc0, 0x0b, 0xd0, 0x09, 0xe0, 0x02, 0xf0,
	0x01, 0x04, 0x01, 0x00, 0x04, 0x42, 0x00, 0x00, 0x01, 0x04, 0x01, 0x00, 0x04, 0x42, 0x00, 0x00,
	0x01, 0x00, 0x00, 0x00, 0x01, 0x00, 0x00, 0x00, 0x01, 0x00, 0x00, 0x00, 0x01, 0x04, 0x01, 0x00,
	0x04, 0x42, 0x00, 0x00, 0x01, 0x06, 0x03, 0x00, 0x06, 0x42, 0x02, 0x30, 0x01, 0x60, 0x00, 0x00,
	0x01, 0x00, 0x00, 0x00, 0x01, 0x00, 0x00, 0x00, 0x01, 0x06, 0x03, 0x00, 0x06, 0x42, 0x02, 0x30,
	0x01, 0x60, 0x00, 0x00, 0x01, 0x00, 0x00, 0x00, 0x01, 0x06, 0x03, 0x00, 0x06, 0x62, 0x02, 0x30,
	0x01, 0x60, 0x00, 0x00, 0x01, 0x07, 0x04, 0x00, 0x07, 0x92, 0x03, 0x30, 0x02, 0x60, 0x01, 0x70,
	0x01, 0x13, 0x09, 0x45, 0x13, 0x03, 0x0e, 0x72, 0x0a, 0x30, 0x09, 0x60, 0x08, 0x70, 0x07, 0xc0,
	0x05, 0xd0, 0x03, 0xe0, 0x01, 0x50, 0x00, 0x00, 0x01, 0x08, 0x05, 0x00, 0x08, 0x42, 0x04, 0x30,
	0x03, 0x60, 0x02, 0x70, 0x01, 0x50, 0x00, 0x00, 0x01, 0x04, 0x01, 0x00, 0x04, 0x62, 0x00, 0x00,
	0x01, 0x04, 0x01, 0x00, 0x04, 0x42, 0x00, 0x00, 0x01, 0x04, 0x01, 0x00, 0x04, 0x62, 0x00, 0x00,
	0x01, 0x00, 0x00, 0x00, 0x01, 0x00, 0x00, 0x00, 0x01, 0x00, 0x00, 0x00, 0x01, 0x08, 0x05, 0x00,
	0x08, 0x42, 0x04, 0x30, 0x03, 0x60, 0x02, 0x70, 0x01, 0x50, 0x00, 0x00, 0x01, 0x00, 0x00, 0x00,
	0x01, 0x00, 0x00, 0x00, 0x01, 0x00, 0x00, 0x00, 0x01, 0x00, 0x00, 0x00, 0x01, 0x00, 0x00, 0x00,
	0x01, 0x00, 0x00, 0x00, 0x01, 0x06, 0x03, 0x00, 0x06, 0x42, 0x02, 0x30, 0x01, 0x60, 0x00, 0x00,
	0x01, 0x05, 0x02, 0x00, 0x05, 0x32, 0x01, 0x30, 0x01, 0x00, 0x00, 0x00, 0x01, 0x06, 0x03, 0x00,
	0x06, 0x62, 0x02, 0x30, 0x01, 0x60, 0x00, 0x00, 0x01, 0x07, 0x04, 0x00, 0x07, 0x32, 0x03, 0x30,
	0x02, 0x60, 0x01, 0x70, 0x01, 0x00, 0x00, 0x00, 0x00, 0x00, 0x00, 0x00, 0x00, 0x00, 0x00, 0x00,
	0x00, 0x00, 0x00, 0x00, 0x00, 0x00, 0x00, 0x00, 0x00, 0x00, 0x00, 0x00, 0x00, 0x00, 0x00, 0x00,
	0x00, 0x00, 0x00, 0x00, 0x00, 0x00, 0x00, 0x00, 0x00, 0x00, 0x00, 0x00, 0x00, 0x00, 0x00, 0x00,
	0x00, 0x00, 0x00, 0x00, 0x00, 0x00, 0x00, 0x00, 0x00, 0x00, 0x00, 0x00, 0x00, 0x00, 0x00, 0x00,
	0x00, 0x00, 0x00, 0x00, 0x00, 0x00, 0x00, 0x00, 0x00, 0x00, 0x00, 0x00, 0x00, 0x00, 0x00, 0x00,
	0x00, 0x00, 0x00, 0x00, 0x00, 0x00, 0x00, 0x00, 0x00, 0x00, 0x00, 0x00, 0x00, 0x00, 0x00, 0x00,
	0x00, 0x00, 0x00, 0x00, 0x00, 0x00, 0x00, 0x00, 0x00, 0x00, 0x00, 0x00, 0x00, 0x00, 0x00, 0x00,
	0x00, 0x00, 0x00, 0x00, 0x00, 0x00, 0x00, 0x00, 0x00, 0x00, 0x00, 0x00, 0x00, 0x00, 0x00, 0x00,
	0x00, 0x00, 0x00, 0x00, 0x00, 0x00, 0x00, 0x00, 0x00, 0x00, 0x00, 0x00, 0x00, 0x00, 0x00, 0x00,
	0x00, 0x00, 0x00, 0x00, 0x00, 0x00, 0x00, 0x00, 0x00, 0x00, 0x00, 0x00, 0x00, 0x00, 0x00, 0x00,
	0x00, 0x00, 0x00, 0x00, 0x00, 0x00, 0x00, 0x00, 0x00, 0x00, 0x00, 0x00, 0x50, 0x80, 0x00, 0x00,
	0x01, 0x00, 0x00, 0x00, 0x04, 0x00, 0x00, 0x00, 0x04, 0x00, 0x00, 0x00, 0x28, 0x80, 0x00, 0x00,
	0x38, 0x80, 0x00, 0x00, 0x48, 0x80, 0x00, 0x00, 0x50, 0x1d, 0x00, 0x00, 0x30, 0x1d, 0x00, 0x00,
	0x60, 0x1d, 0x00, 0x00, 0x70, 0x1d, 0x00, 0x00, 0x5e, 0x80, 0x00, 0x00, 0x6e, 0x80, 0x00, 0x00,
	0x80, 0x80, 0x00, 0x00, 0x92, 0x80, 0x00, 0x00, 0x00, 0x00, 0x01, 0x00, 0x02, 0x00, 0x03, 0x00,
	0x64, 0x61, 0x72, 0x74, 0x73, 0x5f, 0x75, 0x63, 0x64, 0x2e, 0x64, 0x6c, 0x6c, 0x00, 0x44, 0x6c,
	0x6c, 0x43, 0x61, 0x6e, 0x55, 0x6e, 0x6c, 0x6f, 0x61, 0x64, 0x4e, 0x6f, 0x77, 0x00, 0x44, 0x6c,
	0x6c, 0x47, 0x65, 0x74, 0x43, 0x6c, 0x61, 0x73, 0x73, 0x4f, 0x62, 0x6a, 0x65, 0x63, 0x74, 0x00,
	0x44, 0x6c, 0x6c, 0x52, 0x65, 0x67, 0x69, 0x73, 0x74, 0x65, 0x72, 0x53, 0x65, 0x72, 0x76, 0x65,
	0x72, 0x00, 0x44, 0x6c, 0x6c, 0x55, 0x6e, 0x72, 0x65, 0x67, 0x69, 0x73, 0x74, 0x65, 0x72, 0x53,
	0x65, 0x72, 0x76, 0x65, 0x72, 0x00, 0x00, 0x00, 0x00, 0x00, 0x00, 0x00, 0x00, 0x00, 0x00, 0x00,
	0x00, 0x00, 0x00, 0x00, 0x00, 0x00, 0x00, 0x00, 0x00, 0x00, 0x00, 0x00, 0x00, 0x00, 0x00, 0x00,
	0x00, 0x00, 0x00, 0x00, 0x00, 0x00, 0x00, 0x00, 0x00, 0x00, 0x00, 0x00, 0x00, 0x00, 0x00, 0x00,
	0x00, 0x00, 0x00, 0x00, 0x00, 0x00, 0x00, 0x00, 0x00, 0x00, 0x00, 0x00, 0x00, 0x00, 0x00, 0x00,
	0x00, 0x00, 0x00, 0x00, 0x00, 0x00, 0x00, 0x00, 0x00, 0x00, 0x00, 0x00, 0x00, 0x00, 0x00, 0x00,
	0x00, 0x00, 0x00, 0x00, 0x00, 0x00, 0x00, 0x00, 0x00, 0x00, 0x00, 0x00, 0x00, 0x00, 0x00, 0x00,
	0x00, 0x00, 0x00, 0x00, 0x00, 0x00, 0x00, 0x00, 0x00, 0x00, 0x00, 0x00, 0x00, 0x00, 0x00, 0x00,
	0x00, 0x00, 0x00, 0x00, 0x00, 0x00, 0x00, 0x00, 0x00, 0x00, 0x00, 0x00, 0x00, 0x00, 0x00, 0x00,
	0x00, 0x00, 0x00, 0x00, 0x00, 0x00, 0x00, 0x00, 0x00, 0x00, 0x00, 0x00, 0x00, 0x00, 0x00, 0x00,
	0x00, 0x00, 0x00, 0x00, 0x00, 0x00, 0x00, 0x00, 0x00, 0x00, 0x00, 0x00, 0x00, 0x00, 0x00, 0x00,
	0x00, 0x00, 0x00, 0x00, 0x00, 0x00, 0x00, 0x00, 0x00, 0x00, 0x00, 0x00, 0x00, 0x00, 0x00, 0x00,
	0x00, 0x00, 0x00, 0x00, 0x00, 0x00, 0x00, 0x00, 0x00, 0x00, 0x00, 0x00, 0x00, 0x00, 0x00, 0x00,
	0x00, 0x00, 0x00, 0x00, 0x00, 0x00, 0x00, 0x00, 0x00, 0x00, 0x00, 0x00, 0x00, 0x00, 0x00, 0x00,
	0x00, 0x00, 0x00, 0x00, 0x00, 0x00, 0x00, 0x00, 0x00, 0x00, 0x00, 0x00, 0x00, 0x00, 0x00, 0x00,
	0x00, 0x00, 0x00, 0x00, 0x00, 0x00, 0x00, 0x00, 0x00, 0x00, 0x00, 0x00, 0x00, 0x00, 0x00, 0x00,
	0x00, 0x00, 0x00, 0x00, 0x00, 0x00, 0x00, 0x00, 0x00, 0x00, 0x00, 0x00, 0x00, 0x00, 0x00, 0x00,
	0x00, 0x00, 0x00, 0x00, 0x00, 0x00, 0x00, 0x00, 0x00, 0x00, 0x00, 0x00, 0x00, 0x00, 0x00, 0x00,
	0x00, 0x00, 0x00, 0x00, 0x00, 0x00, 0x00, 0x00, 0x00, 0x00, 0x00, 0x00, 0x00, 0x00, 0x00, 0x00,
	0x00, 0x00, 0x00, 0x00, 0x00, 0x00, 0x00, 0x00, 0x00, 0x00, 0x00, 0x00, 0x00, 0x00, 0x00, 0x00,
	0x00, 0x00, 0x00, 0x00, 0x00, 0x00, 0x00, 0x00, 0x00, 0x00, 0x00, 0x00, 0x00, 0x00, 0x00, 0x00,
	0x00, 0x00, 0x00, 0x00, 0x00, 0x00, 0x00, 0x00, 0x00, 0x00, 0x00, 0x00, 0x00, 0x00, 0x00, 0x00,
	0x00, 0x00, 0x00, 0x00, 0x00, 0x00, 0x00, 0x00, 0x00, 0x00, 0x00, 0x00, 0x00, 0x00, 0x00, 0x00,
	0x68, 0x90, 0x00, 0x00, 0x00, 0x00, 0x00, 0x00, 0x00, 0x00, 0x00, 0x00, 0x0c, 0x96, 0x00, 0x00,
	0xe8, 0x91, 0x00, 0x00, 0x80, 0x90, 0x00, 0x00, 0x00, 0x00, 0x00, 0x00, 0x00, 0x00, 0x00, 0x00,
	0x80, 0x96, 0x00, 0x00, 0x00, 0x92, 0x00, 0x00, 0x50, 0x91, 0x00, 0x00, 0x00, 0x00, 0x00, 0x00,
	0x00, 0x00, 0x00, 0x00, 0xcc, 0x96, 0x00, 0x00, 0xd0, 0x92, 0x00, 0x00, 0xd0, 0x91, 0x00, 0x00,
	0x00, 0x00, 0x00, 0x00, 0x00, 0x00, 0x00, 0x00, 0xe0, 0x96, 0x00, 0x00, 0x50, 0x93, 0x00, 0x00,
	0x00, 0x00, 0x00, 0x00, 0x00, 0x00, 0x00, 0x00, 0x00, 0x00, 0x00, 0x00, 0x00, 0x00, 0x00, 0x00,
	0x00, 0x00, 0x00, 0x00, 0x00, 0x00, 0x00, 0x00, 0x68, 0x93, 0x00, 0x00, 0x00, 0x00, 0x00, 0x00,
	0x7e, 0x93, 0x00, 0x00, 0x00, 0x00, 0x00, 0x00, 0x00, 0x00, 0x00, 0x00, 0x00, 0x00, 0x00, 0x00,
	0x92, 0x93, 0x00, 0x00, 0x00, 0x00, 0x00, 0x00, 0xa0, 0x93, 0x00, 0x00, 0x00, 0x00, 0x00, 0x00,
	0xae, 0x93, 0x00, 0x00, 0x00, 0x00, 0x00, 0x00, 0xc0, 0x93, 0x00, 0x00, 0x00, 0x00, 0x00, 0x00,
	0xd8, 0x93, 0x00, 0x00, 0x00, 0x00, 0x00, 0x00, 0xe6, 0x93, 0x00, 0x00, 0x00, 0x00, 0x00, 0x00,
	0xfe, 0x93, 0x00, 0x00, 0x00, 0x00, 0x00, 0x00, 0x12, 0x94, 0x00, 0x00, 0x00, 0x00, 0x00, 0x00,
	0x28, 0x94, 0x00, 0x00, 0x00, 0x00, 0x00, 0x00, 0x42, 0x94, 0x00, 0x00, 0x00, 0x00, 0x00, 0x00,
	0x58, 0x94, 0x00, 0x00, 0x00, 0x00, 0x00, 0x00, 0x68, 0x94, 0x00, 0x00, 0x00, 0x00, 0x00, 0x00,
	0x78, 0x94, 0x00, 0x00, 0x00, 0x00, 0x00, 0x00, 0x94, 0x94, 0x00, 0x00, 0x00, 0x00, 0x00, 0x00,
	0xac, 0x94, 0x00, 0x00, 0x00, 0x00, 0x00, 0x00, 0xba, 0x94, 0x00, 0x00, 0x00, 0x00, 0x00, 0x00,
	0xc6, 0x94, 0x00, 0x00, 0x00, 0x00, 0x00, 0x00, 0xdc, 0x94, 0x00, 0x00, 0x00, 0x00, 0x00, 0x00,
	0xe8, 0x94, 0x00, 0x00, 0x00, 0x00, 0x00, 0x00, 0xf0, 0x94, 0x00, 0x00, 0x00, 0x00, 0x00, 0x00,
	0xfe, 0x94, 0x00, 0x00, 0x00, 0x00, 0x00, 0x00, 0x10, 0x95, 0x00, 0x00, 0x00, 0x00, 0x00, 0x00,
	0x20, 0x95, 0x00, 0x00, 0x00, 0x00, 0x00, 0x00, 0x36, 0x95, 0x00, 0x00, 0x00, 0x00, 0x00, 0x00,
	0x42, 0x95, 0x00, 0x00, 0x00, 0x00, 0x00, 0x00, 0x00, 0x00, 0x00, 0x00, 0x00, 0x00, 0x00, 0x00,
	0x4e, 0x95, 0x00, 0x00, 0x00, 0x00, 0x00, 0x00, 0x5c, 0x95, 0x00, 0x00, 0x00, 0x00, 0x00, 0x00,
	0x6a, 0x95, 0x00, 0x00, 0x00, 0x00, 0x00, 0x00, 0x76, 0x95, 0x00, 0x00, 0x00, 0x00, 0x00, 0x00,
	0x7e, 0x95, 0x00, 0x00, 0x00, 0x00, 0x00, 0x00, 0x88, 0x95, 0x00, 0x00, 0x00, 0x00, 0x00, 0x00,
	0x90, 0x95, 0x00, 0x00, 0x00, 0x00, 0x00, 0x00, 0x9a, 0x95, 0x00, 0x00, 0x00, 0x00, 0x00, 0x00,
	0xa4, 0x95, 0x00, 0x00, 0x00, 0x00, 0x00, 0x00, 0xac, 0x95, 0x00, 0x00, 0x00, 0x00, 0x00, 0x00,
	0xb6, 0x95, 0x00, 0x00, 0x00, 0x00, 0x00, 0x00, 0xc0, 0x95, 0x00, 0x00, 0x00, 0x00, 0x00, 0x00,
	0xca, 0x95, 0x00, 0x00, 0x00, 0x00, 0x00, 0x00, 0xd4, 0x95, 0x00, 0x00, 0x00, 0x00, 0x00, 0x00,
	0xde, 0x95, 0x00, 0x00, 0x00, 0x00, 0x00, 0x00, 0x00, 0x00, 0x00, 0x00, 0x00, 0x00, 0x00, 0x00,
	0xea, 0x95, 0x00, 0x00, 0x00, 0x00, 0x00, 0x00, 0xf6, 0x95, 0x00, 0x00, 0x00, 0x00, 0x00, 0x00,
	0x00, 0x00, 0x00, 0x00, 0x00, 0x00, 0x00, 0x00, 0x68, 0x93, 0x00, 0x00, 0x00, 0x00, 0x00, 0x00,
	0x7e, 0x93, 0x00, 0x00, 0x00, 0x00, 0x00, 0x00, 0x00, 0x00, 0x00, 0x00, 0x00, 0x00, 0x00, 0x00,
	0x92, 0x93, 0x00, 0x00, 0x00, 0x00, 0x00, 0x00, 0xa0, 0x93, 0x00, 0x00, 0x00, 0x00, 0x00, 0x00,
	0xae, 0x93, 0x00, 0x00, 0x00, 0x00, 0x00, 0x00, 0xc0, 0x93, 0x00, 0x00, 0x00, 0x00, 0x00, 0x00,
	0xd8, 0x93, 0x00, 0x00, 0x00, 0x00, 0x00, 0x00, 0xe6, 0x93, 0x00, 0x00, 0x00, 0x00, 0x00, 0x00,
	0xfe, 0x93, 0x00, 0x00, 0x00, 0x00, 0x00, 0x00, 0x12, 0x94, 0x00, 0x00, 0x00, 0x00, 0x00, 0x00,
	0x28, 0x94, 0x00, 0x00, 0x00, 0x00, 0x00, 0x00, 0x42, 0x94, 0x00, 0x00, 0x00, 0x00, 0x00, 0x00,
	0x58, 0x94, 0x00, 0x00, 0x00, 0x00, 0x00, 0x00, 0x68, 0x94, 0x00, 0x00, 0x00, 0x00, 0x00, 0x00,
	0x78, 0x94, 0x00, 0x00, 0x00, 0x00, 0x00, 0x00, 0x94, 0x94, 0x00, 0x00, 0x00, 0x00, 0x00, 0x00,
	0xac, 0x94, 0x00, 0x00, 0x00, 0x00, 0x00, 0x00, 0xba, 0x94, 0x00, 0x00, 0x00, 0x00, 0x00, 0x00,
	0xc6, 0x94, 0x00, 0x00, 0x00, 0x00, 0x00, 0x00, 0xdc, 0x94, 0x00, 0x00, 0x00, 0x00, 0x00, 0x00,
	0xe8, 0x94, 0x00, 0x00, 0x00, 0x00, 0x00, 0x00, 0xf0, 0x94, 0x00, 0x00, 0x00, 0x00, 0x00, 0x00,
	0xfe, 0x94, 0x00, 0x00, 0x00, 0x00, 0x00, 0x00, 0x10, 0x95, 0x00, 0x00, 0x00, 0x00, 0x00, 0x00,
	0x20, 0x95, 0x00, 0x00, 0x00, 0x00, 0x00, 0x00, 0x36, 0x95, 0x00, 0x00, 0x00, 0x00, 0x00, 0x00,
	0x42, 0x95, 0x00, 0x00, 0x00, 0x00, 0x00, 0x00, 0x00, 0x00, 0x00, 0x00, 0x00, 0x00, 0x00, 0x00,
	0x4e, 0x95, 0x00, 0x00, 0x00, 0x00, 0x00, 0x00, 0x5c, 0x95, 0x00, 0x00, 0x00, 0x00, 0x00, 0x00,
	0x6a, 0x95, 0x00, 0x00, 0x00, 0x00, 0x00, 0x00, 0x76, 0x95, 0x00, 0x00, 0x00, 0x00, 0x00, 0x00,
	0x7e, 0x95, 0x00, 0x00, 0x00, 0x00, 0x00, 0x00, 0x88, 0x95, 0x00, 0x00, 0x00, 0x00, 0x00, 0x00,
	0x90, 0x95, 0x00, 0x00, 0x00, 0x00, 0x00, 0x00, 0x9a, 0x95, 0x00, 0x00, 0x00, 0x00, 0x00, 0x00,
	0xa4, 0x95, 0x00, 0x00, 0x00, 0x00, 0x00, 0x00, 0xac, 0x95, 0x00, 0x00, 0x00, 0x00, 0x00, 0x00,
	0xb6, 0x95, 0x00, 0x00, 0x00, 0x00, 0x00, 0x00, 0xc0, 0x95, 0x00, 0x00, 0x00, 0x00, 0x00, 0x00,
	0xca, 0x95, 0x00, 0x00, 0x00, 0x00, 0x00, 0x00, 0xd4, 0x95, 0x00, 0x00, 0x00, 0x00, 0x00, 0x00,
	0xde, 0x95, 0x00, 0x00, 0x00, 0x00, 0x00, 0x00, 0x00, 0x00, 0x00, 0x00, 0x00, 0x00, 0x00, 0x00,
	0xea, 0x95, 0x00, 0x00, 0x00, 0x00, 0x00, 0x00, 0xf6, 0x95, 0x00, 0x00, 0x00, 0x00, 0x00, 0x00,
	0x00, 0x00, 0x00, 0x00, 0x00, 0x00, 0x00, 0x00, 0x00, 0x00, 0x47, 0x65, 0x74, 0x54, 0x6f, 0x6b,
	0x65, 0x6e, 0x49, 0x6e, 0x66, 0x6f, 0x72, 0x6d, 0x61, 0x74, 0x69, 0x6f, 0x6e, 0x00, 0x00, 0x00,
	0x4f, 0x70, 0x65, 0x6e, 0x50, 0x72, 0x6f, 0x63, 0x65, 0x73, 0x73, 0x54, 0x6f, 0x6b, 0x65, 0x6e,
	0x00, 0x00, 0x00, 0x00, 0x43, 0x6c, 0x6f, 0x73, 0x65, 0x48, 0x61, 0x6e, 0x64, 0x6c, 0x65, 0x00,
	0x00, 0x00, 0x43, 0x72, 0x65, 0x61, 0x74, 0x65, 0x46, 0x69, 0x6c, 0x65, 0x57, 0x00, 0x00, 0x00,
	0x43, 0x72, 0x65, 0x61, 0x74, 0x65, 0x50, 0x72, 0x6f, 0x63, 0x65, 0x73, 0x73, 0x57, 0x00, 0x00,
	0x00, 0x00, 0x44, 0x65, 0x6c, 0x65, 0x74, 0x65, 0x43, 0x72, 0x69, 0x74, 0x69, 0x63, 0x61, 0x6c,
	0x53, 0x65, 0x63, 0x74, 0x69, 0x6f, 0x6e, 0x00, 0x00, 0x00, 0x44, 0x65, 0x6c, 0x65, 0x74, 0x65,
	0x46, 0x69, 0x6c, 0x65, 0x57, 0x00, 0x00, 0x00, 0x45, 0x6e, 0x74, 0x65, 0x72, 0x43, 0x72, 0x69,
	0x74, 0x69, 0x63, 0x61, 0x6c, 0x53, 0x65, 0x63, 0x74, 0x69, 0x6f, 0x6e, 0x00, 0x00, 0x00, 0x00,
	0x47, 0x65, 0x74, 0x43, 0x75, 0x72, 0x72, 0x65, 0x6e, 0x74, 0x50, 0x72, 0x6f, 0x63, 0x65, 0x73,
	0x73, 0x00, 0x00, 0x00, 0x47, 0x65, 0x74, 0x43, 0x75, 0x72, 0x72, 0x65, 0x6e, 0x74, 0x50, 0x72,
	0x6f, 0x63, 0x65, 0x73, 0x73, 0x49, 0x64, 0x00, 0x00, 0x00, 0x47, 0x65, 0x74, 0x45, 0x6e, 0x76,
	0x69, 0x72, 0x6f, 0x6e, 0x6d, 0x65, 0x6e, 0x74, 0x56, 0x61, 0x72, 0x69, 0x61, 0x62, 0x6c, 0x65,
	0x57, 0x00, 0x00, 0x00, 0x47, 0x65, 0x74, 0x45, 0x78, 0x69, 0x74, 0x43, 0x6f, 0x64, 0x65, 0x50,
	0x72, 0x6f, 0x63, 0x65, 0x73, 0x73, 0x00, 0x00, 0x00, 0x00, 0x47, 0x65, 0x74, 0x4c, 0x61, 0x73,
	0x74, 0x45, 0x72, 0x72, 0x6f, 0x72, 0x00, 0x00, 0x00, 0x00, 0x47, 0x65, 0x74, 0x54, 0x65, 0x6d,
	0x70, 0x50, 0x61, 0x74, 0x68, 0x57, 0x00, 0x00, 0x00, 0x00, 0x49, 0x6e, 0x69, 0x74, 0x69, 0x61,
	0x6c, 0x69, 0x7a, 0x65, 0x43, 0x72, 0x69, 0x74, 0x69, 0x63, 0x61, 0x6c, 0x53, 0x65, 0x63, 0x74,
	0x69, 0x6f, 0x6e, 0x00, 0x00, 0x00, 0x4c, 0x65, 0x61, 0x76, 0x65, 0x43, 0x72, 0x69, 0x74, 0x69,
	0x63, 0x61, 0x6c, 0x53, 0x65, 0x63, 0x74, 0x69, 0x6f, 0x6e, 0x00, 0x00, 0x00, 0x00, 0x4c, 0x6f,
	0x63, 0x61, 0x6c, 0x41, 0x6c, 0x6c, 0x6f, 0x63, 0x00, 0x00, 0x00, 0x00, 0x4c, 0x6f, 0x63, 0x61,
	0x6c, 0x46, 0x72, 0x65, 0x65, 0x00, 0x00, 0x00, 0x4d, 0x75, 0x6c, 0x74, 0x69, 0x42, 0x79, 0x74,
	0x65, 0x54, 0x6f, 0x57, 0x69, 0x64, 0x65, 0x43, 0x68, 0x61, 0x72, 0x00, 0x00, 0x00, 0x52, 0x65,
	0x61, 0x64, 0x46, 0x69, 0x6c, 0x65, 0x00, 0x00, 0x00, 0x00, 0x53, 0x6c, 0x65, 0x65, 0x70, 0x00,
	0x00, 0x00, 0x54, 0x6c, 0x73, 0x47, 0x65, 0x74, 0x56, 0x61, 0x6c, 0x75, 0x65, 0x00, 0x00, 0x00,
	0x56, 0x69, 0x72, 0x74, 0x75, 0x61, 0x6c, 0x50, 0x72, 0x6f, 0x74, 0x65, 0x63, 0x74, 0x00, 0x00,
	0x00, 0x00, 0x56, 0x69, 0x72, 0x74, 0x75, 0x61, 0x6c, 0x51, 0x75, 0x65, 0x72, 0x79, 0x00, 0x00,
	0x00, 0x00, 0x57, 0x61, 0x69, 0x74, 0x46, 0x6f, 0x72, 0x53, 0x69, 0x6e, 0x67, 0x6c, 0x65, 0x4f,
	0x62, 0x6a, 0x65, 0x63, 0x74, 0x00, 0x00, 0x00, 0x57, 0x72, 0x69, 0x74, 0x65, 0x46, 0x69, 0x6c,
	0x65, 0x00, 0x00, 0x00, 0x6c, 0x73, 0x74, 0x72, 0x63, 0x61, 0x74, 0x57, 0x00, 0x00, 0x00, 0x00,
	0x5f, 0x5f, 0x69, 0x6f, 0x62, 0x5f, 0x66, 0x75, 0x6e, 0x63, 0x00, 0x00, 0x00, 0x00, 0x5f, 0x61,
	0x6d, 0x73, 0x67, 0x5f, 0x65, 0x78, 0x69, 0x74, 0x00, 0x00, 0x00, 0x00, 0x5f, 0x69, 0x6e, 0x69,
	0x74, 0x74, 0x65, 0x72, 0x6d, 0x00, 0x00, 0x00, 0x5f, 0x6c, 0x6f, 0x63, 0x6b, 0x00, 0x00, 0x00,
	0x5f, 0x75, 0x6e, 0x6c, 0x6f, 0x63, 0x6b, 0x00, 0x00, 0x00, 0x61, 0x62, 0x6f, 0x72, 0x74, 0x00,
	0x00, 0x00, 0x63, 0x61, 0x6c, 0x6c, 0x6f, 0x63, 0x00, 0x00, 0x00, 0x00, 0x66, 0x70, 0x72, 0x69,
	0x6e, 0x74, 0x66, 0x00, 0x00, 0x00, 0x66, 0x72, 0x65, 0x65, 0x00, 0x00, 0x00, 0x00, 0x6d, 0x65,
	0x6d, 0x63, 0x70, 0x79, 0x00, 0x00, 0x00, 0x00, 0x72, 0x65, 0x61, 0x6c, 0x6c, 0x6f, 0x63, 0x00,
	0x00, 0x00, 0x73, 0x74, 0x72, 0x63, 0x68, 0x72, 0x00, 0x00, 0x00, 0x00, 0x73, 0x74, 0x72, 0x6c,
	0x65, 0x6e, 0x00, 0x00, 0x00, 0x00, 0x73, 0x74, 0x72, 0x6e, 0x63, 0x6d, 0x70, 0x00, 0x00, 0x00,
	0x76, 0x66, 0x70, 0x72, 0x69, 0x6e, 0x74, 0x66, 0x00, 0x00, 0x00, 0x00, 0x77, 0x73, 0x70, 0x72,
	0x69, 0x6e, 0x74, 0x66, 0x41, 0x00, 0x00, 0x00, 0x77, 0x73, 0x70, 0x72, 0x69, 0x6e, 0x74, 0x66,
	0x57, 0x00, 0x00, 0x00, 0x00, 0x90, 0x00, 0x00, 0x00, 0x90, 0x00, 0x00, 0x41, 0x44, 0x56, 0x41,
	0x50, 0x49, 0x33, 0x32, 0x2e, 0x64, 0x6c, 0x6c, 0x00, 0x00, 0x00, 0x00, 0x14, 0x90, 0x00, 0x00,
	0x14, 0x90, 0x00, 0x00, 0x14, 0x90, 0x00, 0x00, 0x14, 0x90, 0x00, 0x00, 0x14, 0x90, 0x00, 0x00,
	0x14, 0x90, 0x00, 0x00, 0x14, 0x90, 0x00, 0x00, 0x14, 0x90, 0x00, 0x00, 0x14, 0x90, 0x00, 0x00,
	0x14, 0x90, 0x00, 0x00, 0x14, 0x90, 0x00, 0x00, 0x14, 0x90, 0x00, 0x00, 0x14, 0x90, 0x00, 0x00,
	0x14, 0x90, 0x00, 0x00, 0x14, 0x90, 0x00, 0x00, 0x14, 0x90, 0x00, 0x00, 0x14, 0x90, 0x00, 0x00,
	0x14, 0x90, 0x00, 0x00, 0x14, 0x90, 0x00, 0x00, 0x14, 0x90, 0x00, 0x00, 0x14, 0x90, 0x00, 0x00,
	0x14, 0x90, 0x00, 0x00, 0x14, 0x90, 0x00, 0x00, 0x14, 0x90, 0x00, 0x00, 0x14, 0x90, 0x00, 0x00,
	0x4b, 0x45, 0x52, 0x4e, 0x45, 0x4c, 0x33, 0x32, 0x2e, 0x64, 0x6c, 0x6c, 0x00, 0x00, 0x00, 0x00,
	0x28, 0x90, 0x00, 0x00, 0x28, 0x90, 0x00, 0x00, 0x28, 0x90, 0x00, 0x00, 0x28, 0x90, 0x00, 0x00,
	0x28, 0x90, 0x00, 0x00, 0x28, 0x90, 0x00, 0x00, 0x28, 0x90, 0x00, 0x00, 0x28, 0x90, 0x00, 0x00,
	0x28, 0x90, 0x00, 0x00, 0x28, 0x90, 0x00, 0x00, 0x28, 0x90, 0x00, 0x00, 0x28, 0x90, 0x00, 0x00,
	0x28, 0x90, 0x00, 0x00, 0x28, 0x90, 0x00, 0x00, 0x28, 0x90, 0x00, 0x00, 0x6d, 0x73, 0x76, 0x63,
	0x72, 0x74, 0x2e, 0x64, 0x6c, 0x6c, 0x00, 0x00, 0x3c, 0x90, 0x00, 0x00, 0x3c, 0x90, 0x00, 0x00,
	0x55, 0x53, 0x45, 0x52, 0x33, 0x32, 0x2e, 0x64, 0x6c, 0x6c, 0x00, 0x00, 0x00, 0x00, 0x00, 0x00,
	0x00, 0x00, 0x00, 0x00, 0x00, 0x00, 0x00, 0x00, 0x00, 0x00, 0x00, 0x00, 0x00, 0x00, 0x00, 0x00,
	0x00, 0x00, 0x00, 0x00, 0x00, 0x00, 0x00, 0x00, 0x00, 0x00, 0x00, 0x00, 0x00, 0x00, 0x00, 0x00,
	0x00, 0x00, 0x00, 0x00, 0x00, 0x00, 0x00, 0x00, 0x00, 0x00, 0x00, 0x00, 0x00, 0x00, 0x00, 0x00,
	0x00, 0x00, 0x00, 0x00, 0x00, 0x00, 0x00, 0x00, 0x00, 0x00, 0x00, 0x00, 0x00, 0x00, 0x00, 0x00,
	0x00, 0x00, 0x00, 0x00, 0x00, 0x00, 0x00, 0x00, 0x00, 0x00, 0x00, 0x00, 0x00, 0x00, 0x00, 0x00,
	0x00, 0x00, 0x00, 0x00, 0x00, 0x00, 0x00, 0x00, 0x00, 0x00, 0x00, 0x00, 0x00, 0x00, 0x00, 0x00,
	0x00, 0x00, 0x00, 0x00, 0x00, 0x00, 0x00, 0x00, 0x00, 0x00, 0x00, 0x00, 0x00, 0x00, 0x00, 0x00,
	0x00, 0x00, 0x00, 0x00, 0x00, 0x00, 0x00, 0x00, 0x00, 0x00, 0x00, 0x00, 0x00, 0x00, 0x00, 0x00,
	0x00, 0x00, 0x00, 0x00, 0x00, 0x00, 0x00, 0x00, 0x00, 0x00, 0x00, 0x00, 0x00, 0x00, 0x00, 0x00,
	0x00, 0x00, 0x00, 0x00, 0x00, 0x00, 0x00, 0x00, 0x00, 0x00, 0x00, 0x00, 0x00, 0x00, 0x00, 0x00,
	0x00, 0x00, 0x00, 0x00, 0x00, 0x00, 0x00, 0x00, 0x00, 0x00, 0x00, 0x00, 0x00, 0x00, 0x00, 0x00,
	0x00, 0x00, 0x00, 0x00, 0x00, 0x00, 0x00, 0x00, 0x00, 0x00, 0x00, 0x00, 0x00, 0x00, 0x00, 0x00,
	0x00, 0x00, 0x00, 0x00, 0x00, 0x00, 0x00, 0x00, 0x00, 0x00, 0x00, 0x00, 0x00, 0x00, 0x00, 0x00,
	0x00, 0x00, 0x00, 0x00, 0x00, 0x00, 0x00, 0x00, 0x00, 0x00, 0x00, 0x00, 0x00, 0x00, 0x00, 0x00,
	0x00, 0x00, 0x00, 0x00, 0x00, 0x00, 0x00, 0x00, 0x00, 0x00, 0x00, 0x00, 0x00, 0x00, 0x00, 0x00,
	0x00, 0x00, 0x00, 0x00, 0x00, 0x00, 0x00, 0x00, 0x00, 0x00, 0x00, 0x00, 0x00, 0x00, 0x00, 0x00,
	0x00, 0x00, 0x00, 0x00, 0x00, 0x00, 0x00, 0x00, 0x00, 0x00, 0x00, 0x00, 0x00, 0x00, 0x00, 0x00,
	0x00, 0x00, 0x00, 0x00, 0x00, 0x00, 0x00, 0x00, 0x00, 0x00, 0x00, 0x00, 0x00, 0x00, 0x00, 0x00,
	0x00, 0x00, 0x00, 0x00, 0x00, 0x00, 0x00, 0x00, 0x00, 0x00, 0x00, 0x00, 0x00, 0x00, 0x00, 0x00,
	0x00, 0x00, 0x00, 0x00, 0x00, 0x00, 0x00, 0x00, 0x00, 0x00, 0x00, 0x00, 0x00, 0x00, 0x00, 0x00,
	0x00, 0x00, 0x00, 0x00, 0x00, 0x00, 0x00, 0x00, 0x00, 0x00, 0x00, 0x00, 0x00, 0x00, 0x00, 0x00,
	0x00, 0x00, 0x00, 0x00, 0x00, 0x00, 0x00, 0x00, 0x00, 0x00, 0x00, 0x00, 0x00, 0x00, 0x00, 0x00,
	0x00, 0x00, 0x00, 0x00, 0x00, 0x00, 0x00, 0x00, 0x00, 0x00, 0x00, 0x00, 0x00, 0x00, 0x00, 0x00,
	0x00, 0x00, 0x00, 0x00, 0x00, 0x00, 0x00, 0x00, 0x00, 0x00, 0x00, 0x00, 0x00, 0x00, 0x00, 0x00,
	0x00, 0x00, 0x00, 0x00, 0x00, 0x00, 0x00, 0x00, 0x00, 0x00, 0x00, 0x00, 0x00, 0x00, 0x00, 0x00,
	0x00, 0x00, 0x00, 0x00, 0x00, 0x00, 0x00, 0x00, 0x00, 0x00, 0x00, 0x00, 0x00, 0x00, 0x00, 0x00,
	0x00, 0x00, 0x00, 0x00, 0x00, 0x00, 0x00, 0x00, 0x00, 0x00, 0x00, 0x00, 0x00, 0x00, 0x00, 0x00,
	0x00, 0x00, 0x00, 0x00, 0x00, 0x00, 0x00, 0x00, 0x00, 0x00, 0x00, 0x00, 0x00, 0x00, 0x00, 0x00,
	0x00, 0x00, 0x00, 0x00, 0x00, 0x00, 0x00, 0x00, 0x00, 0x00, 0x00, 0x00, 0x00, 0x00, 0x00, 0x00,
	0x00, 0x00, 0x00, 0x00, 0x00, 0x00, 0x00, 0x00, 0x00, 0x00, 0x00, 0x00, 0x00, 0x00, 0x00, 0x00,
	0x00, 0x00, 0x00, 0x00, 0x00, 0x00, 0x00, 0x00, 0x00, 0x00, 0x00, 0x00, 0x00, 0x00, 0x00, 0x00,
	0x00, 0x00, 0x00, 0x00, 0x00, 0x00, 0x00, 0x00, 0x00, 0x00, 0x00, 0x00, 0x00, 0x00, 0x00, 0x00,
	0x00, 0x00, 0x00, 0x00, 0x00, 0x00, 0x00, 0x00, 0x00, 0x00, 0x00, 0x00, 0x00, 0x00, 0x00, 0x00,
	0x00, 0x00, 0x00, 0x00, 0x00, 0x00, 0x00, 0x00, 0x00, 0x00, 0x00, 0x00, 0x00, 0x00, 0x00, 0x00,
	0x00, 0x00, 0x00, 0x00, 0x00, 0x00, 0x00, 0x00, 0x00, 0x00, 0x00, 0x00, 0x00, 0x00, 0x00, 0x00,
	0x00, 0x00, 0x00, 0x00, 0x00, 0x00, 0x00, 0x00, 0x00, 0x00, 0x00, 0x00, 0x00, 0x00, 0x00, 0x00,
	0x00, 0x00, 0x00, 0x00, 0x00, 0x00, 0x00, 0x00, 0x00, 0x00, 0x00, 0x00, 0x00, 0x00, 0x00, 0x00,
	0x00, 0x00, 0x00, 0x00, 0x00, 0x00, 0x00, 0x00, 0x00, 0x00, 0x00, 0x00, 0x00, 0x00, 0x00, 0x00,
	0x00, 0x00, 0x00, 0x00, 0x00, 0x00, 0x00, 0x00, 0x00, 0x00, 0x00, 0x00, 0x00, 0x00, 0x00, 0x00,
	0x00, 0x00, 0x00, 0x00, 0x00, 0x00, 0x00, 0x00, 0x00, 0x00, 0x00, 0x00, 0x00, 0x00, 0x00, 0x00,
	0x00, 0x00, 0x00, 0x00, 0x00, 0x00, 0x00, 0x00, 0x00, 0x00, 0x00, 0x00, 0x00, 0x00, 0x00, 0x00,
	0x00, 0x00, 0x00, 0x00, 0x00, 0x00, 0x00, 0x00, 0x00, 0x00, 0x00, 0x00, 0x00, 0x00, 0x00, 0x00,
	0x00, 0x00, 0x00, 0x00, 0x00, 0x00, 0x00, 0x00, 0x00, 0x00, 0x00, 0x00, 0x00, 0x00, 0x00, 0x00,
	0x00, 0x00, 0x00, 0x00, 0x00, 0x00, 0x00, 0x00, 0x00, 0x00, 0x00, 0x00, 0x00, 0x00, 0x00, 0x00,
	0x00, 0x00, 0x00, 0x00, 0x00, 0x00, 0x00, 0x00, 0x00, 0x00, 0x00, 0x00, 0x00, 0x00, 0x00, 0x00,
	0x00, 0x00, 0x00, 0x00, 0x00, 0x00, 0x00, 0x00, 0x00, 0x00, 0x00, 0x00, 0x00, 0x00, 0x00, 0x00,
	0x00, 0x00, 0x00, 0x00, 0x00, 0x00, 0x00, 0x00, 0x00, 0x00, 0x00, 0x00, 0x00, 0x00, 0x00, 0x00,
	0x00, 0x00, 0x00, 0x00, 0x00, 0x00, 0x00, 0x00, 0x00, 0x00, 0x00, 0x00, 0x00, 0x00, 0x00, 0x00,
	0x00, 0x00, 0x00, 0x00, 0x00, 0x00, 0x00, 0x00, 0x00, 0x00, 0x00, 0x00, 0x00, 0x00, 0x00, 0x00,
	0x00, 0x30, 0x00, 0x00, 0x14, 0x00, 0x00, 0x00, 0x10, 0xa0, 0x40, 0xa0, 0x50, 0xa0, 0x60, 0xa0,
	0x68, 0xa0, 0x70, 0xa0, 0x00, 0x40, 0x00, 0x00, 0x34, 0x00, 0x00, 0x00, 0x00, 0xa2, 0x20, 0xa2,
	0x28, 0xa2, 0x30, 0xa2, 0x38, 0xa2, 0xc0, 0xa3, 0xd0, 0xa3, 0xe0, 0xa3, 0xf0, 0xa3, 0x00, 0xa4,
	0x10, 0xa4, 0x20, 0xa4, 0x30, 0xa4, 0x40, 0xa4, 0x50, 0xa4, 0x60, 0xa4, 0x70, 0xa4, 0x80, 0xa4,
	0x90, 0xa4, 0x08, 0xa7, 0x50, 0xa7, 0x58, 0xa7, 0x00, 0x00, 0x00, 0x00, 0x00, 0x00, 0x00, 0x00,
	0x00, 0x00, 0x00, 0x00, 0x00, 0x00, 0x00, 0x00, 0x00, 0x00, 0x00, 0x00, 0x00, 0x00, 0x00, 0x00,
	0x00, 0x00, 0x00, 0x00, 0x00, 0x00, 0x00, 0x00, 0x00, 0x00, 0x00, 0x00, 0x00, 0x00, 0x00, 0x00,
	0x00, 0x00, 0x00, 0x00, 0x00, 0x00, 0x00, 0x00, 0x00, 0x00, 0x00, 0x00, 0x00, 0x00, 0x00, 0x00,
	0x00, 0x00, 0x00, 0x00, 0x00, 0x00, 0x00, 0x00, 0x00, 0x00, 0x00, 0x00, 0x00, 0x00, 0x00, 0x00,
	0x00, 0x00, 0x00, 0x00, 0x00, 0x00, 0x00, 0x00, 0x00, 0x00, 0x00, 0x00, 0x00, 0x00, 0x00, 0x00,
	0x00, 0x00, 0x00, 0x00, 0x00, 0x00, 0x00, 0x00, 0x00, 0x00, 0x00, 0x00, 0x00, 0x00, 0x00, 0x00,
	0x00, 0x00, 0x00, 0x00, 0x00, 0x00, 0x00, 0x00, 0x00, 0x00, 0x00, 0x00, 0x00, 0x00, 0x00, 0x00,
	0x00, 0x00, 0x00, 0x00, 0x00, 0x00, 0x00, 0x00, 0x00, 0x00, 0x00, 0x00, 0x00, 0x00, 0x00, 0x00,
	0x00, 0x00, 0x00, 0x00, 0x00, 0x00, 0x00, 0x00, 0x00, 0x00, 0x00, 0x00, 0x00, 0x00, 0x00, 0x00,
	0x00, 0x00, 0x00, 0x00, 0x00, 0x00, 0x00, 0x00, 0x00, 0x00, 0x00, 0x00, 0x00, 0x00, 0x00, 0x00,
	0x00, 0x00, 0x00, 0x00, 0x00, 0x00, 0x00, 0x00, 0x00, 0x00, 0x00, 0x00, 0x00, 0x00, 0x00, 0x00,
	0x00, 0x00, 0x00, 0x00, 0x00, 0x00, 0x00, 0x00, 0x00, 0x00, 0x00, 0x00, 0x00, 0x00, 0x00, 0x00,
	0x00, 0x00, 0x00, 0x00, 0x00, 0x00, 0x00, 0x00, 0x00, 0x00, 0x00, 0x00, 0x00, 0x00, 0x00, 0x00,
	0x00, 0x00, 0x00, 0x00, 0x00, 0x00, 0x00, 0x00, 0x00, 0x00, 0x00, 0x00, 0x00, 0x00, 0x00, 0x00,
	0x00, 0x00, 0x00, 0x00, 0x00, 0x00, 0x00, 0x00, 0x00, 0x00, 0x00, 0x00, 0x00, 0x00, 0x00, 0x00,
	0x00, 0x00, 0x00, 0x00, 0x00, 0x00, 0x00, 0x00, 0x00, 0x00, 0x00, 0x00, 0x00, 0x00, 0x00, 0x00,
	0x00, 0x00, 0x00, 0x00, 0x00, 0x00, 0x00, 0x00, 0x00, 0x00, 0x00, 0x00, 0x00, 0x00, 0x00, 0x00,
	0x00, 0x00, 0x00, 0x00, 0x00, 0x00, 0x00, 0x00, 0x00, 0x00, 0x00, 0x00, 0x00, 0x00, 0x00, 0x00,
	0x00, 0x00, 0x00, 0x00, 0x00, 0x00, 0x00, 0x00, 0x00, 0x00, 0x00, 0x00, 0x00, 0x00, 0x00, 0x00,
	0x00, 0x00, 0x00, 0x00, 0x00, 0x00, 0x00, 0x00, 0x00, 0x00, 0x00, 0x00, 0x00, 0x00, 0x00, 0x00,
	0x00, 0x00, 0x00, 0x00, 0x00, 0x00, 0x00, 0x00, 0x00, 0x00, 0x00, 0x00, 0x00, 0x00, 0x00, 0x00,
	0x00, 0x00, 0x00, 0x00, 0x00, 0x00, 0x00, 0x00, 0x00, 0x00, 0x00, 0x00, 0x00, 0x00, 0x00, 0x00,
	0x00, 0x00, 0x00, 0x00, 0x00, 0x00, 0x00, 0x00, 0x00, 0x00, 0x00, 0x00, 0x00, 0x00, 0x00, 0x00,
	0x00, 0x00, 0x00, 0x00, 0x00, 0x00, 0x00, 0x00, 0x00, 0x00, 0x00, 0x00, 0x00, 0x00, 0x00, 0x00,
	0x00, 0x00, 0x00, 0x00, 0x00, 0x00, 0x00, 0x00, 0x00, 0x00, 0x00, 0x00, 0x00, 0x00, 0x00, 0x00,
	0x00, 0x00, 0x00, 0x00, 0x00, 0x00, 0x00, 0x00, 0x00, 0x00, 0x00, 0x00, 0x00, 0x00, 0x00, 0x00,
	0x00, 0x00, 0x00, 0x00, 0x00, 0x00, 0x00, 0x00, 0x00, 0x00, 0x00, 0x00, 0x00, 0x00, 0x00, 0x00,
	0x2c, 0x00, 0x00, 0x00, 0x02, 0x00, 0x00, 0x00, 0x00, 0x00, 0x08, 0x00, 0x00, 0x00, 0x00, 0x00,
	0x30, 0x2b, 0x20, 0x63, 0x03, 0x00, 0x00, 0x00, 0x32, 0x00, 0x00, 0x00, 0x00, 0x00, 0x00, 0x00,
	0x00, 0x00, 0x00, 0x00, 0x00, 0x00, 0x00, 0x00, 0x00, 0x00, 0x00, 0x00, 0x00, 0x00, 0x00, 0x00,
	0x1c, 0x00, 0x00, 0x00, 0x02, 0x00, 0x28, 0x00, 0x00, 0x00, 0x08, 0x00, 0x00, 0x00, 0x00, 0x00,
	0x00, 0x00, 0x00, 0x00, 0x00, 0x00, 0x00, 0x00, 0x00, 0x00, 0x00, 0x00, 0x00, 0x00, 0x00, 0x00,
	0x00, 0x00, 0x00, 0x00, 0x00, 0x00, 0x00, 0x00, 0x00, 0x00, 0x00, 0x00, 0x00, 0x00, 0x00, 0x00,
	0x00, 0x00, 0x00, 0x00, 0x00, 0x00, 0x00, 0x00, 0x00, 0x00, 0x00, 0x00, 0x00, 0x00, 0x00, 0x00,
	0x00, 0x00, 0x00, 0x00, 0x00, 0x00, 0x00, 0x00, 0x00, 0x00, 0x00, 0x00, 0x00, 0x00, 0x00, 0x00,
	0x00, 0x00, 0x00, 0x00, 0x00, 0x00, 0x00, 0x00, 0x00, 0x00, 0x00, 0x00, 0x00, 0x00, 0x00, 0x00,
	0x00, 0x00, 0x00, 0x00, 0x00, 0x00, 0x00, 0x00, 0x00, 0x00, 0x00, 0x00, 0x00, 0x00, 0x00, 0x00,
	0x00, 0x00, 0x00, 0x00, 0x00, 0x00, 0x00, 0x00, 0x00, 0x00, 0x00, 0x00, 0x00, 0x00, 0x00, 0x00,
	0x00, 0x00, 0x00, 0x00, 0x00, 0x00, 0x00, 0x00, 0x00, 0x00, 0x00, 0x00, 0x00, 0x00, 0x00, 0x00,
	0x00, 0x00, 0x00, 0x00, 0x00, 0x00, 0x00, 0x00, 0x00, 0x00, 0x00, 0x00, 0x00, 0x00, 0x00, 0x00,
	0x00, 0x00, 0x00, 0x00, 0x00, 0x00, 0x00, 0x00, 0x00, 0x00, 0x00, 0x00, 0x00, 0x00, 0x00, 0x00,
	0x00, 0x00, 0x00, 0x00, 0x00, 0x00, 0x00, 0x00, 0x00, 0x00, 0x00, 0x00, 0x00, 0x00, 0x00, 0x00,
	0x00, 0x00, 0x00, 0x00, 0x00, 0x00, 0x00, 0x00, 0x00, 0x00, 0x00, 0x00, 0x00, 0x00, 0x00, 0x00,
	0x00, 0x00, 0x00, 0x00, 0x00, 0x00, 0x00, 0x00, 0x00, 0x00, 0x00, 0x00, 0x00, 0x00, 0x00, 0x00,
	0x00, 0x00, 0x00, 0x00, 0x00, 0x00, 0x00, 0x00, 0x00, 0x00, 0x00, 0x00, 0x00, 0x00, 0x00, 0x00,
	0x00, 0x00, 0x00, 0x00, 0x00, 0x00, 0x00, 0x00, 0x00, 0x00, 0x00, 0x00, 0x00, 0x00, 0x00, 0x00,
	0x00, 0x00, 0x00, 0x00, 0x00, 0x00, 0x00, 0x00, 0x00, 0x00, 0x00, 0x00, 0x00, 0x00, 0x00, 0x00,
	0x00, 0x00, 0x00, 0x00, 0x00, 0x00, 0x00, 0x00, 0x00, 0x00, 0x00, 0x00, 0x00, 0x00, 0x00, 0x00,
	0x00, 0x00, 0x00, 0x00, 0x00, 0x00, 0x00, 0x00, 0x00, 0x00, 0x00, 0x00, 0x00, 0x00, 0x00, 0x00,
	0x00, 0x00, 0x00, 0x00, 0x00, 0x00, 0x00, 0x00, 0x00, 0x00, 0x00, 0x00, 0x00, 0x00, 0x00, 0x00,
	0x00, 0x00, 0x00, 0x00, 0x00, 0x00, 0x00, 0x00, 0x00, 0x00, 0x00, 0x00, 0x00, 0x00, 0x00, 0x00,
	0x00, 0x00, 0x00, 0x00, 0x00, 0x00, 0x00, 0x00, 0x00, 0x00, 0x00, 0x00, 0x00, 0x00, 0x00, 0x00,
	0x00, 0x00, 0x00, 0x00, 0x00, 0x00, 0x00, 0x00, 0x00, 0x00, 0x00, 0x00, 0x00, 0x00, 0x00, 0x00,
	0x00, 0x00, 0x00, 0x00, 0x00, 0x00, 0x00, 0x00, 0x00, 0x00, 0x00, 0x00, 0x00, 0x00, 0x00, 0x00,
	0x00, 0x00, 0x00, 0x00, 0x00, 0x00, 0x00, 0x00, 0x00, 0x00, 0x00, 0x00, 0x00, 0x00, 0x00, 0x00,
	0x00, 0x00, 0x00, 0x00, 0x00, 0x00, 0x00, 0x00, 0x00, 0x00, 0x00, 0x00, 0x00, 0x00, 0x00, 0x00,
	0x00, 0x00, 0x00, 0x00, 0x00, 0x00, 0x00, 0x00, 0x00, 0x00, 0x00, 0x00, 0x00, 0x00, 0x00, 0x00,
	0x00, 0x00, 0x00, 0x00, 0x00, 0x00, 0x00, 0x00, 0x00, 0x00, 0x00, 0x00, 0x00, 0x00, 0x00, 0x00,
	0x00, 0x00, 0x00, 0x00, 0x00, 0x00, 0x00, 0x00, 0x00, 0x00, 0x00, 0x00, 0x00, 0x00, 0x00, 0x00,
	0x24, 0x00, 0x00, 0x00, 0x05, 0x00, 0x01, 0x08, 0x00, 0x00, 0x00, 0x00, 0x01, 0x00, 0x00, 0x00,
	0x00, 0x30, 0x2b, 0x20, 0x63, 0x03, 0x00, 0x00, 0x00, 0x32, 0x00, 0x00, 0x00, 0x00, 0x24, 0x00,
	0x00, 0x00, 0x43, 0x00, 0x00, 0x00, 0x01, 0x80, 0x25, 0x12, 0x00, 0x00, 0x05, 0x00, 0x01, 0x08,
	0x14, 0x00, 0x00, 0x00, 0x07, 0x47, 0x4e, 0x55, 0x20, 0x43, 0x32, 0x33, 0x20, 0x31, 0x36, 0x2e,
	0x32, 0x2e, 0x30, 0x20, 0x2d, 0x6d, 0x74, 0x75, 0x6e, 0x65, 0x3d, 0x67, 0x65, 0x6e, 0x65, 0x72,
	0x69, 0x63, 0x20, 0x2d, 0x6d, 0x61, 0x72, 0x63, 0x68, 0x3d, 0x78, 0x38, 0x36, 0x2d, 0x36, 0x34,
	0x20, 0x2d, 0x67, 0x20, 0x2d, 0x4f, 0x32, 0x20, 0x2d, 0x4f, 0x32, 0x20, 0x2d, 0x4f, 0x32, 0x20,
	0x2d, 0x66, 0x62, 0x75, 0x69, 0x6c, 0x64, 0x69, 0x6e, 0x67, 0x2d, 0x6c, 0x69, 0x62, 0x67, 0x63,
	0x63, 0x20, 0x2d, 0x66, 0x6e, 0x6f, 0x2d, 0x73, 0x74, 0x61, 0x63, 0x6b, 0x2d, 0x70, 0x72, 0x6f,
	0x74, 0x65, 0x63, 0x74, 0x6f, 0x72, 0x00, 0x1d, 0x03, 0x47, 0x16, 0x03, 0x00, 0x43, 0x00, 0x00,
	0x00, 0x5c, 0x00, 0x00, 0x00, 0x5c, 0x00, 0x00, 0x00, 0x02, 0x01, 0x06, 0x63, 0x68, 0x61, 0x72,
	0x00, 0x02, 0x08, 0x07, 0x6c, 0x6f, 0x6e, 0x67, 0x20, 0x6c, 0x6f, 0x6e, 0x67, 0x20, 0x75, 0x6e,
	0x73, 0x69, 0x67, 0x6e, 0x65, 0x64, 0x20, 0x69, 0x6e, 0x74, 0x00, 0x02, 0x08, 0x05, 0x6c, 0x6f,
	0x6e, 0x67, 0x20, 0x6c, 0x6f, 0x6e, 0x67, 0x20, 0x69, 0x6e, 0x74, 0x00, 0x02, 0x02, 0x07, 0x73,
	0x68, 0x6f, 0x72, 0x74, 0x20, 0x75, 0x6e, 0x73, 0x69, 0x67, 0x6e, 0x65, 0x64, 0x20, 0x69, 0x6e,
	0x74, 0x00, 0x02, 0x04, 0x05, 0x69, 0x6e, 0x74, 0x00, 0x02, 0x04, 0x05, 0x6c, 0x6f, 0x6e, 0x67,
	0x20, 0x69, 0x6e, 0x74, 0x00, 0x02, 0x04, 0x07, 0x75, 0x6e, 0x73, 0x69, 0x67, 0x6e, 0x65, 0x64,
	0x20, 0x69, 0x6e, 0x74, 0x00, 0x02, 0x04, 0x07, 0x6c, 0x6f, 0x6e, 0x67, 0x20, 0x75, 0x6e, 0x73,
	0x69, 0x67, 0x6e, 0x65, 0x64, 0x20, 0x69, 0x6e, 0x74, 0x00, 0x02, 0x01, 0x08, 0x75, 0x6e, 0x73,
	0x69, 0x67, 0x6e, 0x65, 0x64, 0x20, 0x63, 0x68, 0x61, 0x72, 0x00, 0x02, 0x10, 0x04, 0x6c, 0x6f,
	0x6e, 0x67, 0x20, 0x64, 0x6f, 0x75, 0x62, 0x6c, 0x65, 0x00, 0x02, 0x08, 0x04, 0x64, 0x6f, 0x75,
	0x62, 0x6c, 0x65, 0x00, 0x02, 0x04, 0x04, 0x66, 0x6c, 0x6f, 0x61, 0x74, 0x00, 0x08, 0x08, 0x3b,
	0x01, 0x00, 0x00, 0x09, 0x02, 0x02, 0x05, 0x73, 0x68, 0x6f, 0x72, 0x74, 0x20, 0x69, 0x6e, 0x74,
	0x00, 0x0a, 0x69, 0x78, 0x38, 0x36, 0x5f, 0x72, 0x65, 0x64, 0x75, 0x63, 0x5f, 0x75, 0x6e, 0x72,
	0x6f, 0x6c, 0x6c, 0x5f, 0x66, 0x61, 0x63, 0x74, 0x6f, 0x72, 0x00, 0x07, 0x04, 0xdd, 0x00, 0x00,
	0x00, 0x01, 0x6a, 0x06, 0xb7, 0x01, 0x00, 0x00, 0x01, 0x58, 0x38, 0x36, 0x5f, 0x52, 0x45, 0x44,
	0x55, 0x43, 0x5f, 0x46, 0x4d, 0x41, 0x00, 0x00, 0x01, 0x58, 0x38, 0x36, 0x5f, 0x52, 0x45, 0x44,
	0x55, 0x43, 0x5f, 0x44, 0x4f, 0x54, 0x5f, 0x50, 0x52, 0x4f, 0x44, 0x00, 0x01, 0x01, 0x58, 0x38,
	0x36, 0x5f, 0x52, 0x45, 0x44, 0x55, 0x43, 0x5f, 0x53, 0x41, 0x44, 0x00, 0x02, 0x01, 0x58, 0x38,
	0x36, 0x5f, 0x52, 0x45, 0x44, 0x55, 0x43, 0x5f, 0x4c, 0x41, 0x53, 0x54, 0x00, 0x03, 0x00, 0x03,
	0x69, 0x78, 0x38, 0x36, 0x5f, 0x74, 0x75, 0x6e, 0x65, 0x5f, 0x69, 0x6e, 0x64, 0x69, 0x63, 0x65,
	0x73, 0x00, 0xdd, 0x00, 0x00, 0x00, 0x46, 0x01, 0x6f, 0x10, 0x00, 0x00, 0x01, 0x58, 0x38, 0x36,
	0x5f, 0x54, 0x55, 0x4e, 0x45, 0x5f, 0x53, 0x43, 0x48, 0x45, 0x44, 0x55, 0x4c, 0x45, 0x00, 0x00,
	0x01, 0x58, 0x38, 0x36, 0x5f, 0x54, 0x55, 0x4e, 0x45, 0x5f, 0x50, 0x41, 0x52, 0x54, 0x49, 0x41,
	0x4c, 0x5f, 0x52, 0x45, 0x47, 0x5f, 0x44, 0x45, 0x50, 0x45, 0x4e, 0x44, 0x45, 0x4e, 0x43, 0x59,
	0x00, 0x01, 0x01, 0x58, 0x38, 0x36, 0x5f, 0x54, 0x55, 0x4e, 0x45, 0x5f, 0x53, 0x53, 0x45, 0x5f,
	0x50, 0x41, 0x52, 0x54, 0x49, 0x41, 0x4c, 0x5f, 0x52, 0x45, 0x47, 0x5f, 0x44, 0x45, 0x50, 0x45,
	0x4e, 0x44, 0x45, 0x4e, 0x43, 0x59, 0x00, 0x02, 0x01, 0x58, 0x38, 0x36, 0x5f, 0x54, 0x55, 0x4e,
	0x45, 0x5f, 0x53, 0x53, 0x45, 0x5f, 0x50, 0x41, 0x52, 0x54, 0x49, 0x41, 0x4c, 0x5f, 0x52, 0x45,
	0x47, 0x5f, 0x46, 0x50, 0x5f, 0x43, 0x4f, 0x4e, 0x56, 0x45, 0x52, 0x54, 0x53, 0x5f, 0x44, 0x45,
	0x50, 0x45, 0x4e, 0x44, 0x45, 0x4e, 0x43, 0x59, 0x00, 0x03, 0x01, 0x58, 0x38, 0x36, 0x5f, 0x54,
	0x55, 0x4e, 0x45, 0x5f, 0x53, 0x53, 0x45, 0x5f, 0x50, 0x41, 0x52, 0x54, 0x49, 0x41, 0x4c, 0x5f,
	0x52, 0x45, 0x47, 0x5f, 0x43, 0x4f, 0x4e, 0x56, 0x45, 0x52, 0x54, 0x53, 0x5f, 0x44, 0x45, 0x50,
	0x45, 0x4e, 0x44, 0x45, 0x4e, 0x43, 0x59, 0x00, 0x04, 0x01, 0x58, 0x38, 0x36, 0x5f, 0x54, 0x55,
	0x4e, 0x45, 0x5f, 0x44, 0x45, 0x53, 0x54, 0x5f, 0x46, 0x41, 0x4c, 0x53, 0x45, 0x5f, 0x44, 0x45,
	0x50, 0x5f, 0x46, 0x4f, 0x52, 0x5f, 0x47, 0x4c, 0x43, 0x00, 0x05, 0x01, 0x58, 0x38, 0x36, 0x5f,
	0x54, 0x55, 0x4e, 0x45, 0x5f, 0x53, 0x53, 0x45, 0x5f, 0x53, 0x50, 0x4c, 0x49, 0x54, 0x5f, 0x52,
	0x45, 0x47, 0x53, 0x00, 0x06, 0x01, 0x58, 0x38, 0x36, 0x5f, 0x54, 0x55, 0x4e, 0x45, 0x5f, 0x50,
	0x41, 0x52, 0x54, 0x49, 0x41, 0x4c, 0x5f, 0x46, 0x4c, 0x41, 0x47, 0x5f, 0x52, 0x45, 0x47, 0x5f,
	0x53, 0x54, 0x41, 0x4c, 0x4c, 0x00, 0x07, 0x01, 0x58, 0x38, 0x36, 0x5f, 0x54, 0x55, 0x4e, 0x45,
	0x5f, 0x4d, 0x4f, 0x56, 0x58, 0x00, 0x08, 0x01, 0x58, 0x38, 0x36, 0x5f, 0x54, 0x55, 0x4e, 0x45,
	0x5f, 0x4d, 0x45, 0x4d, 0x4f, 0x52, 0x59, 0x5f, 0x4d, 0x49, 0x53, 0x4d, 0x41, 0x54, 0x43, 0x48,
	0x5f, 0x53, 0x54, 0x41, 0x4c, 0x4c, 0x00, 0x09, 0x01, 0x58, 0x38, 0x36, 0x5f, 0x54, 0x55, 0x4e,
	0x45, 0x5f, 0x46, 0x55, 0x53, 0x45, 0x5f, 0x43, 0x4d, 0x50, 0x5f, 0x41, 0x4e, 0x44, 0x5f, 0x42,
	0x52, 0x41, 0x4e, 0x43, 0x48, 0x5f, 0x33, 0x32, 0x00, 0x0a, 0x01, 0x58, 0x38, 0x36, 0x5f, 0x54,
	0x55, 0x4e, 0x45, 0x5f, 0x46, 0x55, 0x53, 0x45, 0x5f, 0x43, 0x4d, 0x50, 0x5f, 0x41, 0x4e, 0x44,
	0x5f, 0x42, 0x52, 0x41, 0x4e, 0x43, 0x48, 0x5f, 0x36, 0x34, 0x00, 0x0b, 0x01, 0x58, 0x38, 0x36,
	0x5f, 0x54, 0x55, 0x4e, 0x45, 0x5f, 0x46, 0x55, 0x53, 0x45, 0x5f, 0x43, 0x4d, 0x50, 0x5f, 0x41,
	0x4e, 0x44, 0x5f, 0x42, 0x52, 0x41, 0x4e, 0x43, 0x48, 0x5f, 0x53, 0x4f, 0x46, 0x4c, 0x41, 0x47,
	0x53, 0x00, 0x0c, 0x01, 0x58, 0x38, 0x36, 0x5f, 0x54, 0x55, 0x4e, 0x45, 0x5f, 0x46, 0x55, 0x53,
	0x45, 0x5f, 0x41, 0x4c, 0x55, 0x5f, 0x41, 0x4e, 0x44, 0x5f, 0x42, 0x52, 0x41, 0x4e, 0x43, 0x48,
	0x00, 0x0d, 0x01, 0x58, 0x38, 0x36, 0x5f, 0x54, 0x55, 0x4e, 0x45, 0x5f, 0x46, 0x55, 0x53, 0x45,
	0x5f, 0x4d, 0x4f, 0x56, 0x5f, 0x41, 0x4e, 0x44, 0x5f, 0x41, 0x4c, 0x55, 0x00, 0x0e, 0x01, 0x58,
	0x38, 0x36, 0x5f, 0x54, 0x55, 0x4e, 0x45, 0x5f, 0x46, 0x55, 0x53, 0x45, 0x5f, 0x41, 0x4c, 0x55,
	0x5f, 0x41, 0x4e, 0x44, 0x5f, 0x42, 0x52, 0x41, 0x4e, 0x43, 0x48, 0x5f, 0x4d, 0x45, 0x4d, 0x00,
	0x0f, 0x01, 0x58, 0x38, 0x36, 0x5f, 0x54, 0x55, 0x4e, 0x45, 0x5f, 0x46, 0x55, 0x53, 0x45, 0x5f,
	0x41, 0x4c, 0x55, 0x5f, 0x41, 0x4e, 0x44, 0x5f, 0x42, 0x52, 0x41, 0x4e, 0x43, 0x48, 0x5f, 0x4d,
	0x45, 0x4d, 0x5f, 0x49, 0x4d, 0x4d, 0x00, 0x10, 0x01, 0x58, 0x38, 0x36, 0x5f, 0x54, 0x55, 0x4e,
	0x45, 0x5f, 0x46, 0x55, 0x53, 0x45, 0x5f, 0x41, 0x4c, 0x55, 0x5f, 0x41, 0x4e, 0x44, 0x5f, 0x42,
	0x52, 0x41, 0x4e, 0x43, 0x48, 0x5f, 0x52, 0x49, 0x50, 0x5f, 0x52, 0x45, 0x4c, 0x41, 0x54, 0x49,
	0x56, 0x45, 0x00, 0x11, 0x01, 0x58, 0x38, 0x36, 0x5f, 0x54, 0x55, 0x4e, 0x45, 0x5f, 0x41, 0x43,
	0x43, 0x55, 0x4d, 0x55, 0x4c, 0x41, 0x54, 0x45, 0x5f, 0x4f, 0x55, 0x54, 0x47, 0x4f, 0x49, 0x4e,
	0x47, 0x5f, 0x41, 0x52, 0x47, 0x53, 0x00, 0x12, 0x01, 0x58, 0x38, 0x36, 0x5f, 0x54, 0x55, 0x4e,
	0x45, 0x5f, 0x50, 0x52, 0x4f, 0x4c, 0x4f, 0x47, 0x55, 0x45, 0x5f, 0x55, 0x53, 0x49, 0x4e, 0x47,
	0x5f, 0x4d, 0x4f, 0x56, 0x45, 0x00, 0x13, 0x01, 0x58, 0x38, 0x36, 0x5f, 0x54, 0x55, 0x4e, 0x45,
	0x5f, 0x45, 0x50, 0x49, 0x4c, 0x4f, 0x47, 0x55, 0x45, 0x5f, 0x55, 0x53, 0x49, 0x4e, 0x47, 0x5f,
	0x4d, 0x4f, 0x56, 0x45, 0x00, 0x14, 0x01, 0x58, 0x38, 0x36, 0x5f, 0x54, 0x55, 0x4e, 0x45, 0x5f,
	0x55, 0x53, 0x45, 0x5f, 0x4c, 0x45, 0x41, 0x56, 0x45, 0x00, 0x15, 0x01, 0x58, 0x38, 0x36, 0x5f,
	0x54, 0x55, 0x4e, 0x45, 0x5f, 0x50, 0x55, 0x53, 0x48, 0x5f, 0x4d, 0x45, 0x4d, 0x4f, 0x52, 0x59,
	0x00, 0x16, 0x01, 0x58, 0x38, 0x36, 0x5f, 0x54, 0x55, 0x4e, 0x45, 0x5f, 0x53, 0x49, 0x4e, 0x47,
	0x4c, 0x45, 0x5f, 0x50, 0x55, 0x53, 0x48, 0x00, 0x17, 0x01, 0x58, 0x38, 0x36, 0x5f, 0x54, 0x55,
	0x4e, 0x45, 0x5f, 0x44, 0x4f, 0x55, 0x42, 0x4c, 0x45, 0x5f, 0x50, 0x55, 0x53, 0x48, 0x00, 0x18,
	0x01, 0x58, 0x38, 0x36, 0x5f, 0x54, 0x55, 0x4e, 0x45, 0x5f, 0x53, 0x49, 0x4e, 0x47, 0x4c, 0x45,
	0x5f, 0x50, 0x4f, 0x50, 0x00, 0x19, 0x01, 0x58, 0x38, 0x36, 0x5f, 0x54, 0x55, 0x4e, 0x45, 0x5f,
	0x44, 0x4f, 0x55, 0x42, 0x4c, 0x45, 0x5f, 0x50, 0x4f, 0x50, 0x00, 0x1a, 0x01, 0x58, 0x38, 0x36,
	0x5f, 0x54, 0x55, 0x4e, 0x45, 0x5f, 0x50, 0x41, 0x44, 0x5f, 0x53, 0x48, 0x4f, 0x52, 0x54, 0x5f,
	0x46, 0x55, 0x4e, 0x43, 0x54, 0x49, 0x4f, 0x4e, 0x00, 0x1b, 0x01, 0x58, 0x38, 0x36, 0x5f, 0x54,
	0x55, 0x4e, 0x45, 0x5f, 0x50, 0x41, 0x44, 0x5f, 0x52, 0x45, 0x54, 0x55, 0x52, 0x4e, 0x53, 0x00,
	0x1c, 0x01, 0x58, 0x38, 0x36, 0x5f, 0x54, 0x55, 0x4e, 0x45, 0x5f, 0x46, 0x4f, 0x55, 0x52, 0x5f,
	0x4a, 0x55, 0x4d, 0x50, 0x5f, 0x4c, 0x49, 0x4d, 0x49, 0x54, 0x00, 0x1d, 0x01, 0x58, 0x38, 0x36,
	0x5f, 0x54, 0x55, 0x4e, 0x45, 0x5f, 0x41, 0x4c, 0x49, 0x47, 0x4e, 0x5f, 0x54, 0x49, 0x47, 0x48,
	0x54, 0x5f, 0x4c, 0x4f, 0x4f, 0x50, 0x53, 0x00, 0x1e, 0x01, 0x58, 0x38, 0x36, 0x5f, 0x54, 0x55,
	0x4e, 0x45, 0x5f, 0x53, 0x4f, 0x46, 0x54, 0x57, 0x41, 0x52, 0x45, 0x5f, 0x50, 0x52, 0x45, 0x46,
	0x45, 0x54, 0x43, 0x48, 0x49, 0x4e, 0x47, 0x5f, 0x42, 0x45, 0x4e, 0x45, 0x46, 0x49, 0x43, 0x49,
	0x41, 0x4c, 0x00, 0x1f, 0x01, 0x58, 0x38, 0x36, 0x5f, 0x54, 0x55, 0x4e, 0x45, 0x5f, 0x4c, 0x43,
	0x50, 0x5f, 0x53, 0x54, 0x41, 0x4c, 0x4c, 0x00, 0x20, 0x01, 0x58, 0x38, 0x36, 0x5f, 0x54, 0x55,
	0x4e, 0x45, 0x5f, 0x52, 0x45, 0x41, 0x44, 0x5f, 0x4d, 0x4f, 0x44, 0x49, 0x46, 0x59, 0x00, 0x21,
	0x01, 0x58, 0x38, 0x36, 0x5f, 0x54, 0x55, 0x4e, 0x45, 0x5f, 0x55, 0x53, 0x45, 0x5f, 0x49, 0x4e,
	0x43, 0x44, 0x45, 0x43, 0x00, 0x22, 0x01, 0x58, 0x38, 0x36, 0x5f, 0x54, 0x55, 0x4e, 0x45, 0x5f,
	0x49, 0x4e, 0x54, 0x45, 0x47, 0x45, 0x52, 0x5f, 0x44, 0x46, 0x4d, 0x4f, 0x44, 0x45, 0x5f, 0x4d,
	0x4f, 0x56, 0x45, 0x53, 0x00, 0x23, 0x01, 0x58, 0x38, 0x36, 0x5f, 0x54, 0x55, 0x4e, 0x45, 0x5f,
	0x4f, 0x50, 0x54, 0x5f, 0x41, 0x47, 0x55, 0x00, 0x24, 0x01, 0x58, 0x38, 0x36, 0x5f, 0x54, 0x55,
	0x4e, 0x45, 0x5f, 0x41, 0x56, 0x4f, 0x49, 0x44, 0x5f, 0x4c, 0x45, 0x41, 0x5f, 0x46, 0x4f, 0x52,
	0x5f, 0x41, 0x44, 0x44, 0x52, 0x00, 0x25, 0x01, 0x58, 0x38, 0x36, 0x5f, 0x54, 0x55, 0x4e, 0x45,
	0x5f, 0x53, 0x4c, 0x4f, 0x57, 0x5f, 0x49, 0x4d, 0x55, 0x4c, 0x5f, 0x49, 0x4d, 0x4d, 0x33, 0x32,
	0x5f, 0x4d, 0x45, 0x4d, 0x00, 0x26, 0x01, 0x58, 0x38, 0x36, 0x5f, 0x54, 0x55, 0x4e, 0x45, 0x5f,
	0x53, 0x4c, 0x4f, 0x57, 0x5f, 0x49, 0x4d, 0x55, 0x4c, 0x5f, 0x49, 0x4d, 0x4d, 0x38, 0x00, 0x27,
	0x01, 0x58, 0x38, 0x36, 0x5f, 0x54, 0x55, 0x4e, 0x45, 0x5f, 0x41, 0x56, 0x4f, 0x49, 0x44, 0x5f,
	0x4d, 0x45, 0x4d, 0x5f, 0x4f, 0x50, 0x4e, 0x44, 0x5f, 0x46, 0x4f, 0x52, 0x5f, 0x43, 0x4d, 0x4f,
	0x56, 0x45, 0x00, 0x28, 0x01, 0x58, 0x38, 0x36, 0x5f, 0x54, 0x55, 0x4e, 0x45, 0x5f, 0x53, 0x49,
	0x4e, 0x47, 0x4c, 0x45, 0x5f, 0x53, 0x54, 0x52, 0x49, 0x4e, 0x47, 0x4f, 0x50, 0x00, 0x29, 0x01,
	0x58, 0x38, 0x36, 0x5f, 0x54, 0x55, 0x4e, 0x45, 0x5f, 0x50, 0x52, 0x45, 0x46, 0x45, 0x52, 0x5f,
	0x4b, 0x4e, 0x4f, 0x57, 0x4e, 0x5f, 0x52, 0x45, 0x50, 0x5f, 0x4d, 0x4f, 0x56, 0x53, 0x42, 0x5f,
	0x53, 0x54, 0x4f, 0x53, 0x42, 0x00, 0x2a, 0x01, 0x58, 0x38, 0x36, 0x5f, 0x54, 0x55, 0x4e, 0x45,
	0x5f, 0x4d, 0x49, 0x53, 0x41, 0x4c, 0x49, 0x47, 0x4e, 0x45, 0x44, 0x5f, 0x4d, 0x4f, 0x56, 0x45,
	0x5f, 0x53, 0x54, 0x52, 0x49, 0x4e, 0x47, 0x5f, 0x50, 0x52, 0x4f, 0x5f, 0x45, 0x50, 0x49, 0x4c,
	0x4f, 0x47, 0x55, 0x45, 0x53, 0x00, 0x2b, 0x01, 0x58, 0x38, 0x36, 0x5f, 0x54, 0x55, 0x4e, 0x45,
	0x5f, 0x55, 0x53, 0x45, 0x5f, 0x53, 0x41, 0x48, 0x46, 0x00, 0x2c, 0x01, 0x58, 0x38, 0x36, 0x5f,
	0x54, 0x55, 0x4e, 0x45, 0x5f, 0x55, 0x53, 0x45, 0x5f, 0x43, 0x4c, 0x54, 0x44, 0x00, 0x2d, 0x01,
	0x58, 0x38, 0x36, 0x5f, 0x54, 0x55, 0x4e, 0x45, 0x5f, 0x55, 0x53, 0x45, 0x5f, 0x42, 0x54, 0x00,
	0x2e, 0x01, 0x58, 0x38, 0x36, 0x5f, 0x54, 0x55, 0x4e, 0x45, 0x5f, 0x41, 0x56, 0x4f, 0x49, 0x44,
	0x5f, 0x46, 0x41, 0x4c, 0x53, 0x45, 0x5f, 0x44, 0x45, 0x50, 0x5f, 0x46, 0x4f, 0x52, 0x5f, 0x42,
	0x4d, 0x49, 0x00, 0x2f, 0x01, 0x58, 0x38, 0x36, 0x5f, 0x54, 0x55, 0x4e, 0x45, 0x5f, 0x41, 0x56,
	0x4f, 0x49, 0x44, 0x5f, 0x46, 0x41, 0x4c, 0x53, 0x45, 0x5f, 0x44, 0x45, 0x50, 0x5f, 0x46, 0x4f,
	0x52, 0x5f, 0x54, 0x5a, 0x43, 0x4e, 0x54, 0x00, 0x30, 0x01, 0x58, 0x38, 0x36, 0x5f, 0x54, 0x55,
	0x4e, 0x45, 0x5f, 0x41, 0x56, 0x4f, 0x49, 0x44, 0x5f, 0x46, 0x41, 0x4c, 0x53, 0x45, 0x5f, 0x44,
	0x45, 0x50, 0x5f, 0x46, 0x4f, 0x52, 0x5f, 0x42, 0x4c, 0x53, 0x00, 0x31, 0x01, 0x58, 0x38, 0x36,
	0x5f, 0x54, 0x55, 0x4e, 0x45, 0x5f, 0x41, 0x44, 0x4a, 0x55, 0x53, 0x54, 0x5f, 0x55, 0x4e, 0x52,
	0x4f, 0x4c, 0x4c, 0x00, 0x32, 0x01, 0x58, 0x38, 0x36, 0x5f, 0x54, 0x55, 0x4e, 0x45, 0x5f, 0x4f,
	0x4e, 0x45, 0x5f, 0x49, 0x46, 0x5f, 0x43, 0x4f, 0x4e, 0x56, 0x5f, 0x49, 0x4e, 0x53, 0x4e, 0x00,
	0x33, 0x01, 0x58, 0x38, 0x36, 0x5f, 0x54, 0x55, 0x4e, 0x45, 0x5f, 0x41, 0x56, 0x4f, 0x49, 0x44,
	0x5f, 0x4d, 0x46, 0x45, 0x4e, 0x43, 0x45, 0x00, 0x34, 0x01, 0x58, 0x38, 0x36, 0x5f, 0x54, 0x55,
	0x4e, 0x45, 0x5f, 0x45, 0x58, 0x50, 0x41, 0x4e, 0x44, 0x5f, 0x41, 0x42, 0x53, 0x00, 0x35, 0x01,
	0x58, 0x38, 0x36, 0x5f, 0x54, 0x55, 0x4e, 0x45, 0x5f, 0x44, 0x49, 0x53, 0x41, 0x42, 0x4c, 0x45,
	0x5f, 0x53, 0x45, 0x54, 0x5a, 0x55, 0x43, 0x43, 0x00, 0x36, 0x01, 0x58, 0x38, 0x36, 0x5f, 0x54,
	0x55, 0x4e, 0x45, 0x5f, 0x55, 0x53, 0x45, 0x5f, 0x48, 0x49, 0x4d, 0x4f, 0x44, 0x45, 0x5f, 0x46,
	0x49, 0x4f, 0x50, 0x00, 0x37, 0x01, 0x58, 0x38, 0x36, 0x5f, 0x54, 0x55, 0x4e, 0x45, 0x5f, 0x55,
	0x53, 0x45, 0x5f, 0x53, 0x49, 0x4d, 0x4f, 0x44, 0x45, 0x5f, 0x46, 0x49, 0x4f, 0x50, 0x00, 0x38,
	0x01, 0x58, 0x38, 0x36, 0x5f, 0x54, 0x55, 0x4e, 0x45, 0x5f, 0x55, 0x53, 0x45, 0x5f, 0x46, 0x46,
	0x52, 0x45, 0x45, 0x50, 0x00, 0x39, 0x01, 0x58, 0x38, 0x36, 0x5f, 0x54, 0x55, 0x4e, 0x45, 0x5f,
	0x45, 0x58, 0x54, 0x5f, 0x38, 0x30, 0x33, 0x38, 0x37, 0x5f, 0x43, 0x4f, 0x4e, 0x53, 0x54, 0x41,
	0x4e, 0x54, 0x53, 0x00, 0x3a, 0x01, 0x58, 0x38, 0x36, 0x5f, 0x54, 0x55, 0x4e, 0x45, 0x5f, 0x47,
	0x45, 0x4e, 0x45, 0x52, 0x41, 0x4c, 0x5f, 0x52, 0x45, 0x47, 0x53, 0x5f, 0x53, 0x53, 0x45, 0x5f,
	0x53, 0x50, 0x49, 0x4c, 0x4c, 0x00, 0x3b, 0x01, 0x58, 0x38, 0x36, 0x5f, 0x54, 0x55, 0x4e, 0x45,
	0x5f, 0x53, 0x53, 0x45, 0x5f, 0x55, 0x4e, 0x41, 0x4c, 0x49, 0x47, 0x4e, 0x45, 0x44, 0x5f, 0x4c,
	0x4f, 0x41, 0x44, 0x5f, 0x4f, 0x50, 0x54, 0x49, 0x4d, 0x41, 0x4c, 0x00, 0x3c, 0x01, 0x58, 0x38,
	0x36, 0x5f, 0x54, 0x55, 0x4e, 0x45, 0x5f, 0x53, 0x53, 0x45, 0x5f, 0x55, 0x4e, 0x41, 0x4c, 0x49,
	0x47, 0x4e, 0x45, 0x44, 0x5f, 0x53, 0x54, 0x4f, 0x52, 0x45, 0x5f, 0x4f, 0x50, 0x54, 0x49, 0x4d,
	0x41, 0x4c, 0x00, 0x3d, 0x01, 0x58, 0x38, 0x36, 0x5f, 0x54, 0x55, 0x4e, 0x45, 0x5f, 0x53, 0x53,
	0x45, 0x5f, 0x50, 0x41, 0x43, 0x4b, 0x45, 0x44, 0x5f, 0x53, 0x49, 0x4e, 0x47, 0x4c, 0x45, 0x5f,
	0x49, 0x4e, 0x53, 0x4e, 0x5f, 0x4f, 0x50, 0x54, 0x49, 0x4d, 0x41, 0x4c, 0x00, 0x3e, 0x01, 0x58,
	0x38, 0x36, 0x5f, 0x54, 0x55, 0x4e, 0x45, 0x5f, 0x53, 0x53, 0x45, 0x5f, 0x54, 0x59, 0x50, 0x45,
	0x4c, 0x45, 0x53, 0x53, 0x5f, 0x53, 0x54, 0x4f, 0x52, 0x45, 0x53, 0x00, 0x3f, 0x01, 0x58, 0x38,
	0x36, 0x5f, 0x54, 0x55, 0x4e, 0x45, 0x5f, 0x53, 0x53, 0x45, 0x5f, 0x4c, 0x4f, 0x41, 0x44, 0x30,
	0x5f, 0x42, 0x59, 0x5f, 0x50, 0x58, 0x4f, 0x52, 0x00, 0x40, 0x01, 0x58, 0x38, 0x36, 0x5f, 0x54,
	0x55, 0x4e, 0x45, 0x5f, 0x49, 0x4e, 0x54, 0x45, 0x52, 0x5f, 0x55, 0x4e, 0x49, 0x54, 0x5f, 0x4d,
	0x4f, 0x56, 0x45, 0x53, 0x5f, 0x54, 0x4f, 0x5f, 0x56, 0x45, 0x43, 0x00, 0x41, 0x01, 0x58, 0x38,
	0x36, 0x5f, 0x54, 0x55, 0x4e, 0x45, 0x5f, 0x49, 0x4e, 0x54, 0x45, 0x52, 0x5f, 0x55, 0x4e, 0x49,
	0x54, 0x5f, 0x4d, 0x4f, 0x56, 0x45, 0x53, 0x5f, 0x46, 0x52, 0x4f, 0x4d, 0x5f, 0x56, 0x45, 0x43,
	0x00, 0x42, 0x01, 0x58, 0x38, 0x36, 0x5f, 0x54, 0x55, 0x4e, 0x45, 0x5f, 0x49, 0x4e, 0x54, 0x45,
	0x52, 0x5f, 0x55, 0x4e, 0x49, 0x54, 0x5f, 0x43, 0x4f, 0x4e, 0x56, 0x45, 0x52, 0x53, 0x49, 0x4f,
	0x4e, 0x53, 0x00, 0x43, 0x01, 0x58, 0x38, 0x36, 0x5f, 0x54, 0x55, 0x4e, 0x45, 0x5f, 0x50, 0x52,
	0x45, 0x46, 0x45, 0x52, 0x5f, 0x42, 0x43, 0x53, 0x54, 0x5f, 0x46, 0x52, 0x4f, 0x4d, 0x5f, 0x49,
	0x4e, 0x54, 0x45, 0x47, 0x45, 0x52, 0x00, 0x44, 0x01, 0x58, 0x38, 0x36, 0x5f, 0x54, 0x55, 0x4e,
	0x45, 0x5f, 0x53, 0x50, 0x4c, 0x49, 0x54, 0x5f, 0x4d, 0x45, 0x4d, 0x5f, 0x4f, 0x50, 0x4e, 0x44,
	0x5f, 0x46, 0x4f, 0x52, 0x5f, 0x46, 0x50, 0x5f, 0x43, 0x4f, 0x4e, 0x56, 0x45, 0x52, 0x54, 0x53,
	0x00, 0x45, 0x01, 0x58, 0x38, 0x36, 0x5f, 0x54, 0x55, 0x4e, 0x45, 0x5f, 0x55, 0x53, 0x45, 0x5f,
	0x56, 0x45, 0x43, 0x54, 0x4f, 0x52, 0x5f, 0x46, 0x50, 0x5f, 0x43, 0x4f, 0x4e, 0x56, 0x45, 0x52,
	0x54, 0x53, 0x00, 0x46, 0x01, 0x58, 0x38, 0x36, 0x5f, 0x54, 0x55, 0x4e, 0x45, 0x5f, 0x55, 0x53,
	0x45, 0x5f, 0x56, 0x45, 0x43, 0x54, 0x4f, 0x52, 0x5f, 0x43, 0x4f, 0x4e, 0x56, 0x45, 0x52, 0x54,
	0x53, 0x00, 0x47, 0x01, 0x58, 0x38, 0x36, 0x5f, 0x54, 0x55, 0x4e, 0x45, 0x5f, 0x53, 0x4c, 0x4f,
	0x57, 0x5f, 0x50, 0x53, 0x48, 0x55, 0x46, 0x42, 0x00, 0x48, 0x01, 0x58, 0x38, 0x36, 0x5f, 0x54,
	0x55, 0x4e, 0x45, 0x5f, 0x41, 0x56, 0x4f, 0x49, 0x44, 0x5f, 0x34, 0x42, 0x59, 0x54, 0x45, 0x5f,
	0x50, 0x52, 0x45, 0x46, 0x49, 0x58, 0x45, 0x53, 0x00, 0x49, 0x01, 0x58, 0x38, 0x36, 0x5f, 0x54,
	0x55, 0x4e, 0x45, 0x5f, 0x55, 0x53, 0x45, 0x5f, 0x47, 0x41, 0x54, 0x48, 0x45, 0x52, 0x5f, 0x32,
	0x50, 0x41, 0x52, 0x54, 0x53, 0x00, 0x4a, 0x01, 0x58, 0x38, 0x36, 0x5f, 0x54, 0x55, 0x4e, 0x45,
	0x5f, 0x55, 0x53, 0x45, 0x5f, 0x53, 0x43, 0x41, 0x54, 0x54, 0x45, 0x52, 0x5f, 0x32, 0x50, 0x41,
	0x52, 0x54, 0x53, 0x00, 0x4b, 0x01, 0x58, 0x38, 0x36, 0x5f, 0x54, 0x55, 0x4e, 0x45, 0x5f, 0x55,
	0x53, 0x45, 0x5f, 0x47, 0x41, 0x54, 0x48, 0x45, 0x52, 0x5f, 0x34, 0x50, 0x41, 0x52, 0x54, 0x53,
	0x00, 0x4c, 0x01, 0x58, 0x38, 0x36, 0x5f, 0x54, 0x55, 0x4e, 0x45, 0x5f, 0x55, 0x53, 0x45, 0x5f,
	0x53, 0x43, 0x41, 0x54, 0x54, 0x45, 0x52, 0x5f, 0x34, 0x50, 0x41, 0x52, 0x54, 0x53, 0x00, 0x4d,
	0x01, 0x58, 0x38, 0x36, 0x5f, 0x54, 0x55, 0x4e, 0x45, 0x5f, 0x55, 0x53, 0x45, 0x5f, 0x47, 0x41,
	0x54, 0x48, 0x45, 0x52, 0x5f, 0x38, 0x50, 0x41, 0x52, 0x54, 0x53, 0x00, 0x4e, 0x01, 0x58, 0x38,
	0x36, 0x5f, 0x54, 0x55, 0x4e, 0x45, 0x5f, 0x55, 0x53, 0x45, 0x5f, 0x53, 0x43, 0x41, 0x54, 0x54,
	0x45, 0x52, 0x5f, 0x38, 0x50, 0x41, 0x52, 0x54, 0x53, 0x00, 0x4f, 0x01, 0x58, 0x38, 0x36, 0x5f,
	0x54, 0x55, 0x4e, 0x45, 0x5f, 0x41, 0x56, 0x4f, 0x49, 0x44, 0x5f, 0x31, 0x32, 0x38, 0x46, 0x4d,
	0x41, 0x5f, 0x43, 0x48, 0x41, 0x49, 0x4e, 0x53, 0x00, 0x50, 0x01, 0x58, 0x38, 0x36, 0x5f, 0x54,
	0x55, 0x4e, 0x45, 0x5f, 0x41, 0x56, 0x4f, 0x49, 0x44, 0x5f, 0x32, 0x35, 0x36, 0x46, 0x4d, 0x41,
	0x5f, 0x43, 0x48, 0x41, 0x49, 0x4e, 0x53, 0x00, 0x51, 0x01, 0x58, 0x38, 0x36, 0x5f, 0x54, 0x55,
	0x4e, 0x45, 0x5f, 0x41, 0x56, 0x4f, 0x49, 0x44, 0x5f, 0x35, 0x31, 0x32, 0x46, 0x4d, 0x41, 0x5f,
	0x43, 0x48, 0x41, 0x49, 0x4e, 0x53, 0x00, 0x52, 0x01, 0x58, 0x38, 0x36, 0x5f, 0x54, 0x55, 0x4e,
	0x45, 0x5f, 0x56, 0x32, 0x44, 0x46, 0x5f, 0x52, 0x45, 0x44, 0x55, 0x43, 0x54, 0x49, 0x4f, 0x4e,
	0x5f, 0x50, 0x52, 0x45, 0x46, 0x45, 0x52, 0x5f, 0x48, 0x41, 0x44, 0x44, 0x50, 0x44, 0x00, 0x53,
	0x01, 0x58, 0x38, 0x36, 0x5f, 0x54, 0x55, 0x4e, 0x45, 0x5f, 0x53, 0x53, 0x45, 0x5f, 0x4d, 0x4f,
	0x56, 0x43, 0x43, 0x5f, 0x55, 0x53, 0x45, 0x5f, 0x42, 0x4c, 0x45, 0x4e, 0x44, 0x56, 0x00, 0x54,
	0x01, 0x58, 0x38, 0x36, 0x5f, 0x54, 0x55, 0x4e, 0x45, 0x5f, 0x53, 0x53, 0x45, 0x5f, 0x52, 0x45,
	0x44, 0x55, 0x43, 0x54, 0x49, 0x4f, 0x4e, 0x5f, 0x50, 0x52, 0x45, 0x46, 0x45, 0x52, 0x5f, 0x50,
	0x53, 0x48, 0x55, 0x46, 0x00, 0x55, 0x01, 0x58, 0x38, 0x36, 0x5f, 0x54, 0x55, 0x4e, 0x45, 0x5f,
	0x41, 0x56, 0x58, 0x32, 0x35, 0x36, 0x5f, 0x55, 0x4e, 0x41, 0x4c, 0x49, 0x47, 0x4e, 0x45, 0x44,
	0x5f, 0x4c, 0x4f, 0x41, 0x44, 0x5f, 0x4f, 0x50, 0x54, 0x49, 0x4d, 0x41, 0x4c, 0x00, 0x56, 0x01,
	0x58, 0x38, 0x36, 0x5f, 0x54, 0x55, 0x4e, 0x45, 0x5f, 0x41, 0x56, 0x58, 0x32, 0x35, 0x36, 0x5f,
	0x55, 0x4e, 0x41, 0x4c, 0x49, 0x47, 0x4e, 0x45, 0x44, 0x5f, 0x53, 0x54, 0x4f, 0x52, 0x45, 0x5f,
	0x4f, 0x50, 0x54, 0x49, 0x4d, 0x41, 0x4c, 0x00, 0x57, 0x01, 0x58, 0x38, 0x36, 0x5f, 0x54, 0x55,
	0x4e, 0x45, 0x5f, 0x41, 0x56, 0x58, 0x32, 0x35, 0x36, 0x5f, 0x53, 0x50, 0x4c, 0x49, 0x54, 0x5f,
	0x52, 0x45, 0x47, 0x53, 0x00, 0x58, 0x01, 0x58, 0x38, 0x36, 0x5f, 0x54, 0x55, 0x4e, 0x45, 0x5f,
	0x41, 0x56, 0x58, 0x31, 0x32, 0x38, 0x5f, 0x4f, 0x50, 0x54, 0x49, 0x4d, 0x41, 0x4c, 0x00, 0x59,
	0x01, 0x58, 0x38, 0x36, 0x5f, 0x54, 0x55, 0x4e, 0x45, 0x5f, 0x41, 0x56, 0x58, 0x32, 0x35, 0x36,
	0x5f, 0x4f, 0x50, 0x54, 0x49, 0x4d, 0x41, 0x4c, 0x00, 0x5a, 0x01, 0x58, 0x38, 0x36, 0x5f, 0x54,
	0x55, 0x4e, 0x45, 0x5f, 0x41, 0x56, 0x58, 0x32, 0x35, 0x36, 0x5f, 0x41, 0x56, 0x4f, 0x49, 0x44,
	0x5f, 0x56, 0x45, 0x43, 0x5f, 0x50, 0x45, 0x52, 0x4d, 0x00, 0x5b, 0x01, 0x58, 0x38, 0x36, 0x5f,
	0x54, 0x55, 0x4e, 0x45, 0x5f, 0x41, 0x56, 0x58, 0x35, 0x31, 0x32, 0x5f, 0x53, 0x50, 0x4c, 0x49,
	0x54, 0x5f, 0x52, 0x45, 0x47, 0x53, 0x00, 0x5c, 0x01, 0x58, 0x38, 0x36, 0x5f, 0x54, 0x55, 0x4e,
	0x45, 0x5f, 0x41, 0x56, 0x58, 0x32, 0x35, 0x36, 0x5f, 0x4d, 0x4f, 0x56, 0x45, 0x5f, 0x42, 0x59,
	0x5f, 0x50, 0x49, 0x45, 0x43, 0x45, 0x53, 0x00, 0x5d, 0x01, 0x58, 0x38, 0x36, 0x5f, 0x54, 0x55,
	0x4e, 0x45, 0x5f, 0x41, 0x56, 0x58, 0x35, 0x31, 0x32, 0x5f, 0x4d, 0x4f, 0x56, 0x45, 0x5f, 0x42,
	0x59, 0x5f, 0x50, 0x49, 0x45, 0x43, 0x45, 0x53, 0x00, 0x5e, 0x01, 0x58, 0x38, 0x36, 0x5f, 0x54,
	0x55, 0x4e, 0x45, 0x5f, 0x41, 0x56, 0x58, 0x35, 0x31, 0x32, 0x5f, 0x54, 0x57, 0x4f, 0x5f, 0x45,
	0x50, 0x49, 0x4c, 0x4f, 0x47, 0x55, 0x45, 0x53, 0x00, 0x5f, 0x01, 0x58, 0x38, 0x36, 0x5f, 0x54,
	0x55, 0x4e, 0x45, 0x5f, 0x41, 0x56, 0x58, 0x35, 0x31, 0x32, 0x5f, 0x4d, 0x41, 0x53, 0x4b, 0x45,
	0x44, 0x5f, 0x45, 0x50, 0x49, 0x4c, 0x4f, 0x47, 0x55, 0x45, 0x53, 0x00, 0x60, 0x01, 0x58, 0x38,
	0x36, 0x5f, 0x54, 0x55, 0x4e, 0x45, 0x5f, 0x44, 0x4f, 0x55, 0x42, 0x4c, 0x45, 0x5f, 0x57, 0x49,
	0x54, 0x48, 0x5f, 0x41, 0x44, 0x44, 0x00, 0x61, 0x01, 0x58, 0x38, 0x36, 0x5f, 0x54, 0x55, 0x4e,
	0x45, 0x5f, 0x41, 0x4c, 0x57, 0x41, 0x59, 0x53, 0x5f, 0x46, 0x41, 0x4e, 0x43, 0x59, 0x5f, 0x4d,
	0x41, 0x54, 0x48, 0x5f, 0x33, 0x38, 0x37, 0x00, 0x62, 0x01, 0x58, 0x38, 0x36, 0x5f, 0x54, 0x55,
	0x4e, 0x45, 0x5f, 0x55, 0x4e, 0x52, 0x4f, 0x4c, 0x4c, 0x5f, 0x53, 0x54, 0x52, 0x4c, 0x45, 0x4e,
	0x00, 0x63, 0x01, 0x58, 0x38, 0x36, 0x5f, 0x54, 0x55, 0x4e, 0x45, 0x5f, 0x53, 0x48, 0x49, 0x46,
	0x54, 0x31, 0x00, 0x64, 0x01, 0x58, 0x38, 0x36, 0x5f, 0x54, 0x55, 0x4e, 0x45, 0x5f, 0x5a, 0x45,
	0x52, 0x4f, 0x5f, 0x45, 0x58, 0x54, 0x45, 0x4e, 0x44, 0x5f, 0x57, 0x49, 0x54, 0x48, 0x5f, 0x41,
	0x4e, 0x44, 0x00, 0x65, 0x01, 0x58, 0x38, 0x36, 0x5f, 0x54, 0x55, 0x4e, 0x45, 0x5f, 0x50, 0x52,
	0x4f, 0x4d, 0x4f, 0x54, 0x45, 0x5f, 0x48, 0x49, 0x4d, 0x4f, 0x44, 0x45, 0x5f, 0x49, 0x4d, 0x55,
	0x4c, 0x00, 0x66, 0x01, 0x58, 0x38, 0x36, 0x5f, 0x54, 0x55, 0x4e, 0x45, 0x5f, 0x46, 0x41, 0x53,
	0x54, 0x5f, 0x50, 0x52, 0x45, 0x46, 0x49, 0x58, 0x00, 0x67, 0x01, 0x58, 0x38, 0x36, 0x5f, 0x54,
	0x55, 0x4e, 0x45, 0x5f, 0x52, 0x45, 0x41, 0x44, 0x5f, 0x4d, 0x4f, 0x44, 0x49, 0x46, 0x59, 0x5f,
	0x57, 0x52, 0x49, 0x54, 0x45, 0x00, 0x68, 0x01, 0x58, 0x38, 0x36, 0x5f, 0x54, 0x55, 0x4e, 0x45,
	0x5f, 0x4d, 0x4f, 0x56, 0x45, 0x5f, 0x4d, 0x31, 0x5f, 0x56, 0x49, 0x41, 0x5f, 0x4f, 0x52, 0x00,
	0x69, 0x01, 0x58, 0x38, 0x36, 0x5f, 0x54, 0x55, 0x4e, 0x45, 0x5f, 0x4e, 0x4f, 0x54, 0x5f, 0x55,
	0x4e, 0x50, 0x41, 0x49, 0x52, 0x41, 0x42, 0x4c, 0x45, 0x00, 0x6a, 0x01, 0x58, 0x38, 0x36, 0x5f,
	0x54, 0x55, 0x4e, 0x45, 0x5f, 0x50, 0x41, 0x52, 0x54, 0x49, 0x41, 0x4c, 0x5f, 0x52, 0x45, 0x47,
	0x5f, 0x53, 0x54, 0x41, 0x4c, 0x4c, 0x00, 0x6b, 0x01, 0x58, 0x38, 0x36, 0x5f, 0x54, 0x55, 0x4e,
	0x45, 0x5f, 0x50, 0x41, 0x52, 0x54, 0x49, 0x41, 0x4c, 0x5f, 0x4d, 0x45, 0x4d, 0x4f, 0x52, 0x59,
	0x5f, 0x52, 0x45, 0x41, 0x44, 0x5f, 0x53, 0x54, 0x41, 0x4c, 0x4c, 0x00, 0x6c, 0x01, 0x58, 0x38,
	0x36, 0x5f, 0x54, 0x55, 0x4e, 0x45, 0x5f, 0x50, 0x52, 0x4f, 0x4d, 0x4f, 0x54, 0x45, 0x5f, 0x51,
	0x49, 0x4d, 0x4f, 0x44, 0x45, 0x00, 0x6d, 0x01, 0x58, 0x38, 0x36, 0x5f, 0x54, 0x55, 0x4e, 0x45,
	0x5f, 0x50, 0x52, 0x4f, 0x4d, 0x4f, 0x54, 0x45, 0x5f, 0x48, 0x49, 0x5f, 0x52, 0x45, 0x47, 0x53,
	0x00, 0x6e, 0x01, 0x58, 0x38, 0x36, 0x5f, 0x54, 0x55, 0x4e, 0x45, 0x5f, 0x48, 0x49, 0x4d, 0x4f,
	0x44, 0x45, 0x5f, 0x4d, 0x41, 0x54, 0x48, 0x00, 0x6f, 0x01, 0x58, 0x38, 0x36, 0x5f, 0x54, 0x55,
	0x4e, 0x45, 0x5f, 0x53, 0x50, 0x4c, 0x49, 0x54, 0x5f, 0x4c, 0x4f, 0x4e, 0x47, 0x5f, 0x4d, 0x4f,
	0x56, 0x45, 0x53, 0x00, 0x70, 0x01, 0x58, 0x38, 0x36, 0x5f, 0x54, 0x55, 0x4e, 0x45, 0x5f, 0x55,
	0x53, 0x45, 0x5f, 0x58, 0x43, 0x48, 0x47, 0x42, 0x00, 0x71, 0x01, 0x58, 0x38, 0x36, 0x5f, 0x54,
	0x55, 0x4e, 0x45, 0x5f, 0x55, 0x53, 0x45, 0x5f, 0x4d, 0x4f, 0x56, 0x30, 0x00, 0x72, 0x01, 0x58,
	0x38, 0x36, 0x5f, 0x54, 0x55, 0x4e, 0x45, 0x5f, 0x4e, 0x4f, 0x54, 0x5f, 0x56, 0x45, 0x43, 0x54,
	0x4f, 0x52, 0x4d, 0x4f, 0x44, 0x45, 0x00, 0x73, 0x01, 0x58, 0x38, 0x36, 0x5f, 0x54, 0x55, 0x4e,
	0x45, 0x5f, 0x41, 0x56, 0x4f, 0x49, 0x44, 0x5f, 0x56, 0x45, 0x43, 0x54, 0x4f, 0x52, 0x5f, 0x44,
	0x45, 0x43, 0x4f, 0x44, 0x45, 0x00, 0x74, 0x01, 0x58, 0x38, 0x36, 0x5f, 0x54, 0x55, 0x4e, 0x45,
	0x5f, 0x42, 0x52, 0x41, 0x4e, 0x43, 0x48, 0x5f, 0x50, 0x52, 0x45, 0x44, 0x49, 0x43, 0x54, 0x49,
	0x4f, 0x4e, 0x5f, 0x48, 0x49, 0x4e, 0x54, 0x53, 0x5f, 0x54, 0x41, 0x4b, 0x45, 0x4e, 0x00, 0x75,
	0x01, 0x58, 0x38, 0x36, 0x5f, 0x54, 0x55, 0x4e, 0x45, 0x5f, 0x42, 0x52, 0x41, 0x4e, 0x43, 0x48,
	0x5f, 0x50, 0x52, 0x45, 0x44, 0x49, 0x43, 0x54, 0x49, 0x4f, 0x4e, 0x5f, 0x48, 0x49, 0x4e, 0x54,
	0x53, 0x5f, 0x4e, 0x4f, 0x54, 0x5f, 0x54, 0x41, 0x4b, 0x45, 0x4e, 0x00, 0x76, 0x01, 0x58, 0x38,
	0x36, 0x5f, 0x54, 0x55, 0x4e, 0x45, 0x5f, 0x51, 0x49, 0x4d, 0x4f, 0x44, 0x45, 0x5f, 0x4d, 0x41,
	0x54, 0x48, 0x00, 0x77, 0x01, 0x58, 0x38, 0x36, 0x5f, 0x54, 0x55, 0x4e, 0x45, 0x5f, 0x50, 0x52,
	0x4f, 0x4d, 0x4f, 0x54, 0x45, 0x5f, 0x51, 0x49, 0x5f, 0x52, 0x45, 0x47, 0x53, 0x00, 0x78, 0x01,
	0x58, 0x38, 0x36, 0x5f, 0x54, 0x55, 0x4e, 0x45, 0x5f, 0x53, 0x4c, 0x4f, 0x57, 0x5f, 0x53, 0x54,
	0x43, 0x00, 0x79, 0x01, 0x58, 0x38, 0x36, 0x5f, 0x54, 0x55, 0x4e, 0x45, 0x5f, 0x55, 0x53, 0x45,
	0x5f, 0x52, 0x43, 0x52, 0x00, 0x7a, 0x01, 0x58, 0x38, 0x36, 0x5f, 0x54, 0x55, 0x4e, 0x45, 0x5f,
	0x4c, 0x41, 0x53, 0x54, 0x00, 0x7b, 0x00, 0x03, 0x69, 0x78, 0x38, 0x36, 0x5f, 0x61, 0x72, 0x63,
	0x68, 0x5f, 0x69, 0x6e, 0x64, 0x69, 0x63, 0x65, 0x73, 0x00, 0xdd, 0x00, 0x00, 0x00, 0x07, 0x02,
	0xf6, 0x10, 0x00, 0x00, 0x01, 0x58, 0x38, 0x36, 0x5f, 0x41, 0x52, 0x43, 0x48, 0x5f, 0x43, 0x4d,
	0x4f, 0x56, 0x00, 0x00, 0x01, 0x58, 0x38, 0x36, 0x5f, 0x41, 0x52, 0x43, 0x48, 0x5f, 0x43, 0x4d,
	0x50, 0x58, 0x43, 0x48, 0x47, 0x00, 0x01, 0x01, 0x58, 0x38, 0x36, 0x5f, 0x41, 0x52, 0x43, 0x48,
	0x5f, 0x43, 0x4d, 0x50, 0x58, 0x43, 0x48, 0x47, 0x38, 0x42, 0x00, 0x02, 0x01, 0x58, 0x38, 0x36,
	0x5f, 0x41, 0x52, 0x43, 0x48, 0x5f, 0x58, 0x41, 0x44, 0x44, 0x00, 0x03, 0x01, 0x58, 0x38, 0x36,
	0x5f, 0x41, 0x52, 0x43, 0x48, 0x5f, 0x42, 0x53, 0x57, 0x41, 0x50, 0x00, 0x04, 0x01, 0x58, 0x38,
	0x36, 0x5f, 0x41, 0x52, 0x43, 0x48, 0x5f, 0x4c, 0x41, 0x53, 0x54, 0x00, 0x05, 0x00, 0x02, 0x01,
	0x02, 0x62, 0x6f, 0x6f, 0x6c, 0x00, 0x02, 0x01, 0x06, 0x73, 0x69, 0x67, 0x6e, 0x65, 0x64, 0x20,
	0x63, 0x68, 0x61, 0x72, 0x00, 0x02, 0x10, 0x05, 0x5f, 0x5f, 0x69, 0x6e, 0x74, 0x31, 0x32, 0x38,
	0x00, 0x02, 0x10, 0x07, 0x5f, 0x5f, 0x69, 0x6e, 0x74, 0x31, 0x32, 0x38, 0x20, 0x75, 0x6e, 0x73,
	0x69, 0x67, 0x6e, 0x65, 0x64, 0x00, 0x02, 0x02, 0x04, 0x5f, 0x46, 0x6c, 0x6f, 0x61, 0x74, 0x31,
	0x36, 0x00, 0x02, 0x04, 0x03, 0x63, 0x6f, 0x6d, 0x70, 0x6c, 0x65, 0x78, 0x20, 0x5f, 0x46, 0x6c,
	0x6f, 0x61, 0x74, 0x31, 0x36, 0x00, 0x02, 0x08, 0x03, 0x63, 0x6f, 0x6d, 0x70, 0x6c, 0x65, 0x78,
	0x20, 0x66, 0x6c, 0x6f, 0x61, 0x74, 0x00, 0x02, 0x10, 0x03, 0x63, 0x6f, 0x6d, 0x70, 0x6c, 0x65,
	0x78, 0x20, 0x64, 0x6f, 0x75, 0x62, 0x6c, 0x65, 0x00, 0x02, 0x20, 0x03, 0x63, 0x6f, 0x6d, 0x70,
	0x6c, 0x65, 0x78, 0x20, 0x6c, 0x6f, 0x6e, 0x67, 0x20, 0x64, 0x6f, 0x75, 0x62, 0x6c, 0x65, 0x00,
	0x02, 0x10, 0x04, 0x5f, 0x46, 0x6c, 0x6f, 0x61, 0x74, 0x31, 0x32, 0x38, 0x00, 0x02, 0x20, 0x03,
	0x63, 0x6f, 0x6d, 0x70, 0x6c, 0x65, 0x78, 0x20, 0x5f, 0x46, 0x6c, 0x6f, 0x61, 0x74, 0x31, 0x32,
	0x38, 0x00, 0x0b, 0x66, 0x75, 0x6e, 0x63, 0x5f, 0x70, 0x74, 0x72, 0x00, 0x02, 0x2a, 0x10, 0x35,
	0x01, 0x00, 0x00, 0x04, 0xaa, 0x11, 0x00, 0x00, 0xc6, 0x11, 0x00, 0x00, 0x0c, 0x00, 0x05, 0x5f,
	0x5f, 0x43, 0x54, 0x4f, 0x52, 0x5f, 0x4c, 0x49, 0x53, 0x54, 0x5f, 0x5f, 0x00, 0x2f, 0xbb, 0x11,
	0x00, 0x00, 0x05, 0x5f, 0x5f, 0x44, 0x54, 0x4f, 0x52, 0x5f, 0x4c, 0x49, 0x53, 0x54, 0x5f, 0x5f,
	0x00, 0x30, 0xbb, 0x11, 0x00, 0x00, 0x04, 0xaa, 0x11, 0x00, 0x00, 0xfe, 0x11, 0x00, 0x00, 0x0d,
	0x89, 0x00, 0x00, 0x00, 0x01, 0x00, 0x06, 0xc6, 0x11, 0x00, 0x00, 0x6d, 0x0c, 0xee, 0x11, 0x00,
	0x00, 0x09, 0x03, 0x20, 0x73, 0x20, 0x63, 0x03, 0x00, 0x00, 0x00, 0x06, 0xda, 0x11, 0x00, 0x00,
	0x6e, 0x0c, 0xee, 0x11, 0x00, 0x00, 0x09, 0x03, 0x10, 0x73, 0x20, 0x63, 0x03, 0x00, 0x00, 0x00,
	0x00, 0x00, 0x00, 0x00, 0x00, 0x00, 0x00, 0x00, 0x00, 0x00, 0x00, 0x00, 0x00, 0x00, 0x00, 0x00,
	0x00, 0x00, 0x00, 0x00, 0x00, 0x00, 0x00, 0x00, 0x00, 0x00, 0x00, 0x00, 0x00, 0x00, 0x00, 0x00,
	0x00, 0x00, 0x00, 0x00, 0x00, 0x00, 0x00, 0x00, 0x00, 0x00, 0x00, 0x00, 0x00, 0x00, 0x00, 0x00,
	0x00, 0x00, 0x00, 0x00, 0x00, 0x00, 0x00, 0x00, 0x00, 0x00, 0x00, 0x00, 0x00, 0x00, 0x00, 0x00,
	0x00, 0x00, 0x00, 0x00, 0x00, 0x00, 0x00, 0x00, 0x00, 0x00, 0x00, 0x00, 0x00, 0x00, 0x00, 0x00,
	0x00, 0x00, 0x00, 0x00, 0x00, 0x00, 0x00, 0x00, 0x00, 0x00, 0x00, 0x00, 0x00, 0x00, 0x00, 0x00,
	0x00, 0x00, 0x00, 0x00, 0x00, 0x00, 0x00, 0x00, 0x00, 0x00, 0x00, 0x00, 0x00, 0x00, 0x00, 0x00,
	0x00, 0x00, 0x00, 0x00, 0x00, 0x00, 0x00, 0x00, 0x00, 0x00, 0x00, 0x00, 0x00, 0x00, 0x00, 0x00,
	0x00, 0x00, 0x00, 0x00, 0x00, 0x00, 0x00, 0x00, 0x00, 0x00, 0x00, 0x00, 0x00, 0x00, 0x00, 0x00,
	0x00, 0x00, 0x00, 0x00, 0x00, 0x00, 0x00, 0x00, 0x00, 0x00, 0x00, 0x00, 0x00, 0x00, 0x00, 0x00,
	0x00, 0x00, 0x00, 0x00, 0x00, 0x00, 0x00, 0x00, 0x00, 0x00, 0x00, 0x00, 0x00, 0x00, 0x00, 0x00,
	0x00, 0x00, 0x00, 0x00, 0x00, 0x00, 0x00, 0x00, 0x00, 0x00, 0x00, 0x00, 0x00, 0x00, 0x00, 0x00,
	0x00, 0x00, 0x00, 0x00, 0x00, 0x00, 0x00, 0x00, 0x00, 0x00, 0x00, 0x00, 0x00, 0x00, 0x00, 0x00,
	0x00, 0x00, 0x00, 0x00, 0x00, 0x00, 0x00, 0x00, 0x00, 0x00, 0x00, 0x00, 0x00, 0x00, 0x00, 0x00,
	0x00, 0x00, 0x00, 0x00, 0x00, 0x00, 0x00, 0x00, 0x00, 0x00, 0x00, 0x00, 0x00, 0x00, 0x00, 0x00,
	0x00, 0x00, 0x00, 0x00, 0x00, 0x00, 0x00, 0x00, 0x00, 0x00, 0x00, 0x00, 0x00, 0x00, 0x00, 0x00,
	0x00, 0x00, 0x00, 0x00, 0x00, 0x00, 0x00, 0x00, 0x00, 0x00, 0x00, 0x00, 0x00, 0x00, 0x00, 0x00,
	0x00, 0x00, 0x00, 0x00, 0x00, 0x00, 0x00, 0x00, 0x00, 0x00, 0x00, 0x00, 0x00, 0x00, 0x00, 0x00,
	0x00, 0x00, 0x00, 0x00, 0x00, 0x00, 0x00, 0x00, 0x00, 0x00, 0x00, 0x00, 0x00, 0x00, 0x00, 0x00,
	0x00, 0x00, 0x00, 0x00, 0x00, 0x00, 0x00, 0x00, 0x00, 0x00, 0x00, 0x00, 0x00, 0x00, 0x00, 0x00,
	0x00, 0x00, 0x00, 0x00, 0x00, 0x00, 0x00, 0x00, 0x00, 0x00, 0x00, 0x00, 0x00, 0x00, 0x00, 0x00,
	0x00, 0x00, 0x00, 0x00, 0x00, 0x00, 0x00, 0x00, 0x00, 0x00, 0x00, 0x00, 0x00, 0x00, 0x00, 0x00,
	0x00, 0x00, 0x00, 0x00, 0x00, 0x00, 0x00, 0x00, 0x00, 0x00, 0x00, 0x00, 0x00, 0x00, 0x00, 0x00,
	0x00, 0x00, 0x00, 0x00, 0x00, 0x00, 0x00, 0x00, 0x00, 0x00, 0x00, 0x00, 0x00, 0x00, 0x00, 0x00,
	0x00, 0x00, 0x00, 0x00, 0x00, 0x00, 0x00, 0x00, 0x00, 0x00, 0x00, 0x00, 0x00, 0x00, 0x00, 0x00,
	0x00, 0x00, 0x00, 0x00, 0x00, 0x00, 0x00, 0x00, 0x00, 0x00, 0x00, 0x00, 0x00, 0x00, 0x00, 0x00,
	0x00, 0x00, 0x00, 0x00, 0x00, 0x00, 0x00, 0x00, 0x00, 0x00, 0x00, 0x00, 0x00, 0x00, 0x00, 0x00,
	0x01, 0x11, 0x00, 0x10, 0x17, 0x11, 0x01, 0x12, 0x0f, 0x03, 0x0e, 0x1b, 0x0e, 0x25, 0x0e, 0x13,
	0x05, 0x00, 0x00, 0x00, 0x01, 0x28, 0x00, 0x03, 0x08, 0x1c, 0x0b, 0x00, 0x00, 0x02, 0x24, 0x00,
	0x0b, 0x0b, 0x3e, 0x0b, 0x03, 0x08, 0x00, 0x00, 0x03, 0x04, 0x01, 0x03, 0x08, 0x3e, 0x21, 0x07,
	0x0b, 0x21, 0x04, 0x49, 0x13, 0x3a, 0x21, 0x01, 0x3b, 0x05, 0x39, 0x21, 0x06, 0x01, 0x13, 0x00,
	0x00, 0x04, 0x01, 0x01, 0x49, 0x13, 0x01, 0x13, 0x00, 0x00, 0x05, 0x34, 0x00, 0x03, 0x08, 0x3a,
	0x21, 0x02, 0x3b, 0x0b, 0x39, 0x21, 0x11, 0x49, 0x13, 0x3f, 0x19, 0x3c, 0x19, 0x00, 0x00, 0x06,
	0x34, 0x00, 0x47, 0x13, 0x3a, 0x21, 0x03, 0x3b, 0x05, 0x39, 0x21, 0x0a, 0x49, 0x13, 0x02, 0x18,
	0x00, 0x00, 0x07, 0x11, 0x01, 0x25, 0x08, 0x13, 0x0b, 0x90, 0x01, 0x0b, 0x91, 0x01, 0x06, 0x03,
	0x1f, 0x1b, 0x1f, 0x10, 0x17, 0x00, 0x00, 0x08, 0x0f, 0x00, 0x0b, 0x0b, 0x49, 0x13, 0x00, 0x00,
	0x09, 0x15, 0x00, 0x27, 0x19, 0x00, 0x00, 0x0a, 0x04, 0x01, 0x03, 0x08, 0x3e, 0x0b, 0x0b, 0x0b,
	0x49, 0x13, 0x3a, 0x0b, 0x3b, 0x0b, 0x39, 0x0b, 0x01, 0x13, 0x00, 0x00, 0x0b, 0x16, 0x00, 0x03,
	0x08, 0x3a, 0x0b, 0x3b, 0x0b, 0x39, 0x0b, 0x49, 0x13, 0x00, 0x00, 0x0c, 0x21, 0x00, 0x00, 0x00,
	0x0d, 0x21, 0x00, 0x49, 0x13, 0x2f, 0x0b, 0x00, 0x00, 0x00, 0x00, 0x00, 0x00, 0x00, 0x00, 0x00,
	0x00, 0x00, 0x00, 0x00, 0x00, 0x00, 0x00, 0x00, 0x00, 0x00, 0x00, 0x00, 0x00, 0x00, 0x00, 0x00,
	0x00, 0x00, 0x00, 0x00, 0x00, 0x00, 0x00, 0x00, 0x00, 0x00, 0x00, 0x00, 0x00, 0x00, 0x00, 0x00,
	0x00, 0x00, 0x00, 0x00, 0x00, 0x00, 0x00, 0x00, 0x00, 0x00, 0x00, 0x00, 0x00, 0x00, 0x00, 0x00,
	0x00, 0x00, 0x00, 0x00, 0x00, 0x00, 0x00, 0x00, 0x00, 0x00, 0x00, 0x00, 0x00, 0x00, 0x00, 0x00,
	0x00, 0x00, 0x00, 0x00, 0x00, 0x00, 0x00, 0x00, 0x00, 0x00, 0x00, 0x00, 0x00, 0x00, 0x00, 0x00,
	0x00, 0x00, 0x00, 0x00, 0x00, 0x00, 0x00, 0x00, 0x00, 0x00, 0x00, 0x00, 0x00, 0x00, 0x00, 0x00,
	0x00, 0x00, 0x00, 0x00, 0x00, 0x00, 0x00, 0x00, 0x00, 0x00, 0x00, 0x00, 0x00, 0x00, 0x00, 0x00,
	0x00, 0x00, 0x00, 0x00, 0x00, 0x00, 0x00, 0x00, 0x00, 0x00, 0x00, 0x00, 0x00, 0x00, 0x00, 0x00,
	0x00, 0x00, 0x00, 0x00, 0x00, 0x00, 0x00, 0x00, 0x00, 0x00, 0x00, 0x00, 0x00, 0x00, 0x00, 0x00,
	0x00, 0x00, 0x00, 0x00, 0x00, 0x00, 0x00, 0x00, 0x00, 0x00, 0x00, 0x00, 0x00, 0x00, 0x00, 0x00,
	0x00, 0x00, 0x00, 0x00, 0x00, 0x00, 0x00, 0x00, 0x00, 0x00, 0x00, 0x00, 0x00, 0x00, 0x00, 0x00,
	0x00, 0x00, 0x00, 0x00, 0x00, 0x00, 0x00, 0x00, 0x00, 0x00, 0x00, 0x00, 0x00, 0x00, 0x00, 0x00,
	0x00, 0x00, 0x00, 0x00, 0x00, 0x00, 0x00, 0x00, 0x00, 0x00, 0x00, 0x00, 0x00, 0x00, 0x00, 0x00,
	0x00, 0x00, 0x00, 0x00, 0x00, 0x00, 0x00, 0x00, 0x00, 0x00, 0x00, 0x00, 0x00, 0x00, 0x00, 0x00,
	0x00, 0x00, 0x00, 0x00, 0x00, 0x00, 0x00, 0x00, 0x00, 0x00, 0x00, 0x00, 0x00, 0x00, 0x00, 0x00,
	0x00, 0x00, 0x00, 0x00, 0x00, 0x00, 0x00, 0x00, 0x00, 0x00, 0x00, 0x00, 0x00, 0x00, 0x00, 0x00,
	0x00, 0x00, 0x00, 0x00, 0x00, 0x00, 0x00, 0x00, 0x00, 0x00, 0x00, 0x00, 0x00, 0x00, 0x00, 0x00,
	0x00, 0x00, 0x00, 0x00, 0x00, 0x00, 0x00, 0x00, 0x00, 0x00, 0x00, 0x00, 0x00, 0x00, 0x00, 0x00,
	0x00, 0x00, 0x00, 0x00, 0x00, 0x00, 0x00, 0x00, 0x00, 0x00, 0x00, 0x00, 0x00, 0x00, 0x00, 0x00,
	0x58, 0x00, 0x00, 0x00, 0x05, 0x00, 0x08, 0x00, 0x2e, 0x00, 0x00, 0x00, 0x01, 0x01, 0x01, 0xfb,
	0x0e, 0x0d, 0x00, 0x01, 0x01, 0x01, 0x01, 0x00, 0x00, 0x00, 0x01, 0x00, 0x00, 0x01, 0x01, 0x01,
	0x1f, 0x02, 0x00, 0x00, 0x00, 0x00, 0x1f, 0x00, 0x00, 0x00, 0x02, 0x01, 0x1f, 0x02, 0x0f, 0x02,
	0x3a, 0x00, 0x00, 0x00, 0x01, 0x3a, 0x00, 0x00, 0x00, 0x01, 0x00, 0x09, 0x02, 0x30, 0x2b, 0x20,
	0x63, 0x03, 0x00, 0x00, 0x00, 0x03, 0xf4, 0x00, 0x01, 0x22, 0x22, 0x67, 0x59, 0x30, 0x75, 0x4b,
	0x67, 0x67, 0x30, 0x3d, 0x4c, 0x22, 0x22, 0x02, 0x01, 0x00, 0x01, 0x01, 0x44, 0x00, 0x00, 0x00,
	0x05, 0x00, 0x08, 0x00, 0x3c, 0x00, 0x00, 0x00, 0x01, 0x01, 0x01, 0xfb, 0x0e, 0x0d, 0x00, 0x01,
	0x01, 0x01, 0x01, 0x00, 0x00, 0x00, 0x01, 0x00, 0x00, 0x01, 0x01, 0x01, 0x1f, 0x03, 0x7b, 0x00,
	0x00, 0x00, 0x9a, 0x00, 0x00, 0x00, 0xa9, 0x00, 0x00, 0x00, 0x02, 0x01, 0x1f, 0x02, 0x0f, 0x04,
	0xcb, 0x00, 0x00, 0x00, 0x01, 0xd5, 0x00, 0x00, 0x00, 0x02, 0xdc, 0x00, 0x00, 0x00, 0x01, 0xe8,
	0x00, 0x00, 0x00, 0x01, 0x00, 0x00, 0x00, 0x00, 0x00, 0x00, 0x00, 0x00, 0x00, 0x00, 0x00, 0x00,
	0x00, 0x00, 0x00, 0x00, 0x00, 0x00, 0x00, 0x00, 0x00, 0x00, 0x00, 0x00, 0x00, 0x00, 0x00, 0x00,
	0x00, 0x00, 0x00, 0x00, 0x00, 0x00, 0x00, 0x00, 0x00, 0x00, 0x00, 0x00, 0x00, 0x00, 0x00, 0x00,
	0x00, 0x00, 0x00, 0x00, 0x00, 0x00, 0x00, 0x00, 0x00, 0x00, 0x00, 0x00, 0x00, 0x00, 0x00, 0x00,
	0x00, 0x00, 0x00, 0x00, 0x00, 0x00, 0x00, 0x00, 0x00, 0x00, 0x00, 0x00, 0x00, 0x00, 0x00, 0x00,
	0x00, 0x00, 0x00, 0x00, 0x00, 0x00, 0x00, 0x00, 0x00, 0x00, 0x00, 0x00, 0x00, 0x00, 0x00, 0x00,
	0x00, 0x00, 0x00, 0x00, 0x00, 0x00, 0x00, 0x00, 0x00, 0x00, 0x00, 0x00, 0x00, 0x00, 0x00, 0x00,
	0x00, 0x00, 0x00, 0x00, 0x00, 0x00, 0x00, 0x00, 0x00, 0x00, 0x00, 0x00, 0x00, 0x00, 0x00, 0x00,
	0x00, 0x00, 0x00, 0x00, 0x00, 0x00, 0x00, 0x00, 0x00, 0x00, 0x00, 0x00, 0x00, 0x00, 0x00, 0x00,
	0x00, 0x00, 0x00, 0x00, 0x00, 0x00, 0x00, 0x00, 0x00, 0x00, 0x00, 0x00, 0x00, 0x00, 0x00, 0x00,
	0x00, 0x00, 0x00, 0x00, 0x00, 0x00, 0x00, 0x00, 0x00, 0x00, 0x00, 0x00, 0x00, 0x00, 0x00, 0x00,
	0x00, 0x00, 0x00, 0x00, 0x00, 0x00, 0x00, 0x00, 0x00, 0x00, 0x00, 0x00, 0x00, 0x00, 0x00, 0x00,
	0x00, 0x00, 0x00, 0x00, 0x00, 0x00, 0x00, 0x00, 0x00, 0x00, 0x00, 0x00, 0x00, 0x00, 0x00, 0x00,
	0x00, 0x00, 0x00, 0x00, 0x00, 0x00, 0x00, 0x00, 0x00, 0x00, 0x00, 0x00, 0x00, 0x00, 0x00, 0x00,
	0x00, 0x00, 0x00, 0x00, 0x00, 0x00, 0x00, 0x00, 0x00, 0x00, 0x00, 0x00, 0x00, 0x00, 0x00, 0x00,
	0x00, 0x00, 0x00, 0x00, 0x00, 0x00, 0x00, 0x00, 0x00, 0x00, 0x00, 0x00, 0x00, 0x00, 0x00, 0x00,
	0x00, 0x00, 0x00, 0x00, 0x00, 0x00, 0x00, 0x00, 0x00, 0x00, 0x00, 0x00, 0x00, 0x00, 0x00, 0x00,
	0x00, 0x00, 0x00, 0x00, 0x00, 0x00, 0x00, 0x00, 0x00, 0x00, 0x00, 0x00, 0x00, 0x00, 0x00, 0x00,
	0x00, 0x00, 0x00, 0x00, 0x00, 0x00, 0x00, 0x00, 0x00, 0x00, 0x00, 0x00, 0x00, 0x00, 0x00, 0x00,
	0x00, 0x00, 0x00, 0x00, 0x00, 0x00, 0x00, 0x00, 0x00, 0x00, 0x00, 0x00, 0x00, 0x00, 0x00, 0x00,
	0x00, 0x00, 0x00, 0x00, 0x00, 0x00, 0x00, 0x00, 0x00, 0x00, 0x00, 0x00, 0x00, 0x00, 0x00, 0x00,
	0x00, 0x00, 0x00, 0x00, 0x00, 0x00, 0x00, 0x00, 0x00, 0x00, 0x00, 0x00, 0x00, 0x00, 0x00, 0x00,
	0x14, 0x00, 0x00, 0x00, 0xff, 0xff, 0xff, 0xff, 0x01, 0x00, 0x01, 0x78, 0x20, 0x0c, 0x07, 0x08,
	0xa0, 0x01, 0x00, 0x00, 0x00, 0x00, 0x00, 0x00, 0x2c, 0x00, 0x00, 0x00, 0x00, 0x00, 0x00, 0x00,
	0x30, 0x2b, 0x20, 0x63, 0x03, 0x00, 0x00, 0x00, 0x32, 0x00, 0x00, 0x00, 0x00, 0x00, 0x00, 0x00,
	0x41, 0x0e, 0x10, 0x82, 0x02, 0x41, 0x0e, 0x18, 0x80, 0x03, 0x6e, 0x0e, 0x10, 0xc0, 0x41, 0x0e,
	0x08, 0xc2, 0x00, 0x00, 0x00, 0x00, 0x00, 0x00, 0x00, 0x00, 0x00, 0x00, 0x00, 0x00, 0x00, 0x00,
	0x00, 0x00, 0x00, 0x00, 0x00, 0x00, 0x00, 0x00, 0x00, 0x00, 0x00, 0x00, 0x00, 0x00, 0x00, 0x00,
	0x00, 0x00, 0x00, 0x00, 0x00, 0x00, 0x00, 0x00, 0x00, 0x00, 0x00, 0x00, 0x00, 0x00, 0x00, 0x00,
	0x00, 0x00, 0x00, 0x00, 0x00, 0x00, 0x00, 0x00, 0x00, 0x00, 0x00, 0x00, 0x00, 0x00, 0x00, 0x00,
	0x00, 0x00, 0x00, 0x00, 0x00, 0x00, 0x00, 0x00, 0x00, 0x00, 0x00, 0x00, 0x00, 0x00, 0x00, 0x00,
	0x00, 0x00, 0x00, 0x00, 0x00, 0x00, 0x00, 0x00, 0x00, 0x00, 0x00, 0x00, 0x00, 0x00, 0x00, 0x00,
	0x00, 0x00, 0x00, 0x00, 0x00, 0x00, 0x00, 0x00, 0x00, 0x00, 0x00, 0x00, 0x00, 0x00, 0x00, 0x00,
	0x00, 0x00, 0x00, 0x00, 0x00, 0x00, 0x00, 0x00, 0x00, 0x00, 0x00, 0x00, 0x00, 0x00, 0x00, 0x00,
	0x00, 0x00, 0x00, 0x00, 0x00, 0x00, 0x00, 0x00, 0x00, 0x00, 0x00, 0x00, 0x00, 0x00, 0x00, 0x00,
	0x00, 0x00, 0x00, 0x00, 0x00, 0x00, 0x00, 0x00, 0x00, 0x00, 0x00, 0x00, 0x00, 0x00, 0x00, 0x00,
	0x00, 0x00, 0x00, 0x00, 0x00, 0x00, 0x00, 0x00, 0x00, 0x00, 0x00, 0x00, 0x00, 0x00, 0x00, 0x00,
	0x00, 0x00, 0x00, 0x00, 0x00, 0x00, 0x00, 0x00, 0x00, 0x00, 0x00, 0x00, 0x00, 0x00, 0x00, 0x00,
	0x00, 0x00, 0x00, 0x00, 0x00, 0x00, 0x00, 0x00, 0x00, 0x00, 0x00, 0x00, 0x00, 0x00, 0x00, 0x00,
	0x00, 0x00, 0x00, 0x00, 0x00, 0x00, 0x00, 0x00, 0x00, 0x00, 0x00, 0x00, 0x00, 0x00, 0x00, 0x00,
	0x00, 0x00, 0x00, 0x00, 0x00, 0x00, 0x00, 0x00, 0x00, 0x00, 0x00, 0x00, 0x00, 0x00, 0x00, 0x00,
	0x00, 0x00, 0x00, 0x00, 0x00, 0x00, 0x00, 0x00, 0x00, 0x00, 0x00, 0x00, 0x00, 0x00, 0x00, 0x00,
	0x00, 0x00, 0x00, 0x00, 0x00, 0x00, 0x00, 0x00, 0x00, 0x00, 0x00, 0x00, 0x00, 0x00, 0x00, 0x00,
	0x00, 0x00, 0x00, 0x00, 0x00, 0x00, 0x00, 0x00, 0x00, 0x00, 0x00, 0x00, 0x00, 0x00, 0x00, 0x00,
	0x00, 0x00, 0x00, 0x00, 0x00, 0x00, 0x00, 0x00, 0x00, 0x00, 0x00, 0x00, 0x00, 0x00, 0x00, 0x00,
	0x00, 0x00, 0x00, 0x00, 0x00, 0x00, 0x00, 0x00, 0x00, 0x00, 0x00, 0x00, 0x00, 0x00, 0x00, 0x00,
	0x00, 0x00, 0x00, 0x00, 0x00, 0x00, 0x00, 0x00, 0x00, 0x00, 0x00, 0x00, 0x00, 0x00, 0x00, 0x00,
	0x00, 0x00, 0x00, 0x00, 0x00, 0x00, 0x00, 0x00, 0x00, 0x00, 0x00, 0x00, 0x00, 0x00, 0x00, 0x00,
	0x00, 0x00, 0x00, 0x00, 0x00, 0x00, 0x00, 0x00, 0x00, 0x00, 0x00, 0x00, 0x00, 0x00, 0x00, 0x00,
	0x00, 0x00, 0x00, 0x00, 0x00, 0x00, 0x00, 0x00, 0x00, 0x00, 0x00, 0x00, 0x00, 0x00, 0x00, 0x00,
	0x00, 0x00, 0x00, 0x00, 0x00, 0x00, 0x00, 0x00, 0x00, 0x00, 0x00, 0x00, 0x00, 0x00, 0x00, 0x00,
	0x00, 0x00, 0x00, 0x00, 0x00, 0x00, 0x00, 0x00, 0x00, 0x00, 0x00, 0x00, 0x00, 0x00, 0x00, 0x00,
	0x00, 0x00, 0x00, 0x00, 0x00, 0x00, 0x00, 0x00, 0x00, 0x00, 0x00, 0x00, 0x00, 0x00, 0x00, 0x00,
	0x00, 0x00, 0x00, 0x00, 0x00, 0x00, 0x00, 0x00, 0x00, 0x00, 0x00, 0x00, 0x00, 0x00, 0x00, 0x00,
	0x2f, 0x64, 0x6c, 0x2f, 0x67, 0x63, 0x63, 0x2f, 0x6c, 0x69, 0x62, 0x67, 0x63, 0x63, 0x2f, 0x63,
	0x6f, 0x6e, 0x66, 0x69, 0x67, 0x2f, 0x69, 0x33, 0x38, 0x36, 0x2f, 0x63, 0x79, 0x67, 0x77, 0x69,
	0x6e, 0x2e, 0x53, 0x00, 0x2f, 0x67, 0x63, 0x63, 0x2f, 0x78, 0x38, 0x36, 0x5f, 0x36, 0x34, 0x2d,
	0x77, 0x36, 0x34, 0x2d, 0x6d, 0x69, 0x6e, 0x67, 0x77, 0x33, 0x32, 0x2f, 0x6c, 0x69, 0x62, 0x67,
	0x63, 0x63, 0x00, 0x47, 0x4e, 0x55, 0x20, 0x41, 0x53, 0x20, 0x32, 0x2e, 0x34, 0x37, 0x00, 0x00,
	0x00, 0x00, 0x00, 0x00, 0x00, 0x00, 0x00, 0x00, 0x00, 0x00, 0x00, 0x00, 0x00, 0x00, 0x00, 0x00,
	0x00, 0x00, 0x00, 0x00, 0x00, 0x00, 0x00, 0x00, 0x00, 0x00, 0x00, 0x00, 0x00, 0x00, 0x00, 0x00,
	0x00, 0x00, 0x00, 0x00, 0x00, 0x00, 0x00, 0x00, 0x00, 0x00, 0x00, 0x00, 0x00, 0x00, 0x00, 0x00,
	0x00, 0x00, 0x00, 0x00, 0x00, 0x00, 0x00, 0x00, 0x00, 0x00, 0x00, 0x00, 0x00, 0x00, 0x00, 0x00,
	0x00, 0x00, 0x00, 0x00, 0x00, 0x00, 0x00, 0x00, 0x00, 0x00, 0x00, 0x00, 0x00, 0x00, 0x00, 0x00,
	0x00, 0x00, 0x00, 0x00, 0x00, 0x00, 0x00, 0x00, 0x00, 0x00, 0x00, 0x00, 0x00, 0x00, 0x00, 0x00,
	0x00, 0x00, 0x00, 0x00, 0x00, 0x00, 0x00, 0x00, 0x00, 0x00, 0x00, 0x00, 0x00, 0x00, 0x00, 0x00,
	0x00, 0x00, 0x00, 0x00, 0x00, 0x00, 0x00, 0x00, 0x00, 0x00, 0x00, 0x00, 0x00, 0x00, 0x00, 0x00,
	0x00, 0x00, 0x00, 0x00, 0x00, 0x00, 0x00, 0x00, 0x00, 0x00, 0x00, 0x00, 0x00, 0x00, 0x00, 0x00,
	0x00, 0x00, 0x00, 0x00, 0x00, 0x00, 0x00, 0x00, 0x00, 0x00, 0x00, 0x00, 0x00, 0x00, 0x00, 0x00,
	0x00, 0x00, 0x00, 0x00, 0x00, 0x00, 0x00, 0x00, 0x00, 0x00, 0x00, 0x00, 0x00, 0x00, 0x00, 0x00,
	0x00, 0x00, 0x00, 0x00, 0x00, 0x00, 0x00, 0x00, 0x00, 0x00, 0x00, 0x00, 0x00, 0x00, 0x00, 0x00,
	0x00, 0x00, 0x00, 0x00, 0x00, 0x00, 0x00, 0x00, 0x00, 0x00, 0x00, 0x00, 0x00, 0x00, 0x00, 0x00,
	0x00, 0x00, 0x00, 0x00, 0x00, 0x00, 0x00, 0x00, 0x00, 0x00, 0x00, 0x00, 0x00, 0x00, 0x00, 0x00,
	0x00, 0x00, 0x00, 0x00, 0x00, 0x00, 0x00, 0x00, 0x00, 0x00, 0x00, 0x00, 0x00, 0x00, 0x00, 0x00,
	0x00, 0x00, 0x00, 0x00, 0x00, 0x00, 0x00, 0x00, 0x00, 0x00, 0x00, 0x00, 0x00, 0x00, 0x00, 0x00,
	0x00, 0x00, 0x00, 0x00, 0x00, 0x00, 0x00, 0x00, 0x00, 0x00, 0x00, 0x00, 0x00, 0x00, 0x00, 0x00,
	0x00, 0x00, 0x00, 0x00, 0x00, 0x00, 0x00, 0x00, 0x00, 0x00, 0x00, 0x00, 0x00, 0x00, 0x00, 0x00,
	0x00, 0x00, 0x00, 0x00, 0x00, 0x00, 0x00, 0x00, 0x00, 0x00, 0x00, 0x00, 0x00, 0x00, 0x00, 0x00,
	0x00, 0x00, 0x00, 0x00, 0x00, 0x00, 0x00, 0x00, 0x00, 0x00, 0x00, 0x00, 0x00, 0x00, 0x00, 0x00,
	0x00, 0x00, 0x00, 0x00, 0x00, 0x00, 0x00, 0x00, 0x00, 0x00, 0x00, 0x00, 0x00, 0x00, 0x00, 0x00,
	0x00, 0x00, 0x00, 0x00, 0x00, 0x00, 0x00, 0x00, 0x00, 0x00, 0x00, 0x00, 0x00, 0x00, 0x00, 0x00,
	0x00, 0x00, 0x00, 0x00, 0x00, 0x00, 0x00, 0x00, 0x00, 0x00, 0x00, 0x00, 0x00, 0x00, 0x00, 0x00,
	0x00, 0x00, 0x00, 0x00, 0x00, 0x00, 0x00, 0x00, 0x00, 0x00, 0x00, 0x00, 0x00, 0x00, 0x00, 0x00,
	0x00, 0x00, 0x00, 0x00, 0x00, 0x00, 0x00, 0x00, 0x00, 0x00, 0x00, 0x00, 0x00, 0x00, 0x00, 0x00,
	0x00, 0x00, 0x00, 0x00, 0x00, 0x00, 0x00, 0x00, 0x00, 0x00, 0x00, 0x00, 0x00, 0x00, 0x00, 0x00,
	0x00, 0x00, 0x00, 0x00, 0x00, 0x00, 0x00, 0x00, 0x00, 0x00, 0x00, 0x00, 0x00, 0x00, 0x00, 0x00,
	0x2f, 0x67, 0x63, 0x63, 0x2f, 0x78, 0x38, 0x36, 0x5f, 0x36, 0x34, 0x2d, 0x77, 0x36, 0x34, 0x2d,
	0x6d, 0x69, 0x6e, 0x67, 0x77, 0x33, 0x32, 0x2f, 0x6c, 0x69, 0x62, 0x67, 0x63, 0x63, 0x00, 0x2f,
	0x64, 0x6c, 0x2f, 0x67, 0x63, 0x63, 0x2f, 0x6c, 0x69, 0x62, 0x67, 0x63, 0x63, 0x2f, 0x63, 0x6f,
	0x6e, 0x66, 0x69, 0x67, 0x2f, 0x69, 0x33, 0x38, 0x36, 0x00, 0x63, 0x79, 0x67, 0x77, 0x69, 0x6e,
	0x2e, 0x53, 0x00, 0x2f, 0x64, 0x6c, 0x2f, 0x67, 0x63, 0x63, 0x2f, 0x6c, 0x69, 0x62, 0x67, 0x63,
	0x63, 0x2f, 0x6c, 0x69, 0x62, 0x67, 0x63, 0x63, 0x32, 0x2e, 0x63, 0x00, 0x2f, 0x67, 0x63, 0x63,
	0x2f, 0x78, 0x38, 0x36, 0x5f, 0x36, 0x34, 0x2d, 0x77, 0x36, 0x34, 0x2d, 0x6d, 0x69, 0x6e, 0x67,
	0x77, 0x33, 0x32, 0x2f, 0x6c, 0x69, 0x62, 0x67, 0x63, 0x63, 0x00, 0x2f, 0x67, 0x63, 0x63, 0x2f,
	0x78, 0x38, 0x36, 0x5f, 0x36, 0x34, 0x2d, 0x77, 0x36, 0x34, 0x2d, 0x6d, 0x69, 0x6e, 0x67, 0x77,
	0x33, 0x32, 0x2f, 0x6c, 0x69, 0x62, 0x67, 0x63, 0x63, 0x00, 0x2f, 0x64, 0x6c, 0x2f, 0x67, 0x63,
	0x63, 0x2f, 0x6c, 0x69, 0x62, 0x67, 0x63, 0x63, 0x00, 0x2f, 0x64, 0x6c, 0x2f, 0x67, 0x63, 0x63,
	0x2f, 0x6c, 0x69, 0x62, 0x67, 0x63, 0x63, 0x2f, 0x2e, 0x2e, 0x2f, 0x67, 0x63, 0x63, 0x2f, 0x63,
	0x6f, 0x6e, 0x66, 0x69, 0x67, 0x2f, 0x69, 0x33, 0x38, 0x36, 0x00, 0x6c, 0x69, 0x62, 0x67, 0x63,
	0x63, 0x32, 0x2e, 0x63, 0x00, 0x69, 0x33, 0x38, 0x36, 0x2e, 0x68, 0x00, 0x67, 0x62, 0x6c, 0x2d,
	0x63, 0x74, 0x6f, 0x72, 0x73, 0x2e, 0x68, 0x00, 0x6c, 0x69, 0x62, 0x67, 0x63, 0x63, 0x32, 0x2e,
	0x63, 0x00, 0x00, 0x00, 0x00, 0x00, 0x00, 0x00, 0x00, 0x00, 0x00, 0x00, 0x00, 0x00, 0x00, 0x00,
	0x00, 0x00, 0x00, 0x00, 0x00, 0x00, 0x00, 0x00, 0x00, 0x00, 0x00, 0x00, 0x00, 0x00, 0x00, 0x00,
	0x00, 0x00, 0x00, 0x00, 0x00, 0x00, 0x00, 0x00, 0x00, 0x00, 0x00, 0x00, 0x00, 0x00, 0x00, 0x00,
	0x00, 0x00, 0x00, 0x00, 0x00, 0x00, 0x00, 0x00, 0x00, 0x00, 0x00, 0x00, 0x00, 0x00, 0x00, 0x00,
	0x00, 0x00, 0x00, 0x00, 0x00, 0x00, 0x00, 0x00, 0x00, 0x00, 0x00, 0x00, 0x00, 0x00, 0x00, 0x00,
	0x00, 0x00, 0x00, 0x00, 0x00, 0x00, 0x00, 0x00, 0x00, 0x00, 0x00, 0x00, 0x00, 0x00, 0x00, 0x00,
	0x00, 0x00, 0x00, 0x00, 0x00, 0x00, 0x00, 0x00, 0x00, 0x00, 0x00, 0x00, 0x00, 0x00, 0x00, 0x00,
	0x00, 0x00, 0x00, 0x00, 0x00, 0x00, 0x00, 0x00, 0x00, 0x00, 0x00, 0x00, 0x00, 0x00, 0x00, 0x00,
	0x00, 0x00, 0x00, 0x00, 0x00, 0x00, 0x00, 0x00, 0x00, 0x00, 0x00, 0x00, 0x00, 0x00, 0x00, 0x00,
	0x00, 0x00, 0x00, 0x00, 0x00, 0x00, 0x00, 0x00, 0x00, 0x00, 0x00, 0x00, 0x00, 0x00, 0x00, 0x00,
	0x00, 0x00, 0x00, 0x00, 0x00, 0x00, 0x00, 0x00, 0x00, 0x00, 0x00, 0x00, 0x00, 0x00, 0x00, 0x00,
	0x00, 0x00, 0x00, 0x00, 0x00, 0x00, 0x00, 0x00, 0x00, 0x00, 0x00, 0x00, 0x00, 0x00, 0x00, 0x00,
	0x00, 0x00, 0x00, 0x00, 0x00, 0x00, 0x00, 0x00, 0x00, 0x00, 0x00, 0x00, 0x00, 0x00, 0x00, 0x00,
	0x00, 0x00, 0x00, 0x00, 0x00, 0x00, 0x00, 0x00, 0x00, 0x00, 0x00, 0x00, 0x00, 0x00, 0x00, 0x00,
	0x00, 0x00, 0x00, 0x00, 0x00, 0x00, 0x00, 0x00, 0x00, 0x00, 0x00, 0x00, 0x00, 0x00, 0x00, 0x00,
	0x00, 0x00, 0x00, 0x00, 0x00, 0x00, 0x00, 0x00, 0x00, 0x00, 0x00, 0x00, 0x00, 0x00, 0x00, 0x00,
	0x00, 0x00, 0x00, 0x00, 0x00, 0x00, 0x00, 0x00, 0x00, 0x00, 0x00, 0x00, 0x00, 0x00, 0x00, 0x00,
	0x2e, 0x66, 0x69, 0x6c, 0x65, 0x00, 0x00, 0x00, 0x28, 0x00, 0x00, 0x00, 0xfe, 0xff, 0x00, 0x00,
	0x67, 0x01, 0x63, 0x72, 0x74, 0x64, 0x6c, 0x6c, 0x2e, 0x63, 0x00, 0x00, 0x00, 0x00, 0x00, 0x00,
	0x00, 0x00, 0x00, 0x00, 0x00, 0x00, 0x00, 0x00, 0x61, 0x00, 0x00, 0x00, 0x00, 0x00, 0x00, 0x00,
	0x01, 0x00, 0x20, 0x00, 0x02, 0x01, 0x00, 0x00, 0x00, 0x00, 0x00, 0x00, 0x00, 0x00, 0x00, 0x00,
	0x00, 0x00, 0x14, 0x00, 0x00, 0x00, 0x00, 0x00, 0x00, 0x00, 0x00, 0x00, 0x6b, 0x00, 0x00, 0x00,
	0x18, 0x00, 0x00, 0x00, 0x06, 0x00, 0x00, 0x00, 0x03, 0x00, 0x00, 0x00, 0x00, 0x00, 0x7b, 0x00,
	0x00, 0x00, 0x40, 0x04, 0x00, 0x00, 0x03, 0x00, 0x00, 0x00, 0x03, 0x01, 0x08, 0x00, 0x00, 0x00,
	0x01, 0x00, 0x00, 0x00, 0x00, 0x00, 0x00, 0x00, 0x00, 0x00, 0x02, 0x00, 0x00, 0x00, 0x00, 0x00,
	0x00, 0x00, 0xa0, 0x00, 0x00, 0x00, 0x50, 0x04, 0x00, 0x00, 0x03, 0x00, 0x00, 0x00, 0x03, 0x01,
	0x08, 0x00, 0x00, 0x00, 0x01, 0x00, 0x00, 0x00, 0x00, 0x00, 0x00, 0x00, 0x00, 0x00, 0x02, 0x00,
	0x00, 0x00, 0x00, 0x00, 0x00, 0x00, 0xc6, 0x00, 0x00, 0x00, 0x00, 0x00, 0x00, 0x00, 0x06, 0x00,
	0x00, 0x00, 0x03, 0x00, 0x00, 0x00, 0x00, 0x00, 0xd3, 0x00, 0x00, 0x00, 0x90, 0x04, 0x00, 0x00,
	0x03, 0x00, 0x00, 0x00, 0x03, 0x01, 0x08, 0x00, 0x00, 0x00, 0x01, 0x00, 0x00, 0x00, 0x00, 0x00,
	0x00, 0x00, 0x00, 0x00, 0x02, 0x00, 0x00, 0x00, 0x00, 0x00, 0x00, 0x00, 0xe9, 0x00, 0x00, 0x00,
	0x80, 0x04, 0x00, 0x00, 0x03, 0x00, 0x00, 0x00, 0x03, 0x01, 0x08, 0x00, 0x00, 0x00, 0x01, 0x00,
	0x00, 0x00, 0x00, 0x00, 0x00, 0x00, 0x00, 0x00, 0x02, 0x00, 0x00, 0x00, 0x00, 0x00, 0x00, 0x00,
	0xff, 0x00, 0x00, 0x00, 0x70, 0x04, 0x00, 0x00, 0x03, 0x00, 0x00, 0x00, 0x03, 0x01, 0x08, 0x00,
	0x00, 0x00, 0x01, 0x00, 0x00, 0x00, 0x00, 0x00, 0x00, 0x00, 0x00, 0x00, 0x02, 0x00, 0x00, 0x00,
	0x00, 0x00, 0x00, 0x00, 0x15, 0x01, 0x00, 0x00, 0x60, 0x04, 0x00, 0x00, 0x03, 0x00, 0x00, 0x00,
	0x03, 0x01, 0x08, 0x00, 0x00, 0x00, 0x01, 0x00, 0x00, 0x00, 0x00, 0x00, 0x00, 0x00, 0x00, 0x00,
	0x02, 0x00, 0x00, 0x00, 0x00, 0x00, 0x00, 0x00, 0x2b, 0x01, 0x00, 0x00, 0x10, 0x04, 0x00, 0x00,
	0x03, 0x00, 0x00, 0x00, 0x03, 0x01, 0x08, 0x00, 0x00, 0x00, 0x01, 0x00, 0x00, 0x00, 0x00, 0x00,
	0x00, 0x00, 0x00, 0x00, 0x02, 0x00, 0x00, 0x00, 0x00, 0x00, 0x00, 0x00, 0x52, 0x01, 0x00, 0x00,
	0x10, 0x02, 0x00, 0x00, 0x01, 0x00, 0x20, 0x00, 0x02, 0x01, 0x00, 0x00, 0x00, 0x00, 0x00, 0x00,
	0x00, 0x00, 0x00, 0x00, 0x00, 0x00, 0x1a, 0x00, 0x00, 0x00, 0x00, 0x00, 0x00, 0x00, 0x00, 0x00,
	0x64, 0x01, 0x00, 0x00, 0x30, 0x04, 0x00, 0x00, 0x03, 0x00, 0x00, 0x00, 0x03, 0x01, 0x08, 0x00,
	0x00, 0x00, 0x01, 0x00, 0x00, 0x00, 0x00, 0x00, 0x00, 0x00, 0x00, 0x00, 0x02, 0x00, 0x00, 0x00,
	0x00, 0x00, 0x00, 0x00, 0x8b, 0x01, 0x00, 0x00, 0x20, 0x04, 0x00, 0x00, 0x03, 0x00, 0x00, 0x00,
	0x03, 0x01, 0x08, 0x00, 0x00, 0x00, 0x01, 0x00, 0x00, 0x00, 0x00, 0x00, 0x00, 0x00, 0x00, 0x00,
	0x02, 0x00, 0x00, 0x00, 0x61, 0x74, 0x65, 0x78, 0x69, 0x74, 0x00, 0x00, 0x00, 0x03, 0x00, 0x00,
	0x01, 0x00, 0x20, 0x00, 0x02, 0x01, 0x00, 0x00, 0x00, 0x00, 0x00, 0x00, 0x00, 0x00, 0x00, 0x00,
	0x00, 0x00, 0x00, 0x00, 0x00, 0x00, 0x00, 0x00, 0x2e, 0x74, 0x65, 0x78, 0x74, 0x00, 0x00, 0x00,
	0x00, 0x00, 0x00, 0x00, 0x01, 0x00, 0x00, 0x00, 0x03, 0x01, 0x0f, 0x03, 0x00, 0x00, 0x24, 0x00,
	0x00, 0x00, 0x00, 0x00, 0x00, 0x00, 0x00, 0x00, 0x00, 0x00, 0x00, 0x00, 0x2e, 0x64, 0x61, 0x74,
	0x61, 0x00, 0x00, 0x00, 0x00, 0x00, 0x00, 0x00, 0x02, 0x00, 0x00, 0x00, 0x03, 0x01, 0x01, 0x00,
	0x00, 0x00, 0x00, 0x00, 0x00, 0x00, 0x00, 0x00, 0x00, 0x00, 0x00, 0x00, 0x00, 0x00, 0x00, 0x00,
	0x2e, 0x62, 0x73, 0x73, 0x00, 0x00, 0x00, 0x00, 0x00, 0x00, 0x00, 0x00, 0x06, 0x00, 0x00, 0x00,
	0x03, 0x01, 0x1c, 0x00, 0x00, 0x00, 0x00, 0x00, 0x00, 0x00, 0x00, 0x00, 0x00, 0x00, 0x00, 0x00,
	0x00, 0x00, 0x00, 0x00, 0x2e, 0x78, 0x64, 0x61, 0x74, 0x61, 0x00, 0x00, 0x00, 0x00, 0x00, 0x00,
	0x05, 0x00, 0x00, 0x00, 0x03, 0x01, 0x24, 0x00, 0x00, 0x00, 0x00, 0x00, 0x00, 0x00, 0x00, 0x00,
	0x00, 0x00, 0x00, 0x00, 0x00, 0x00, 0x00, 0x00, 0x2e, 0x70, 0x64, 0x61, 0x74, 0x61, 0x00, 0x00,
	0x00, 0x00, 0x00, 0x00, 0x04, 0x00, 0x00, 0x00, 0x03, 0x01, 0x24, 0x00, 0x00, 0x00, 0x09, 0x00,
	0x00, 0x00, 0x00, 0x00, 0x00, 0x00, 0x00, 0x00, 0x00, 0x00, 0x00, 0x00, 0x00, 0x00, 0x00, 0x00,
	0xab, 0x01, 0x00, 0x00, 0xa0, 0x04, 0x00, 0x00, 0x03, 0x00, 0x00, 0x00, 0x03, 0x01, 0x12, 0x00,
	0x00, 0x00, 0x00, 0x00, 0x00, 0x00, 0x00, 0x00, 0x00, 0x00, 0x00, 0x00, 0x00, 0x00, 0x00, 0x00,
	0x2e, 0x66, 0x69, 0x6c, 0x65, 0x00, 0x00, 0x00, 0x3a, 0x00, 0x00, 0x00, 0xfe, 0xff, 0x00, 0x00,
	0x67, 0x01, 0x63, 0x79, 0x67, 0x6d, 0x69, 0x6e, 0x67, 0x2d, 0x63, 0x72, 0x74, 0x62, 0x65, 0x67,
	0x69, 0x6e, 0x2e, 0x63, 0x00, 0x00, 0x00, 0x00, 0xb6, 0x01, 0x00, 0x00, 0x10, 0x03, 0x00, 0x00,
	0x01, 0x00, 0x20, 0x00, 0x02, 0x01, 0x00, 0x00, 0x00, 0x00, 0x00, 0x00, 0x00, 0x00, 0x00, 0x00,
	0x00, 0x00, 0x2c, 0x00, 0x00, 0x00, 0x00, 0x00, 0x00, 0x00, 0x00, 0x00, 0xcb, 0x01, 0x00, 0x00,
	0x20, 0x03, 0x00, 0x00, 0x01, 0x00, 0x20, 0x00, 0x02, 0x01, 0x00, 0x00, 0x00, 0x00, 0x00, 0x00,
	0x00, 0x00, 0x00, 0x00, 0x00, 0x00, 0x00, 0x00, 0x00, 0x00, 0x00, 0x00, 0x2e, 0x74, 0x65, 0x78,
	0x74, 0x00, 0x00, 0x00, 0x10, 0x03, 0x00, 0x00, 0x01, 0x00, 0x00, 0x00, 0x03, 0x01, 0x11, 0x00,
	0x00, 0x00, 0x01, 0x00, 0x00, 0x00, 0x00, 0x00, 0x00, 0x00, 0x00, 0x00, 0x00, 0x00, 0x00, 0x00,
	0x2e, 0x64, 0x61, 0x74, 0x61, 0x00, 0x00, 0x00, 0x10, 0x00, 0x00, 0x00, 0x02, 0x00, 0x00, 0x00,
	0x03, 0x01, 0x00, 0x00, 0x00, 0x00, 0x00, 0x00, 0x00, 0x00, 0x00, 0x00, 0x00, 0x00, 0x00, 0x00,
	0x00, 0x00, 0x00, 0x00, 0x2e, 0x62, 0x73, 0x73, 0x00, 0x00, 0x00, 0x00, 0x20, 0x00, 0x00, 0x00,
	0x06, 0x00, 0x00, 0x00, 0x03, 0x01, 0x00, 0x00, 0x00, 0x00, 0x00, 0x00, 0x00, 0x00, 0x00, 0x00,
	0x00, 0x00, 0x00, 0x00, 0x00, 0x00, 0x00, 0x00, 0x2e, 0x78, 0x64, 0x61, 0x74, 0x61, 0x00, 0x00,
	0x24, 0x00, 0x00, 0x00, 0x05, 0x00, 0x00, 0x00, 0x03, 0x01, 0x08, 0x00, 0x00, 0x00, 0x00, 0x00,
	0x00, 0x00, 0x00, 0x00, 0x00, 0x00, 0x00, 0x00, 0x00, 0x00, 0x00, 0x00, 0x2e, 0x70, 0x64, 0x61,
	0x74, 0x61, 0x00, 0x00, 0x24, 0x00, 0x00, 0x00, 0x04, 0x00, 0x00, 0x00, 0x03, 0x01, 0x18, 0x00,
	0x00, 0x00, 0x06, 0x00, 0x00, 0x00, 0x00, 0x00, 0x00, 0x00, 0x00, 0x00, 0x00, 0x00, 0x00, 0x00,
	0x00, 0x00, 0x00, 0x00, 0xab, 0x01, 0x00, 0x00, 0xc0, 0x04, 0x00, 0x00, 0x03, 0x00, 0x00, 0x00,
	0x03, 0x01, 0x12, 0x00, 0x00, 0x00, 0x00, 0x00, 0x00, 0x00, 0x00, 0x00, 0x00, 0x00, 0x00, 0x00,
	0x00, 0x00, 0x00, 0x00, 0x2e, 0x66, 0x69, 0x6c, 0x65, 0x00, 0x00, 0x00, 0x5b, 0x00, 0x00, 0x00,
	0xfe, 0xff, 0x00, 0x00, 0x67, 0x01, 0x64, 0x61, 0x72, 0x74, 0x73, 0x5f, 0x75, 0x63, 0x64, 0x2e,
	0x63, 0x00, 0x00, 0x00, 0x00, 0x00, 0x00, 0x00, 0x4d, 0x61, 0x72, 0x6b, 0x65, 0x72, 0x00, 0x00,
	0x30, 0x03, 0x00, 0x00, 0x01, 0x00, 0x20, 0x00, 0x03, 0x01, 0x00, 0x00, 0x00, 0x00, 0x00, 0x00,
	0x00, 0x00, 0x00, 0x00, 0x00, 0x00, 0x3f, 0x00, 0x00, 0x00, 0x00, 0x00, 0x74, 0x65, 0x6d, 0x70,
	0x64, 0x69, 0x72, 0x00, 0x20, 0x00, 0x00, 0x00, 0x06, 0x00, 0x00, 0x00, 0x03, 0x00, 0x52, 0x75,
	0x6e, 0x53, 0x79, 0x6e, 0x63, 0x00, 0xa0, 0x04, 0x00, 0x00, 0x01, 0x00, 0x20, 0x00, 0x03, 0x01,
	0x00, 0x00, 0x00, 0x00, 0x00, 0x00, 0x00, 0x00, 0x00, 0x00, 0x00, 0x00, 0x41, 0x00, 0x00, 0x00,
	0x00, 0x00, 0x44, 0x6f, 0x57, 0x6f, 0x72, 0x6b, 0x00, 0x00, 0xc0, 0x05, 0x00, 0x00, 0x01, 0x00,
	0x20, 0x00, 0x03, 0x01, 0x00, 0x00, 0x00, 0x00, 0x00, 0x00, 0x00, 0x00, 0x00, 0x00, 0x00, 0x00,
	0x43, 0x00, 0x00, 0x00, 0x00, 0x00, 0x44, 0x6c, 0x6c, 0x4d, 0x61, 0x69, 0x6e, 0x00, 0xc0, 0x0c,
	0x00, 0x00, 0x01, 0x00, 0x20, 0x00, 0x02, 0x01, 0x00, 0x00, 0x00, 0x00, 0x00, 0x00, 0x00, 0x00,
	0x00, 0x00, 0x00, 0x00, 0x45, 0x00, 0x00, 0x00, 0x00, 0x00, 0x00, 0x00, 0x00, 0x00, 0xe2, 0x01,
	0x00, 0x00, 0x30, 0x0d, 0x00, 0x00, 0x01, 0x00, 0x20, 0x00, 0x02, 0x01, 0x00, 0x00, 0x00, 0x00,
	0x00, 0x00, 0x00, 0x00, 0x00, 0x00, 0x00, 0x00, 0x47, 0x00, 0x00, 0x00, 0x00, 0x00, 0x00, 0x00,
	0x00, 0x00, 0xf4, 0x01, 0x00, 0x00, 0x50, 0x0d, 0x00, 0x00, 0x01, 0x00, 0x20, 0x00, 0x02, 0x01,
	0x00, 0x00, 0x00, 0x00, 0x00, 0x00, 0x00, 0x00, 0x00, 0x00, 0x00, 0x00, 0x49, 0x00, 0x00, 0x00,
	0x00, 0x00, 0x00, 0x00, 0x00, 0x00, 0x04, 0x02, 0x00, 0x00, 0x60, 0x0d, 0x00, 0x00, 0x01, 0x00,
	0x20, 0x00, 0x02, 0x01, 0x00, 0x00, 0x00, 0x00, 0x00, 0x00, 0x00, 0x00, 0x00, 0x00, 0x00, 0x00,
	0x4b, 0x00, 0x00, 0x00, 0x00, 0x00, 0x00, 0x00, 0x00, 0x00, 0x16, 0x02, 0x00, 0x00, 0x70, 0x0d,
	0x00, 0x00, 0x01, 0x00, 0x20, 0x00, 0x02, 0x01, 0x00, 0x00, 0x00, 0x00, 0x00, 0x00, 0x00, 0x00,
	0x00, 0x00, 0x00, 0x00, 0x00, 0x00, 0x00, 0x00, 0x00, 0x00, 0x2e, 0x74, 0x65, 0x78, 0x74, 0x00,
	0x00, 0x00, 0x30, 0x03, 0x00, 0x00, 0x01, 0x00, 0x00, 0x00, 0x03, 0x01, 0x43, 0x0a, 0x00, 0x00,
	0x4e, 0x00, 0x00, 0x00, 0x00, 0x00, 0x00, 0x00, 0x00, 0x00, 0x00, 0x00, 0x00, 0x00, 0x2e, 0x64,
	0x61, 0x74, 0x61, 0x00, 0x00, 0x00, 0x10, 0x00, 0x00, 0x00, 0x02, 0x00, 0x00, 0x00, 0x03, 0x01,
	0x00, 0x00, 0x00, 0x00, 0x00, 0x00, 0x00, 0x00, 0x00, 0x00, 0x00, 0x00, 0x00, 0x00, 0x00, 0x00,
	0x00, 0x00, 0x2e, 0x62, 0x73, 0x73, 0x00, 0x00, 0x00, 0x00, 0x20, 0x00, 0x00, 0x00, 0x06, 0x00,
	0x00, 0x00, 0x03, 0x01, 0x08, 0x02, 0x00, 0x00, 0x00, 0x00, 0x00, 0x00, 0x00, 0x00, 0x00, 0x00,
	0x00, 0x00, 0x00, 0x00, 0x00, 0x00, 0x2e, 0x72, 0x64, 0x61, 0x74, 0x61, 0x00, 0x00, 0x00, 0x00,
	0x00, 0x00, 0x03, 0x00, 0x00, 0x00, 0x03, 0x01, 0xfc, 0x01, 0x00, 0x00, 0x00, 0x00, 0x00, 0x00,
	0x00, 0x00, 0x00, 0x00, 0x00, 0x00, 0x00, 0x00, 0x00, 0x00, 0x2e, 0x78, 0x64, 0x61, 0x74, 0x61,
	0x00, 0x00, 0x2c, 0x00, 0x00, 0x00, 0x05, 0x00, 0x00, 0x00, 0x03, 0x01, 0x50, 0x00, 0x00, 0x00,
	0x00, 0x00, 0x00, 0x00, 0x00, 0x00, 0x00, 0x00, 0x00, 0x00, 0x00, 0x00, 0x00, 0x00, 0x2e, 0x70,
	0x64, 0x61, 0x74, 0x61, 0x00, 0x00, 0x3c, 0x00, 0x00, 0x00, 0x04, 0x00, 0x00, 0x00, 0x03, 0x01,
	0x60, 0x00, 0x00, 0x00, 0x18, 0x00, 0x00, 0x00, 0x00, 0x00, 0x00, 0x00, 0x00, 0x00, 0x00, 0x00,
	0x00, 0x00, 0x00, 0x00, 0x00, 0x00, 0xab, 0x01, 0x00, 0x00, 0xe0, 0x04, 0x00, 0x00, 0x03, 0x00,
	0x00, 0x00, 0x03, 0x01, 0x12, 0x00, 0x00, 0x00, 0x00, 0x00, 0x00, 0x00, 0x00, 0x00, 0x00, 0x00,
	0x00, 0x00, 0x00, 0x00, 0x00, 0x00, 0x2e, 0x66, 0x69, 0x6c, 0x65, 0x00, 0x00, 0x00, 0x73, 0x00,
	0x00, 0x00, 0xfe, 0xff, 0x00, 0x00, 0x67, 0x01, 0x67, 0x63, 0x63, 0x6d, 0x61, 0x69, 0x6e, 0x2e,
	0x63, 0x00, 0x00, 0x00, 0x00, 0x00, 0x00, 0x00, 0x00, 0x00, 0x00, 0x00, 0x00, 0x00, 0x2a, 0x02,
	0x00, 0x00, 0x80, 0x0d, 0x00, 0x00, 0x01, 0x00, 0x20, 0x00, 0x02, 0x01, 0x00, 0x00, 0x00, 0x00,
	0x00, 0x00, 0x00, 0x00, 0x00, 0x00, 0x00, 0x00, 0x60, 0x00, 0x00, 0x00, 0x00, 0x00, 0x70, 0x2e,
	0x30, 0x00, 0x00, 0x00, 0x00, 0x00, 0x10, 0x00, 0x00, 0x00, 0x02, 0x00, 0x00, 0x00, 0x03, 0x00,
	0x00, 0x00, 0x00, 0x00, 0x3c, 0x02, 0x00, 0x00, 0xd0, 0x0d, 0x00, 0x00, 0x01, 0x00, 0x20, 0x00,
	0x02, 0x01, 0x00, 0x00, 0x00, 0x00, 0x00, 0x00, 0x00, 0x00, 0x00, 0x00, 0x00, 0x00, 0x64, 0x00,
	0x00, 0x00, 0x00, 0x00, 0x00, 0x00, 0x00, 0x00, 0x4e, 0x02, 0x00, 0x00, 0xd0, 0x03, 0x00, 0x00,
	0x03, 0x00, 0x00, 0x00, 0x03, 0x01, 0x08, 0x00, 0x00, 0x00, 0x01, 0x00, 0x00, 0x00, 0x00, 0x00,
	0x00, 0x00, 0x00, 0x00, 0x02, 0x00, 0x00, 0x00, 0x5f, 0x5f, 0x6d, 0x61, 0x69, 0x6e, 0x00, 0x00,
	0x50, 0x0e, 0x00, 0x00, 0x01, 0x00, 0x20, 0x00, 0x02, 0x01, 0x00, 0x00, 0x00, 0x00, 0x00, 0x00,
	0x00, 0x00, 0x00, 0x00, 0x00, 0x00, 0x00, 0x00, 0x00, 0x00, 0x00, 0x00, 0x00, 0x00, 0x00, 0x00,
	0x6b, 0x02, 0x00, 0x00, 0x40, 0x02, 0x00, 0x00, 0x06, 0x00, 0x00, 0x00, 0x03, 0x00, 0x2e, 0x74,
	0x65, 0x78, 0x74, 0x00, 0x00, 0x00, 0x80, 0x0d, 0x00, 0x00, 0x01, 0x00, 0x00, 0x00, 0x03, 0x01,
	0xef, 0x00, 0x00, 0x00, 0x07, 0x00, 0x00, 0x00, 0x00, 0x00, 0x00, 0x00, 0x00, 0x00, 0x00, 0x00,
	0x00, 0x00, 0x2e, 0x64, 0x61, 0x74, 0x61, 0x00, 0x00, 0x00, 0x10, 0x00, 0x00, 0x00, 0x02, 0x00,
	0x00, 0x00, 0x03, 0x01, 0x08, 0x00, 0x00, 0x00, 0x01, 0x00, 0x00, 0x00, 0x00, 0x00, 0x00, 0x00,
	0x00, 0x00, 0x00, 0x00, 0x00, 0x00, 0x2e, 0x62, 0x73, 0x73, 0x00, 0x00, 0x00, 0x00, 0x40, 0x02,
	0x00, 0x00, 0x06, 0x00, 0x00, 0x00, 0x03, 0x01, 0x04, 0x00, 0x00, 0x00, 0x00, 0x00, 0x00, 0x00,
	0x00, 0x00, 0x00, 0x00, 0x00, 0x00, 0x00, 0x00, 0x00, 0x00, 0x2e, 0x78, 0x64, 0x61, 0x74, 0x61,
	0x00, 0x00, 0x7c, 0x00, 0x00, 0x00, 0x05, 0x00, 0x00, 0x00, 0x03, 0x01, 0x18, 0x00, 0x00, 0x00,
	0x00, 0x00, 0x00, 0x00, 0x00, 0x00, 0x00, 0x00, 0x00, 0x00, 0x00, 0x00, 0x00, 0x00, 0x2e, 0x70,
	0x64, 0x61, 0x74, 0x61, 0x00, 0x00, 0x9c, 0x00, 0x00, 0x00, 0x04, 0x00, 0x00, 0x00, 0x03, 0x01,
	0x24, 0x00, 0x00, 0x00, 0x09, 0x00, 0x00, 0x00, 0x00, 0x00, 0x00, 0x00, 0x00, 0x00, 0x00, 0x00,
	0x00, 0x00, 0x00, 0x00, 0x00, 0x00, 0xab, 0x01, 0x00, 0x00, 0x00, 0x05, 0x00, 0x00, 0x03, 0x00,
	0x00, 0x00, 0x03, 0x01, 0x12, 0x00, 0x00, 0x00, 0x00, 0x00, 0x00, 0x00, 0x00, 0x00, 0x00, 0x00,
	0x00, 0x00, 0x00, 0x00, 0x00, 0x00, 0x2e, 0x66, 0x69, 0x6c, 0x65, 0x00, 0x00, 0x00, 0x7d, 0x00,
	0x00, 0x00, 0xfe, 0xff, 0x00, 0x00, 0x67, 0x01, 0x6e, 0x61, 0x74, 0x73, 0x74, 0x61, 0x72, 0x74,
	0x2e, 0x63, 0x00, 0x00, 0x00, 0x00, 0x00, 0x00, 0x00, 0x00, 0x2e, 0x74, 0x65, 0x78, 0x74, 0x00,
	0x00, 0x00, 0x70, 0x0e, 0x00, 0x00, 0x01, 0x00, 0x00, 0x00, 0x03, 0x01, 0x00, 0x00, 0x00, 0x00,
	0x00, 0x00, 0x00, 0x00, 0x00, 0x00, 0x00, 0x00, 0x00, 0x00, 0x00, 0x00, 0x00, 0x00, 0x2e, 0x64,
	0x61, 0x74, 0x61, 0x00, 0x00, 0x00, 0x20, 0x00, 0x00, 0x00, 0x02, 0x00, 0x00, 0x00, 0x03, 0x01,
	0x08, 0x00, 0x00, 0x00, 0x00, 0x00, 0x00, 0x00, 0x00, 0x00, 0x00, 0x00, 0x00, 0x00, 0x00, 0x00,
	0x00, 0x00, 0x2e, 0x62, 0x73, 0x73, 0x00, 0x00, 0x00, 0x00, 0x50, 0x02, 0x00, 0x00, 0x06, 0x00,
	0x00, 0x00, 0x03, 0x01, 0x0c, 0x00, 0x00, 0x00, 0x00, 0x00, 0x00, 0x00, 0x00, 0x00, 0x00, 0x00,
	0x00, 0x00, 0x00, 0x00, 0x00, 0x00, 0x00, 0x00, 0x00, 0x00, 0xab, 0x01, 0x00, 0x00, 0x20, 0x05,
	0x00, 0x00, 0x03, 0x00, 0x00, 0x00, 0x03, 0x01, 0x12, 0x00, 0x00, 0x00, 0x00, 0x00, 0x00, 0x00,
	0x00, 0x00, 0x00, 0x00, 0x00, 0x00, 0x00, 0x00, 0x00, 0x00, 0x2e, 0x66, 0x69, 0x6c, 0x65, 0x00,
	0x00, 0x00, 0xa7, 0x00, 0x00, 0x00, 0xfe, 0xff, 0x00, 0x00, 0x67, 0x01, 0x74, 0x6c, 0x73, 0x73,
	0x75, 0x70, 0x2e, 0x63, 0x00, 0x00, 0x00, 0x00, 0x00, 0x00, 0x00, 0x00, 0x00, 0x00, 0x00, 0x00,
	0x00, 0x00, 0x77, 0x02, 0x00, 0x00, 0x70, 0x0e, 0x00, 0x00, 0x01, 0x00, 0x20, 0x00, 0x02, 0x01,
	0x00, 0x00, 0x00, 0x00, 0x00, 0x00, 0x00, 0x00, 0x00, 0x00, 0x00, 0x00, 0x81, 0x00, 0x00, 0x00,
	0x00, 0x00, 0x00, 0x00, 0x00, 0x00, 0x86, 0x02, 0x00, 0x00, 0x90, 0x0e, 0x00, 0x00, 0x01, 0x00,
	0x20, 0x00, 0x02, 0x01, 0x00, 0x00, 0x00, 0x00, 0x00, 0x00, 0x00, 0x00, 0x00, 0x00, 0x00, 0x00,
	0x87, 0x00, 0x00, 0x00, 0x00, 0x00, 0x00, 0x00, 0x00, 0x00, 0x95, 0x02, 0x00, 0x00, 0xc0, 0x03,
	0x00, 0x00, 0x03, 0x00, 0x00, 0x00, 0x03, 0x01, 0x08, 0x00, 0x00, 0x00, 0x01, 0x00, 0x00, 0x00,
	0x00, 0x00, 0x00, 0x00, 0x00, 0x00, 0x02, 0x00, 0x00, 0x00, 0x5f, 0x5f, 0x78, 0x64, 0x5f, 0x61,
	0x00, 0x00, 0x68, 0x07, 0x00, 0x00, 0x03, 0x00, 0x00, 0x00, 0x03, 0x00, 0x5f, 0x5f, 0x78, 0x64,
	0x5f, 0x7a, 0x00, 0x00, 0x70, 0x07, 0x00, 0x00, 0x03, 0x00, 0x00, 0x00, 0x03, 0x00, 0x00, 0x00,
	0x00, 0x00, 0xac, 0x02, 0x00, 0x00, 0x10, 0x0f, 0x00, 0x00, 0x01, 0x00, 0x20, 0x00, 0x02, 0x01,
	0x00, 0x00, 0x00, 0x00, 0x00, 0x00, 0x00, 0x00, 0x00, 0x00, 0x00, 0x00, 0x00, 0x00, 0x00, 0x00,
	0x00, 0x00, 0x2e, 0x74, 0x65, 0x78, 0x74, 0x00, 0x00, 0x00, 0x70, 0x0e, 0x00, 0x00, 0x01, 0x00,
	0x00, 0x00, 0x03, 0x01, 0xa3, 0x00, 0x00, 0x00, 0x05, 0x00, 0x00, 0x00, 0x00, 0x00, 0x00, 0x00,
	0x00, 0x00, 0x00, 0x00, 0x00, 0x00, 0x2e, 0x64, 0x61, 0x74, 0x61, 0x00, 0x00, 0x00, 0x30, 0x00,
	0x00, 0x00, 0x02, 0x00, 0x00, 0x00, 0x03, 0x01, 0x00, 0x00, 0x00, 0x00, 0x00, 0x00, 0x00, 0x00,
	0x00, 0x00, 0x00, 0x00, 0x00, 0x00, 0x00, 0x00, 0x00, 0x00, 0x2e, 0x62, 0x73, 0x73, 0x00, 0x00,
	0x00, 0x00, 0x60, 0x02, 0x00, 0x00, 0x06, 0x00, 0x00, 0x00, 0x03, 0x01, 0x10, 0x00, 0x00, 0x00,
	0x00, 0x00, 0x00, 0x00, 0x00, 0x00, 0x00, 0x00, 0x00, 0x00, 0x00, 0x00, 0x00, 0x00, 0x2e, 0x78,
	0x64, 0x61, 0x74, 0x61, 0x00, 0x00, 0x94, 0x00, 0x00, 0x00, 0x05, 0x00, 0x00, 0x00, 0x03, 0x01,
	0x14, 0x00, 0x00, 0x00, 0x00, 0x00, 0x00, 0x00, 0x00, 0x00, 0x00, 0x00, 0x00, 0x00, 0x00, 0x00,
	0x00, 0x00, 0x2e, 0x70, 0x64, 0x61, 0x74, 0x61, 0x00, 0x00, 0xc0, 0x00, 0x00, 0x00, 0x04, 0x00,
	0x00, 0x00, 0x03, 0x01, 0x24, 0x00, 0x00, 0x00, 0x09, 0x00, 0x00, 0x00, 0x00, 0x00, 0x00, 0x00,
	0x00, 0x00, 0x00, 0x00, 0x00, 0x00, 0x2e, 0x43, 0x52, 0x54, 0x24, 0x58, 0x4c, 0x44, 0x58, 0x07,
	0x00, 0x00, 0x03, 0x00, 0x00, 0x00, 0x03, 0x01, 0x08, 0x00, 0x00, 0x00, 0x01, 0x00, 0x00, 0x00,
	0x00, 0x00, 0x00, 0x00, 0x00, 0x00, 0x00, 0x00, 0x00, 0x00, 0x2e, 0x43, 0x52, 0x54, 0x24, 0x58,
	0x4c, 0x43, 0x50, 0x07, 0x00, 0x00, 0x03, 0x00, 0x00, 0x00, 0x03, 0x01, 0x08, 0x00, 0x00, 0x00,
	0x01, 0x00, 0x00, 0x00, 0x00, 0x00, 0x00, 0x00, 0x00, 0x00, 0x00, 0x00, 0x00, 0x00, 0x2e, 0x72,
	0x64, 0x61, 0x74, 0x61, 0x00, 0x00, 0x00, 0x02, 0x00, 0x00, 0x03, 0x00, 0x00, 0x00, 0x03, 0x01,
	0x48, 0x00, 0x00, 0x00, 0x05, 0x00, 0x00, 0x00, 0x00, 0x00, 0x00, 0x00, 0x00, 0x00, 0x00, 0x00,
	0x00, 0x00, 0x2e, 0x43, 0x52, 0x54, 0x24, 0x58, 0x44, 0x5a, 0x70, 0x07, 0x00, 0x00, 0x03, 0x00,
	0x00, 0x00, 0x03, 0x01, 0x08, 0x00, 0x00, 0x00, 0x00, 0x00, 0x00, 0x00, 0x00, 0x00, 0x00, 0x00,
	0x00, 0x00, 0x00, 0x00, 0x00, 0x00, 0x2e, 0x43, 0x52, 0x54, 0x24, 0x58, 0x44, 0x41, 0x68, 0x07,
	0x00, 0x00, 0x03, 0x00, 0x00, 0x00, 0x03, 0x01, 0x08, 0x00, 0x00, 0x00, 0x00, 0x00, 0x00, 0x00,
	0x00, 0x00, 0x00, 0x00, 0x00, 0x00, 0x00, 0x00, 0x00, 0x00, 0x2e, 0x43, 0x52, 0x54, 0x24, 0x58,
	0x4c, 0x5a, 0x60, 0x07, 0x00, 0x00, 0x03, 0x00, 0x00, 0x00, 0x03, 0x01, 0x08, 0x00, 0x00, 0x00,
	0x00, 0x00, 0x00, 0x00, 0x00, 0x00, 0x00, 0x00, 0x00, 0x00, 0x00, 0x00, 0x00, 0x00, 0x2e, 0x43,
	0x52, 0x54, 0x24, 0x58, 0x4c, 0x41, 0x48, 0x07, 0x00, 0x00, 0x03, 0x00, 0x00, 0x00, 0x03, 0x01,
	0x08, 0x00, 0x00, 0x00, 0x00, 0x00, 0x00, 0x00, 0x00, 0x00, 0x00, 0x00, 0x00, 0x00, 0x00, 0x00,
	0x00, 0x00, 0x2e, 0x74, 0x6c, 0x73, 0x24, 0x5a, 0x5a, 0x5a, 0x08, 0x00, 0x00, 0x00, 0x09, 0x00,
	0x00, 0x00, 0x03, 0x01, 0x08, 0x00, 0x00, 0x00, 0x00, 0x00, 0x00, 0x00, 0x00, 0x00, 0x00, 0x00,
	0x00, 0x00, 0x00, 0x00, 0x00, 0x00, 0x2e, 0x74, 0x6c, 0x73, 0x00, 0x00, 0x00, 0x00, 0x00, 0x00,
	0x00, 0x00, 0x09, 0x00, 0x00, 0x00, 0x03, 0x01, 0x08, 0x00, 0x00, 0x00, 0x00, 0x00, 0x00, 0x00,
	0x00, 0x00, 0x00, 0x00, 0x00, 0x00, 0x00, 0x00, 0x00, 0x00, 0x00, 0x00, 0x00, 0x00, 0xab, 0x01,
	0x00, 0x00, 0x40, 0x05, 0x00, 0x00, 0x03, 0x00, 0x00, 0x00, 0x03, 0x01, 0x12, 0x00, 0x00, 0x00,
	0x00, 0x00, 0x00, 0x00, 0x00, 0x00, 0x00, 0x00, 0x00, 0x00, 0x00, 0x00, 0x00, 0x00, 0x2e, 0x66,
	0x69, 0x6c, 0x65, 0x00, 0x00, 0x00, 0xb9, 0x00, 0x00, 0x00, 0xfe, 0xff, 0x00, 0x00, 0x67, 0x01,
	0x63, 0x69, 0x6e, 0x69, 0x74, 0x65, 0x78, 0x65, 0x2e, 0x63, 0x00, 0x00, 0x00, 0x00, 0x00, 0x00,
	0x00, 0x00, 0x2e, 0x74, 0x65, 0x78, 0x74, 0x00, 0x00, 0x00, 0x20, 0x0f, 0x00, 0x00, 0x01, 0x00,
	0x00, 0x00, 0x03, 0x01, 0x00, 0x00, 0x00, 0x00, 0x00, 0x00, 0x00, 0x00, 0x00, 0x00, 0x00, 0x00,
	0x00, 0x00, 0x00, 0x00, 0x00, 0x00, 0x2e, 0x64, 0x61, 0x74, 0x61, 0x00, 0x00, 0x00, 0x30, 0x00,
	0x00, 0x00, 0x02, 0x00, 0x00, 0x00, 0x03, 0x01, 0x00, 0x00, 0x00, 0x00, 0x00, 0x00, 0x00, 0x00,
	0x00, 0x00, 0x00, 0x00, 0x00, 0x00, 0x00, 0x00, 0x00, 0x00, 0x2e, 0x62, 0x73, 0x73, 0x00, 0x00,
	0x00, 0x00, 0x70, 0x02, 0x00, 0x00, 0x06, 0x00, 0x00, 0x00, 0x03, 0x01, 0x00, 0x00, 0x00, 0x00,
	0x00, 0x00, 0x00, 0x00, 0x00, 0x00, 0x00, 0x00, 0x00, 0x00, 0x00, 0x00, 0x00, 0x00, 0x2e, 0x43,
	0x52, 0x54, 0x24, 0x58, 0x43, 0x5a, 0x30, 0x07, 0x00, 0x00, 0x03, 0x00, 0x00, 0x00, 0x03, 0x01,
	0x08, 0x00, 0x00, 0x00, 0x00, 0x00, 0x00, 0x00, 0x00, 0x00, 0x00, 0x00, 0x00, 0x00, 0x00, 0x00,
	0x00, 0x00, 0x2e, 0x43, 0x52, 0x54, 0x24, 0x58, 0x43, 0x41, 0x28, 0x07, 0x00, 0x00, 0x03, 0x00,
	0x00, 0x00, 0x03, 0x01, 0x08, 0x00, 0x00, 0x00, 0x00, 0x00, 0x00, 0x00, 0x00, 0x00, 0x00, 0x00,
	0x00, 0x00, 0x00, 0x00, 0x00, 0x00, 0x2e, 0x43, 0x52, 0x54, 0x24, 0x58, 0x49, 0x5a, 0x40, 0x07,
	0x00, 0x00, 0x03, 0x00, 0x00, 0x00, 0x03, 0x01, 0x08, 0x00, 0x00, 0x00, 0x00, 0x00, 0x00, 0x00,
	0x00, 0x00, 0x00, 0x00, 0x00, 0x00, 0x00, 0x00, 0x00, 0x00, 0x2e, 0x43, 0x52, 0x54, 0x24, 0x58,
	0x49, 0x41, 0x38, 0x07, 0x00, 0x00, 0x03, 0x00, 0x00, 0x00, 0x03, 0x01, 0x08, 0x00, 0x00, 0x00,
	0x00, 0x00, 0x00, 0x00, 0x00, 0x00, 0x00, 0x00, 0x00, 0x00, 0x00, 0x00, 0x00, 0x00, 0x00, 0x00,
	0x00, 0x00, 0xab, 0x01, 0x00, 0x00, 0x60, 0x05, 0x00, 0x00, 0x03, 0x00, 0x00, 0x00, 0x03, 0x01,
	0x12, 0x00, 0x00, 0x00, 0x00, 0x00, 0x00, 0x00, 0x00, 0x00, 0x00, 0x00, 0x00, 0x00, 0x00, 0x00,
	0x00, 0x00, 0x2e, 0x66, 0x69, 0x6c, 0x65, 0x00, 0x00, 0x00, 0xc3, 0x00, 0x00, 0x00, 0xfe, 0xff,
	0x00, 0x00, 0x67, 0x01, 0x6d, 0x69, 0x6e, 0x67, 0x77, 0x5f, 0x68, 0x65, 0x6c, 0x70, 0x65, 0x72,
	0x73, 0x2e, 0x63, 0x00, 0x00, 0x00, 0x2e, 0x74, 0x65, 0x78, 0x74, 0x00, 0x00, 0x00, 0x20, 0x0f,
	0x00, 0x00, 0x01, 0x00, 0x00, 0x00, 0x03, 0x01, 0x00, 0x00, 0x00, 0x00, 0x00, 0x00, 0x00, 0x00,
	0x00, 0x00, 0x00, 0x00, 0x00, 0x00, 0x00, 0x00, 0x00, 0x00, 0x2e, 0x64, 0x61, 0x74, 0x61, 0x00,
	0x00, 0x00, 0x30, 0x00, 0x00, 0x00, 0x02, 0x00, 0x00, 0x00, 0x03, 0x01, 0x00, 0x00, 0x00, 0x00,
	0x00, 0x00, 0x00, 0x00, 0x00, 0x00, 0x00, 0x00, 0x00, 0x00, 0x00, 0x00, 0x00, 0x00, 0x2e, 0x62,
	0x73, 0x73, 0x00, 0x00, 0x00, 0x00, 0x70, 0x02, 0x00, 0x00, 0x06, 0x00, 0x00, 0x00, 0x03, 0x01,
	0x04, 0x00, 0x00, 0x00, 0x00, 0x00, 0x00, 0x00, 0x00, 0x00, 0x00, 0x00, 0x00, 0x00, 0x00, 0x00,
	0x00, 0x00, 0x00, 0x00, 0x00, 0x00, 0xab, 0x01, 0x00, 0x00, 0x80, 0x05, 0x00, 0x00, 0x03, 0x00,
	0x00, 0x00, 0x03, 0x01, 0x12, 0x00, 0x00, 0x00, 0x00, 0x00, 0x00, 0x00, 0x00, 0x00, 0x00, 0x00,
	0x00, 0x00, 0x00, 0x00, 0x00, 0x00, 0x2e, 0x66, 0x69, 0x6c, 0x65, 0x00, 0x00, 0x00, 0xe2, 0x00,
	0x00, 0x00, 0xfe, 0xff, 0x00, 0x00, 0x67, 0x01, 0x70, 0x73, 0x65, 0x75, 0x64, 0x6f, 0x2d, 0x72,
	0x65, 0x6c, 0x6f, 0x63, 0x2e, 0x63, 0x00, 0x00, 0x00, 0x00, 0x00, 0x00, 0x00, 0x00, 0xb8, 0x02,
	0x00, 0x00, 0x20, 0x0f, 0x00, 0x00, 0x01, 0x00, 0x20, 0x00, 0x03, 0x01, 0x00, 0x00, 0x00, 0x00,
	0x00, 0x00, 0x00, 0x00, 0x00, 0x00, 0x00, 0x00, 0xc7, 0x00, 0x00, 0x00, 0x00, 0x00, 0x00, 0x00,
	0x00, 0x00, 0xc7, 0x02, 0x00, 0x00, 0x80, 0x0f, 0x00, 0x00, 0x01, 0x00, 0x20, 0x00, 0x03, 0x01,
	0x00, 0x00, 0x00, 0x00, 0x00, 0x00, 0x00, 0x00, 0x00, 0x00, 0x00, 0x00, 0xcb, 0x00, 0x00, 0x00,
	0x00, 0x00, 0x00, 0x00, 0x00, 0x00, 0xdd, 0x02, 0x00, 0x00, 0x84, 0x02, 0x00, 0x00, 0x06, 0x00,
	0x00, 0x00, 0x03, 0x00, 0x74, 0x68, 0x65, 0x5f, 0x73, 0x65, 0x63, 0x73, 0x88, 0x02, 0x00, 0x00,
	0x06, 0x00, 0x00, 0x00, 0x03, 0x00, 0x00, 0x00, 0x00, 0x00, 0xe9, 0x02, 0x00, 0x00, 0xf0, 0x10,
	0x00, 0x00, 0x01, 0x00, 0x20, 0x00, 0x02, 0x01, 0x00, 0x00, 0x00, 0x00, 0x00, 0x00, 0x00, 0x00,
	0x00, 0x00, 0x00, 0x00, 0x00, 0x00, 0x00, 0x00, 0x00, 0x00, 0x00, 0x00, 0x00, 0x00, 0x03, 0x03,
	0x00, 0x00, 0x80, 0x02, 0x00, 0x00, 0x06, 0x00, 0x00, 0x00, 0x03, 0x00, 0x00, 0x00, 0x00, 0x00,
	0x0e, 0x03, 0x00, 0x00, 0xf0, 0x03, 0x00, 0x00, 0x03, 0x00, 0x00, 0x00, 0x03, 0x01, 0x08, 0x00,
	0x00, 0x00, 0x01, 0x00, 0x00, 0x00, 0x00, 0x00, 0x00, 0x00, 0x00, 0x00, 0x02, 0x00, 0x00, 0x00,
	0x00, 0x00, 0x00, 0x00, 0x3f, 0x03, 0x00, 0x00, 0x00, 0x04, 0x00, 0x00, 0x03, 0x00, 0x00, 0x00,
	0x03, 0x01, 0x08, 0x00, 0x00, 0x00, 0x01, 0x00, 0x00, 0x00, 0x00, 0x00, 0x00, 0x00, 0x00, 0x00,
	0x02, 0x00, 0x00, 0x00, 0x00, 0x00, 0x00, 0x00, 0x6c, 0x03, 0x00, 0x00, 0xe0, 0x03, 0x00, 0x00,
	0x03, 0x00, 0x00, 0x00, 0x03, 0x01, 0x08, 0x00, 0x00, 0x00, 0x01, 0x00, 0x00, 0x00, 0x00, 0x00,
	0x00, 0x00, 0x00, 0x00, 0x02, 0x00, 0x00, 0x00, 0x2e, 0x74, 0x65, 0x78, 0x74, 0x00, 0x00, 0x00,
	0x20, 0x0f, 0x00, 0x00, 0x01, 0x00, 0x00, 0x00, 0x03, 0x01, 0x70, 0x05, 0x00, 0x00, 0x2b, 0x00,
	0x00, 0x00, 0x00, 0x00, 0x00, 0x00, 0x00, 0x00, 0x00, 0x00, 0x00, 0x00, 0x2e, 0x64, 0x61, 0x74,
	0x61, 0x00, 0x00, 0x00, 0x30, 0x00, 0x00, 0x00, 0x02, 0x00, 0x00, 0x00, 0x03, 0x01, 0x00, 0x00,
	0x00, 0x00, 0x00, 0x00, 0x00, 0x00, 0x00, 0x00, 0x00, 0x00, 0x00, 0x00, 0x00, 0x00, 0x00, 0x00,
	0x2e, 0x62, 0x73, 0x73, 0x00, 0x00, 0x00, 0x00, 0x80, 0x02, 0x00, 0x00, 0x06, 0x00, 0x00, 0x00,
	0x03, 0x01, 0x10, 0x00, 0x00, 0x00, 0x00, 0x00, 0x00, 0x00, 0x00, 0x00, 0x00, 0x00, 0x00, 0x00,
	0x00, 0x00, 0x00, 0x00, 0x2e, 0x72, 0x64, 0x61, 0x74, 0x61, 0x00, 0x00, 0x60, 0x02, 0x00, 0x00,
	0x03, 0x00, 0x00, 0x00, 0x03, 0x01, 0x5b, 0x01, 0x00, 0x00, 0x00, 0x00, 0x00, 0x00, 0x00, 0x00,
	0x00, 0x00, 0x00, 0x00, 0x00, 0x00, 0x00, 0x00, 0x2e, 0x78, 0x64, 0x61, 0x74, 0x61, 0x00, 0x00,
	0xa8, 0x00, 0x00, 0x00, 0x05, 0x00, 0x00, 0x00, 0x03, 0x01, 0x30, 0x00, 0x00, 0x00, 0x00, 0x00,
	0x00, 0x00, 0x00, 0x00, 0x00, 0x00, 0x00, 0x00, 0x00, 0x00, 0x00, 0x00, 0x2e, 0x70, 0x64, 0x61,
	0x74, 0x61, 0x00, 0x00, 0xe4, 0x00, 0x00, 0x00, 0x04, 0x00, 0x00, 0x00, 0x03, 0x01, 0x24, 0x00,
	0x00, 0x00, 0x09, 0x00, 0x00, 0x00, 0x00, 0x00, 0x00, 0x00, 0x00, 0x00, 0x00, 0x00, 0x00, 0x00,
	0x00, 0x00, 0x00, 0x00, 0xab, 0x01, 0x00, 0x00, 0xa0, 0x05, 0x00, 0x00, 0x03, 0x00, 0x00, 0x00,
	0x03, 0x01, 0x12, 0x00, 0x00, 0x00, 0x00, 0x00, 0x00, 0x00, 0x00, 0x00, 0x00, 0x00, 0x00, 0x00,
	0x00, 0x00, 0x00, 0x00, 0x2e, 0x66, 0x69, 0x6c, 0x65, 0x00, 0x00, 0x00, 0xfb, 0x00, 0x00, 0x00,
	0xfe, 0xff, 0x00, 0x00, 0x67, 0x01, 0x74, 0x6c, 0x73, 0x74, 0x68, 0x72, 0x64, 0x2e, 0x63, 0x00,
	0x00, 0x00, 0x00, 0x00, 0x00, 0x00, 0x00, 0x00, 0x00, 0x00, 0x00, 0x00, 0x87, 0x03, 0x00, 0x00,
	0xa0, 0x14, 0x00, 0x00, 0x01, 0x00, 0x20, 0x00, 0x03, 0x01, 0x00, 0x00, 0x00, 0x00, 0x00, 0x00,
	0x00, 0x00, 0x00, 0x00, 0x00, 0x00, 0xe8, 0x00, 0x00, 0x00, 0x00, 0x00, 0x00, 0x00, 0x00, 0x00,
	0xa7, 0x03, 0x00, 0x00, 0xc0, 0x02, 0x00, 0x00, 0x06, 0x00, 0x00, 0x00, 0x03, 0x00, 0x00, 0x00,
	0x00, 0x00, 0xb5, 0x03, 0x00, 0x00, 0xa0, 0x02, 0x00, 0x00, 0x06, 0x00, 0x00, 0x00, 0x03, 0x00,
	0x00, 0x00, 0x00, 0x00, 0xc3, 0x03, 0x00, 0x00, 0x10, 0x15, 0x00, 0x00, 0x01, 0x00, 0x20, 0x00,
	0x02, 0x01, 0x00, 0x00, 0x00, 0x00, 0x00, 0x00, 0x00, 0x00, 0x00, 0x00, 0x00, 0x00, 0xeb, 0x00,
	0x00, 0x00, 0x00, 0x00, 0x00, 0x00, 0x00, 0x00, 0xe0, 0x03, 0x00, 0x00, 0xa8, 0x02, 0x00, 0x00,
	0x06, 0x00, 0x00, 0x00, 0x03, 0x00, 0x00, 0x00, 0x00, 0x00, 0xf3, 0x03, 0x00, 0x00, 0xb0, 0x15,
	0x00, 0x00, 0x01, 0x00, 0x20, 0x00, 0x02, 0x01, 0x00, 0x00, 0x00, 0x00, 0x00, 0x00, 0x00, 0x00,
	0x00, 0x00, 0x00, 0x00, 0xed, 0x00, 0x00, 0x00, 0x00, 0x00, 0x00, 0x00, 0x00, 0x00, 0x13, 0x04,
	0x00, 0x00, 0x50, 0x16, 0x00, 0x00, 0x01, 0x00, 0x20, 0x00, 0x02, 0x01, 0x00, 0x00, 0x00, 0x00,
	0x00, 0x00, 0x00, 0x00, 0x00, 0x00, 0x00, 0x00, 0x00, 0x00, 0x00, 0x00, 0x00, 0x00, 0x2e, 0x74,
	0x65, 0x78, 0x74, 0x00, 0x00, 0x00, 0xa0, 0x14, 0x00, 0x00, 0x01, 0x00, 0x00, 0x00, 0x03, 0x01,
	0xa2, 0x02, 0x00, 0x00, 0x25, 0x00, 0x00, 0x00, 0x00, 0x00, 0x00, 0x00, 0x00, 0x00, 0x00, 0x00,
	0x00, 0x00, 0x2e, 0x64, 0x61, 0x74, 0x61, 0x00, 0x00, 0x00, 0x30, 0x00, 0x00, 0x00, 0x02, 0x00,
	0x00, 0x00, 0x03, 0x01, 0x00, 0x00, 0x00, 0x00, 0x00, 0x00, 0x00, 0x00, 0x00, 0x00, 0x00, 0x00,
	0x00, 0x00, 0x00, 0x00, 0x00, 0x00, 0x2e, 0x62, 0x73, 0x73, 0x00, 0x00, 0x00, 0x00, 0xa0, 0x02,
	0x00, 0x00, 0x06, 0x00, 0x00, 0x00, 0x03, 0x01, 0x48, 0x00, 0x00, 0x00, 0x00, 0x00, 0x00, 0x00,
	0x00, 0x00, 0x00, 0x00, 0x00, 0x00, 0x00, 0x00, 0x00, 0x00, 0x2e, 0x78, 0x64, 0x61, 0x74, 0x61,
	0x00, 0x00, 0xd8, 0x00, 0x00, 0x00, 0x05, 0x00, 0x00, 0x00, 0x03, 0x01, 0x28, 0x00, 0x00, 0x00,
	0x00, 0x00, 0x00, 0x00, 0x00, 0x00, 0x00, 0x00, 0x00, 0x00, 0x00, 0x00, 0x00, 0x00, 0x2e, 0x70,
	0x64, 0x61, 0x74, 0x61, 0x00, 0x00, 0x08, 0x01, 0x00, 0x00, 0x04, 0x00, 0x00, 0x00, 0x03, 0x01,
	0x30, 0x00, 0x00, 0x00, 0x0c, 0x00, 0x00, 0x00, 0x00, 0x00, 0x00, 0x00, 0x00, 0x00, 0x00, 0x00,
	0x00, 0x00, 0x00, 0x00, 0x00, 0x00, 0xab, 0x01, 0x00, 0x00, 0xc0, 0x05, 0x00, 0x00, 0x03, 0x00,
	0x00, 0x00, 0x03, 0x01, 0x12, 0x00, 0x00, 0x00, 0x00, 0x00, 0x00, 0x00, 0x00, 0x00, 0x00, 0x00,
	0x00, 0x00, 0x00, 0x00, 0x00, 0x00, 0x2e, 0x66, 0x69, 0x6c, 0x65, 0x00, 0x00, 0x00, 0x05, 0x01,
	0x00, 0x00, 0xfe, 0xff, 0x00, 0x00, 0x67, 0x01, 0x74, 0x6c, 0x73, 0x6d, 0x63, 0x72, 0x74, 0x2e,
	0x63, 0x00, 0x00, 0x00, 0x00, 0x00, 0x00, 0x00, 0x00, 0x00, 0x2e, 0x74, 0x65, 0x78, 0x74, 0x00,
	0x00, 0x00, 0x60, 0x17, 0x00, 0x00, 0x01, 0x00, 0x00, 0x00, 0x03, 0x01, 0x00, 0x00, 0x00, 0x00,
	0x00, 0x00, 0x00, 0x00, 0x00, 0x00, 0x00, 0x00, 0x00, 0x00, 0x00, 0x00, 0x00, 0x00, 0x2e, 0x64,
	0x61, 0x74, 0x61, 0x00, 0x00, 0x00, 0x30, 0x00, 0x00, 0x00, 0x02, 0x00, 0x00, 0x00, 0x03, 0x01,
	0x04, 0x00, 0x00, 0x00, 0x00, 0x00, 0x00, 0x00, 0x00, 0x00, 0x00, 0x00, 0x00, 0x00, 0x00, 0x00,
	0x00, 0x00, 0x2e, 0x62, 0x73, 0x73, 0x00, 0x00, 0x00, 0x00, 0x00, 0x03, 0x00, 0x00, 0x06, 0x00,
	0x00, 0x00, 0x03, 0x01, 0x00, 0x00, 0x00, 0x00, 0x00, 0x00, 0x00, 0x00, 0x00, 0x00, 0x00, 0x00,
	0x00, 0x00, 0x00, 0x00, 0x00, 0x00, 0x00, 0x00, 0x00, 0x00, 0xab, 0x01, 0x00, 0x00, 0xe0, 0x05,
	0x00, 0x00, 0x03, 0x00, 0x00, 0x00, 0x03, 0x01, 0x12, 0x00, 0x00, 0x00, 0x00, 0x00, 0x00, 0x00,
	0x00, 0x00, 0x00, 0x00, 0x00, 0x00, 0x00, 0x00, 0x00, 0x00, 0x2e, 0x66, 0x69, 0x6c, 0x65, 0x00,
	0x00, 0x00, 0x17, 0x01, 0x00, 0x00, 0xfe, 0xff, 0x00, 0x00, 0x67, 0x01, 0x43, 0x52, 0x54, 0x5f,
	0x66, 0x70, 0x31, 0x30, 0x2e, 0x63, 0x00, 0x00, 0x00, 0x00, 0x00, 0x00, 0x00, 0x00, 0x5f, 0x66,
	0x70, 0x72, 0x65, 0x73, 0x65, 0x74, 0x60, 0x17, 0x00, 0x00, 0x01, 0x00, 0x20, 0x00, 0x02, 0x01,
	0x00, 0x00, 0x00, 0x00, 0x00, 0x00, 0x00, 0x00, 0x00, 0x00, 0x00, 0x00, 0x09, 0x01, 0x00, 0x00,
	0x00, 0x00, 0x66, 0x70, 0x72, 0x65, 0x73, 0x65, 0x74, 0x00, 0x60, 0x17, 0x00, 0x00, 0x01, 0x00,
	0x20, 0x00, 0x02, 0x01, 0x00, 0x00, 0x00, 0x00, 0x00, 0x00, 0x00, 0x00, 0x00, 0x00, 0x00, 0x00,
	0x00, 0x00, 0x00, 0x00, 0x00, 0x00, 0x2e, 0x74, 0x65, 0x78, 0x74, 0x00, 0x00, 0x00, 0x60, 0x17,
	0x00, 0x00, 0x01, 0x00, 0x00, 0x00, 0x03, 0x01, 0x03, 0x00, 0x00, 0x00, 0x00, 0x00, 0x00, 0x00,
	0x00, 0x00, 0x00, 0x00, 0x00, 0x00, 0x00, 0x00, 0x00, 0x00, 0x2e, 0x64, 0x61, 0x74, 0x61, 0x00,
	0x00, 0x00, 0x40, 0x00, 0x00, 0x00, 0x02, 0x00, 0x00, 0x00, 0x03, 0x01, 0x00, 0x00, 0x00, 0x00,
	0x00, 0x00, 0x00, 0x00, 0x00, 0x00, 0x00, 0x00, 0x00, 0x00, 0x00, 0x00, 0x00, 0x00, 0x2e, 0x62,
	0x73, 0x73, 0x00, 0x00, 0x00, 0x00, 0x00, 0x03, 0x00, 0x00, 0x06, 0x00, 0x00, 0x00, 0x03, 0x01,
	0x00, 0x00, 0x00, 0x00, 0x00, 0x00, 0x00, 0x00, 0x00, 0x00, 0x00, 0x00, 0x00, 0x00, 0x00, 0x00,
	0x00, 0x00, 0x2e, 0x78, 0x64, 0x61, 0x74, 0x61, 0x00, 0x00, 0x00, 0x01, 0x00, 0x00, 0x05, 0x00,
	0x00, 0x00, 0x03, 0x01, 0x04, 0x00, 0x00, 0x00, 0x00, 0x00, 0x00, 0x00, 0x00, 0x00, 0x00, 0x00,
	0x00, 0x00, 0x00, 0x00, 0x00, 0x00, 0x2e, 0x70, 0x64, 0x61, 0x74, 0x61, 0x00, 0x00, 0x38, 0x01,
	0x00, 0x00, 0x04, 0x00, 0x00, 0x00, 0x03, 0x01, 0x0c, 0x00, 0x00, 0x00, 0x03, 0x00, 0x00, 0x00,
	0x00, 0x00, 0x00, 0x00, 0x00, 0x00, 0x00, 0x00, 0x00, 0x00, 0x00, 0x00, 0x00, 0x00, 0xab, 0x01,
	0x00, 0x00, 0x00, 0x06, 0x00, 0x00, 0x03, 0x00, 0x00, 0x00, 0x03, 0x01, 0x12, 0x00, 0x00, 0x00,
	0x00, 0x00, 0x00, 0x00, 0x00, 0x00, 0x00, 0x00, 0x00, 0x00, 0x00, 0x00, 0x00, 0x00, 0x2e, 0x66,
	0x69, 0x6c, 0x65, 0x00, 0x00, 0x00, 0x21, 0x01, 0x00, 0x00, 0xfe, 0xff, 0x00, 0x00, 0x67, 0x01,
	0x00, 0x00, 0x00, 0x00, 0x27, 0x04, 0x00, 0x00, 0x00, 0x00, 0x00, 0x00, 0x00, 0x00, 0x00, 0x00,
	0x00, 0x00, 0x2e, 0x74, 0x65, 0x78, 0x74, 0x00, 0x00, 0x00, 0x70, 0x17, 0x00, 0x00, 0x01, 0x00,
	0x00, 0x00, 0x03, 0x01, 0x00, 0x00, 0x00, 0x00, 0x00, 0x00, 0x00, 0x00, 0x00, 0x00, 0x00, 0x00,
	0x00, 0x00, 0x00, 0x00, 0x00, 0x00, 0x2e, 0x64, 0x61, 0x74, 0x61, 0x00, 0x00, 0x00, 0x40, 0x00,
	0x00, 0x00, 0x02, 0x00, 0x00, 0x00, 0x03, 0x01, 0x00, 0x00, 0x00, 0x00, 0x00, 0x00, 0x00, 0x00,
	0x00, 0x00, 0x00, 0x00, 0x00, 0x00, 0x00, 0x00, 0x00, 0x00, 0x2e, 0x62, 0x73, 0x73, 0x00, 0x00,
	0x00, 0x00, 0x00, 0x03, 0x00, 0x00, 0x06, 0x00, 0x00, 0x00, 0x03, 0x01, 0x02, 0x00, 0x00, 0x00,
	0x00, 0x00, 0x00, 0x00, 0x00, 0x00, 0x00, 0x00, 0x00, 0x00, 0x00, 0x00, 0x00, 0x00, 0x00, 0x00,
	0x00, 0x00, 0xab, 0x01, 0x00, 0x00, 0x20, 0x06, 0x00, 0x00, 0x03, 0x00, 0x00, 0x00, 0x03, 0x01,
	0x12, 0x00, 0x00, 0x00, 0x00, 0x00, 0x00, 0x00, 0x00, 0x00, 0x00, 0x00, 0x00, 0x00, 0x00, 0x00,
	0x00, 0x00, 0x2e, 0x66, 0x69, 0x6c, 0x65, 0x00, 0x00, 0x00, 0x41, 0x01, 0x00, 0x00, 0xfe, 0xff,
	0x00, 0x00, 0x67, 0x01, 0x70, 0x65, 0x73, 0x65, 0x63, 0x74, 0x2e, 0x63, 0x00, 0x00, 0x00, 0x00,
	0x00, 0x00, 0x00, 0x00, 0x00, 0x00, 0x00, 0x00, 0x00, 0x00, 0x3b, 0x04, 0x00, 0x00, 0x70, 0x17,
	0x00, 0x00, 0x01, 0x00, 0x20, 0x00, 0x02, 0x01, 0x00, 0x00, 0x00, 0x00, 0x00, 0x00, 0x00, 0x00,
	0x00, 0x00, 0x00, 0x00, 0x25, 0x01, 0x00, 0x00, 0x00, 0x00, 0x00, 0x00, 0x00, 0x00, 0x4e, 0x04,
	0x00, 0x00, 0xa0, 0x17, 0x00, 0x00, 0x01, 0x00, 0x20, 0x00, 0x02, 0x01, 0x00, 0x00, 0x00, 0x00,
	0x00, 0x00, 0x00, 0x00, 0x00, 0x00, 0x00, 0x00, 0x27, 0x01, 0x00, 0x00, 0x00, 0x00, 0x00, 0x00,
	0x00, 0x00, 0x5d, 0x04, 0x00, 0x00, 0xf0, 0x17, 0x00, 0x00, 0x01, 0x00, 0x20, 0x00, 0x02, 0x01,
	0x00, 0x00, 0x00, 0x00, 0x00, 0x00, 0x00, 0x00, 0x00, 0x00, 0x00, 0x00, 0x29, 0x01, 0x00, 0x00,
	0x00, 0x00, 0x00, 0x00, 0x00, 0x00, 0x72, 0x04, 0x00, 0x00, 0x90, 0x18, 0x00, 0x00, 0x01, 0x00,
	0x20, 0x00, 0x02, 0x01, 0x00, 0x00, 0x00, 0x00, 0x00, 0x00, 0x00, 0x00, 0x00, 0x00, 0x00, 0x00,
	0x2b, 0x01, 0x00, 0x00, 0x00, 0x00, 0x00, 0x00, 0x00, 0x00, 0x8f, 0x04, 0x00, 0x00, 0x10, 0x19,
	0x00, 0x00, 0x01, 0x00, 0x20, 0x00, 0x02, 0x01, 0x00, 0x00, 0x00, 0x00, 0x00, 0x00, 0x00, 0x00,
	0x00, 0x00, 0x00, 0x00, 0x2d, 0x01, 0x00, 0x00, 0x00, 0x00, 0x00, 0x00, 0x00, 0x00, 0xa7, 0x04,
	0x00, 0x00, 0x40, 0x19, 0x00, 0x00, 0x01, 0x00, 0x20, 0x00, 0x02, 0x01, 0x00, 0x00, 0x00, 0x00,
	0x00, 0x00, 0x00, 0x00, 0x00, 0x00, 0x00, 0x00, 0x2f, 0x01, 0x00, 0x00, 0x00, 0x00, 0x00, 0x00,
	0x00, 0x00, 0xba, 0x04, 0x00, 0x00, 0xb0, 0x19, 0x00, 0x00, 0x01, 0x00, 0x20, 0x00, 0x02, 0x01,
	0x00, 0x00, 0x00, 0x00, 0x00, 0x00, 0x00, 0x00, 0x00, 0x00, 0x00, 0x00, 0x31, 0x01, 0x00, 0x00,
	0x00, 0x00, 0x00, 0x00, 0x00, 0x00, 0xca, 0x04, 0x00, 0x00, 0xe0, 0x19, 0x00, 0x00, 0x01, 0x00,
	0x20, 0x00, 0x02, 0x01, 0x00, 0x00, 0x00, 0x00, 0x00, 0x00, 0x00, 0x00, 0x00, 0x00, 0x00, 0x00,
	0x33, 0x01, 0x00, 0x00, 0x00, 0x00, 0x00, 0x00, 0x00, 0x00, 0xe7, 0x04, 0x00, 0x00, 0x70, 0x1a,
	0x00, 0x00, 0x01, 0x00, 0x20, 0x00, 0x02, 0x01, 0x00, 0x00, 0x00, 0x00, 0x00, 0x00, 0x00, 0x00,
	0x00, 0x00, 0x00, 0x00, 0x00, 0x00, 0x00, 0x00, 0x00, 0x00, 0x2e, 0x74, 0x65, 0x78, 0x74, 0x00,
	0x00, 0x00, 0x70, 0x17, 0x00, 0x00, 0x01, 0x00, 0x00, 0x00, 0x03, 0x01, 0xb8, 0x03, 0x00, 0x00,
	0x09, 0x00, 0x00, 0x00, 0x00, 0x00, 0x00, 0x00, 0x00, 0x00, 0x00, 0x00, 0x00, 0x00, 0x2e, 0x64,
	0x61, 0x74, 0x61, 0x00, 0x00, 0x00, 0x40, 0x00, 0x00, 0x00, 0x02, 0x00, 0x00, 0x00, 0x03, 0x01,
	0x00, 0x00, 0x00, 0x00, 0x00, 0x00, 0x00, 0x00, 0x00, 0x00, 0x00, 0x00, 0x00, 0x00, 0x00, 0x00,
	0x00, 0x00, 0x2e, 0x62, 0x73, 0x73, 0x00, 0x00, 0x00, 0x00, 0x10, 0x03, 0x00, 0x00, 0x06, 0x00,
	0x00, 0x00, 0x03, 0x01, 0x00, 0x00, 0x00, 0x00, 0x00, 0x00, 0x00, 0x00, 0x00, 0x00, 0x00, 0x00,
	0x00, 0x00, 0x00, 0x00, 0x00, 0x00, 0x2e, 0x78, 0x64, 0x61, 0x74, 0x61, 0x00, 0x00, 0x04, 0x01,
	0x00, 0x00, 0x05, 0x00, 0x00, 0x00, 0x03, 0x01, 0x30, 0x00, 0x00, 0x00, 0x00, 0x00, 0x00, 0x00,
	0x00, 0x00, 0x00, 0x00, 0x00, 0x00, 0x00, 0x00, 0x00, 0x00, 0x2e, 0x70, 0x64, 0x61, 0x74, 0x61,
	0x00, 0x00, 0x44, 0x01, 0x00, 0x00, 0x04, 0x00, 0x00, 0x00, 0x03, 0x01, 0x6c, 0x00, 0x00, 0x00,
	0x1b, 0x00, 0x00, 0x00, 0x00, 0x00, 0x00, 0x00, 0x00, 0x00, 0x00, 0x00, 0x00, 0x00, 0x00, 0x00,
	0x00, 0x00, 0xab, 0x01, 0x00, 0x00, 0x40, 0x06, 0x00, 0x00, 0x03, 0x00, 0x00, 0x00, 0x03, 0x01,
	0x12, 0x00, 0x00, 0x00, 0x00, 0x00, 0x00, 0x00, 0x00, 0x00, 0x00, 0x00, 0x00, 0x00, 0x00, 0x00,
	0x00, 0x00, 0x2e, 0x66, 0x69, 0x6c, 0x65, 0x00, 0x00, 0x00, 0x57, 0x01, 0x00, 0x00, 0xfe, 0xff,
	0x00, 0x00, 0x67, 0x01, 0x66, 0x61, 0x6b, 0x65, 0x00, 0x00, 0x00, 0x00, 0x00, 0x00, 0x00, 0x00,
	0x00, 0x00, 0x00, 0x00, 0x00, 0x00, 0x00, 0x00, 0x00, 0x00, 0x09, 0x05, 0x00, 0x00, 0x00, 0x00,
	0x00, 0x00, 0x0c, 0x00, 0x00, 0x00, 0x03, 0x01, 0x28, 0x00, 0x00, 0x00, 0x06, 0x00, 0x00, 0x00,
	0x00, 0x00, 0x00, 0x00, 0x00, 0x00, 0x00, 0x00, 0x00, 0x00, 0x00, 0x00, 0x00, 0x00, 0x15, 0x05,
	0x00, 0x00, 0x00, 0x00, 0x00, 0x00, 0x0d, 0x00, 0x00, 0x00, 0x03, 0x01, 0x14, 0x00, 0x00, 0x00,
	0x00, 0x00, 0x00, 0x00, 0x00, 0x00, 0x00, 0x00, 0x00, 0x00, 0x00, 0x00, 0x00, 0x00, 0x00, 0x00,
	0x00, 0x00, 0x23, 0x05, 0x00, 0x00, 0x00, 0x00, 0x00, 0x00, 0x0e, 0x00, 0x00, 0x00, 0x03, 0x01,
	0x5c, 0x00, 0x00, 0x00, 0x05, 0x00, 0x00, 0x00, 0x00, 0x00, 0x00, 0x00, 0x00, 0x00, 0x00, 0x00,
	0x00, 0x00, 0x2e, 0x74, 0x65, 0x78, 0x74, 0x00, 0x00, 0x00, 0x30, 0x1b, 0x00, 0x00, 0x01, 0x00,
	0x00, 0x00, 0x03, 0x01, 0x32, 0x00, 0x00, 0x00, 0x00, 0x00, 0x00, 0x00, 0x00, 0x00, 0x00, 0x00,
	0x00, 0x00, 0x00, 0x00, 0x00, 0x00, 0x2e, 0x64, 0x61, 0x74, 0x61, 0x00, 0x00, 0x00, 0x40, 0x00,
	0x00, 0x00, 0x02, 0x00, 0x00, 0x00, 0x03, 0x01, 0x00, 0x00, 0x00, 0x00, 0x00, 0x00, 0x00, 0x00,
	0x00, 0x00, 0x00, 0x00, 0x00, 0x00, 0x00, 0x00, 0x00, 0x00, 0x2e, 0x62, 0x73, 0x73, 0x00, 0x00,
	0x00, 0x00, 0x10, 0x03, 0x00, 0x00, 0x06, 0x00, 0x00, 0x00, 0x03, 0x01, 0x00, 0x00, 0x00, 0x00,
	0x00, 0x00, 0x00, 0x00, 0x00, 0x00, 0x00, 0x00, 0x00, 0x00, 0x00, 0x00, 0x00, 0x00, 0x00, 0x00,
	0x00, 0x00, 0x2f, 0x05, 0x00, 0x00, 0x00, 0x00, 0x00, 0x00, 0x11, 0x00, 0x00, 0x00, 0x03, 0x01,
	0x43, 0x00, 0x00, 0x00, 0x00, 0x00, 0x00, 0x00, 0x00, 0x00, 0x00, 0x00, 0x00, 0x00, 0x00, 0x00,
	0x00, 0x00, 0x00, 0x00, 0x00, 0x00, 0x3f, 0x05, 0x00, 0x00, 0x00, 0x00, 0x00, 0x00, 0x0b, 0x00,
	0x00, 0x00, 0x03, 0x01, 0x30, 0x00, 0x00, 0x00, 0x02, 0x00, 0x00, 0x00, 0x00, 0x00, 0x00, 0x00,
	0x00, 0x00, 0x00, 0x00, 0x00, 0x00, 0x00, 0x00, 0x00, 0x00, 0x4e, 0x05, 0x00, 0x00, 0x00, 0x00,
	0x00, 0x00, 0x10, 0x00, 0x00, 0x00, 0x03, 0x01, 0x4f, 0x00, 0x00, 0x00, 0x00, 0x00, 0x00, 0x00,
	0x00, 0x00, 0x00, 0x00, 0x00, 0x00, 0x00, 0x00, 0x00, 0x00, 0x00, 0x00, 0x00, 0x00, 0x59, 0x05,
	0x00, 0x00, 0x00, 0x00, 0x00, 0x00, 0x0f, 0x00, 0x00, 0x00, 0x03, 0x01, 0x48, 0x00, 0x00, 0x00,
	0x02, 0x00, 0x00, 0x00, 0x00, 0x00, 0x00, 0x00, 0x00, 0x00, 0x00, 0x00, 0x00, 0x00, 0x2e, 0x66,
	0x69, 0x6c, 0x65, 0x00, 0x00, 0x00, 0x6b, 0x01, 0x00, 0x00, 0xfe, 0xff, 0x00, 0x00, 0x67, 0x01,
	0x6c, 0x69, 0x62, 0x67, 0x63, 0x63, 0x32, 0x2e, 0x63, 0x00, 0x00, 0x00, 0x00, 0x00, 0x00, 0x00,
	0x00, 0x00, 0x2e, 0x74, 0x65, 0x78, 0x74, 0x00, 0x00, 0x00, 0x70, 0x1b, 0x00, 0x00, 0x01, 0x00,
	0x00, 0x00, 0x03, 0x01, 0x00, 0x00, 0x00, 0x00, 0x00, 0x00, 0x00, 0x00, 0x00, 0x00, 0x00, 0x00,
	0x00, 0x00, 0x00, 0x00, 0x00, 0x00, 0x2e, 0x64, 0x61, 0x74, 0x61, 0x00, 0x00, 0x00, 0x40, 0x00,
	0x00, 0x00, 0x02, 0x00, 0x00, 0x00, 0x03, 0x01, 0x00, 0x00, 0x00, 0x00, 0x00, 0x00, 0x00, 0x00,
	0x00, 0x00, 0x00, 0x00, 0x00, 0x00, 0x00, 0x00, 0x00, 0x00, 0x2e, 0x62, 0x73, 0x73, 0x00, 0x00,
	0x00, 0x00, 0x10, 0x03, 0x00, 0x00, 0x06, 0x00, 0x00, 0x00, 0x03, 0x01, 0x20, 0x00, 0x00, 0x00,
	0x00, 0x00, 0x00, 0x00, 0x00, 0x00, 0x00, 0x00, 0x00, 0x00, 0x00, 0x00, 0x00, 0x00, 0x00, 0x00,
	0x00, 0x00, 0x09, 0x05, 0x00, 0x00, 0x28, 0x00, 0x00, 0x00, 0x0c, 0x00, 0x00, 0x00, 0x03, 0x01,
	0x29, 0x12, 0x00, 0x00, 0x06, 0x00, 0x00, 0x00, 0x00, 0x00, 0x00, 0x00, 0x00, 0x00, 0x00, 0x00,
	0x00, 0x00, 0x00, 0x00, 0x00, 0x00, 0x15, 0x05, 0x00, 0x00, 0x14, 0x00, 0x00, 0x00, 0x0d, 0x00,
	0x00, 0x00, 0x03, 0x01, 0xb6, 0x00, 0x00, 0x00, 0x00, 0x00, 0x00, 0x00, 0x00, 0x00, 0x00, 0x00,
	0x00, 0x00, 0x00, 0x00, 0x00, 0x00, 0x00, 0x00, 0x00, 0x00, 0x3f, 0x05, 0x00, 0x00, 0x30, 0x00,
	0x00, 0x00, 0x0b, 0x00, 0x00, 0x00, 0x03, 0x01, 0x20, 0x00, 0x00, 0x00, 0x01, 0x00, 0x00, 0x00,
	0x00, 0x00, 0x00, 0x00, 0x00, 0x00, 0x00, 0x00, 0x00, 0x00, 0x00, 0x00, 0x00, 0x00, 0x23, 0x05,
	0x00, 0x00, 0x5c, 0x00, 0x00, 0x00, 0x0e, 0x00, 0x00, 0x00, 0x03, 0x01, 0x48, 0x00, 0x00, 0x00,
	0x07, 0x00, 0x00, 0x00, 0x00, 0x00, 0x00, 0x00, 0x00, 0x00, 0x00, 0x00, 0x00, 0x00, 0x00, 0x00,
	0x00, 0x00, 0x2f, 0x05, 0x00, 0x00, 0x43, 0x00, 0x00, 0x00, 0x11, 0x00, 0x00, 0x00, 0x03, 0x01,
	0xaf, 0x00, 0x00, 0x00, 0x00, 0x00, 0x00, 0x00, 0x00, 0x00, 0x00, 0x00, 0x00, 0x00, 0x00, 0x00,
	0x00, 0x00, 0x00, 0x00, 0x00, 0x00, 0xab, 0x01, 0x00, 0x00, 0x60, 0x06, 0x00, 0x00, 0x03, 0x00,
	0x00, 0x00, 0x03, 0x01, 0x12, 0x00, 0x00, 0x00, 0x00, 0x00, 0x00, 0x00, 0x00, 0x00, 0x00, 0x00,
	0x00, 0x00, 0x00, 0x00, 0x00, 0x00, 0x2e, 0x66, 0x69, 0x6c, 0x65, 0x00, 0x00, 0x00, 0x7b, 0x01,
	0x00, 0x00, 0xfe, 0xff, 0x00, 0x00, 0x67, 0x01, 0x5f, 0x69, 0x6e, 0x69, 0x74, 0x74, 0x65, 0x72,
	0x6d, 0x5f, 0x65, 0x2e, 0x63, 0x00, 0x00, 0x00, 0x00, 0x00, 0x00, 0x00, 0x00, 0x00, 0x66, 0x05,
	0x00, 0x00, 0x70, 0x1b, 0x00, 0x00, 0x01, 0x00, 0x20, 0x00, 0x02, 0x01, 0x00, 0x00, 0x00, 0x00,
	0x00, 0x00, 0x00, 0x00, 0x00, 0x00, 0x00, 0x00, 0x00, 0x00, 0x00, 0x00, 0x00, 0x00, 0x2e, 0x74,
	0x65, 0x78, 0x74, 0x00, 0x00, 0x00, 0x70, 0x1b, 0x00, 0x00, 0x01, 0x00, 0x00, 0x00, 0x03, 0x01,
	0x40, 0x00, 0x00, 0x00, 0x00, 0x00, 0x00, 0x00, 0x00, 0x00, 0x00, 0x00, 0x00, 0x00, 0x00, 0x00,
	0x00, 0x00, 0x2e, 0x64, 0x61, 0x74, 0x61, 0x00, 0x00, 0x00, 0x40, 0x00, 0x00, 0x00, 0x02, 0x00,
	0x00, 0x00, 0x03, 0x01, 0x08, 0x00, 0x00, 0x00, 0x01, 0x00, 0x00, 0x00, 0x00, 0x00, 0x00, 0x00,
	0x00, 0x00, 0x00, 0x00, 0x00, 0x00, 0x2e, 0x62, 0x73, 0x73, 0x00, 0x00, 0x00, 0x00, 0x30, 0x03,
	0x00, 0x00, 0x06, 0x00, 0x00, 0x00, 0x03, 0x01, 0x00, 0x00, 0x00, 0x00, 0x00, 0x00, 0x00, 0x00,
	0x00, 0x00, 0x00, 0x00, 0x00, 0x00, 0x00, 0x00, 0x00, 0x00, 0x2e, 0x78, 0x64, 0x61, 0x74, 0x61,
	0x00, 0x00, 0x34, 0x01, 0x00, 0x00, 0x05, 0x00, 0x00, 0x00, 0x03, 0x01, 0x0c, 0x00, 0x00, 0x00,
	0x00, 0x00, 0x00, 0x00, 0x00, 0x00, 0x00, 0x00, 0x00, 0x00, 0x00, 0x00, 0x00, 0x00, 0x2e, 0x70,
	0x64, 0x61, 0x74, 0x61, 0x00, 0x00, 0xb0, 0x01, 0x00, 0x00, 0x04, 0x00, 0x00, 0x00, 0x03, 0x01,
	0x0c, 0x00, 0x00, 0x00, 0x03, 0x00, 0x00, 0x00, 0x00, 0x00, 0x00, 0x00, 0x00, 0x00, 0x00, 0x00,
	0x00, 0x00, 0x00, 0x00, 0x00, 0x00, 0xab, 0x01, 0x00, 0x00, 0x80, 0x06, 0x00, 0x00, 0x03, 0x00,
	0x00, 0x00, 0x03, 0x01, 0x12, 0x00, 0x00, 0x00, 0x00, 0x00, 0x00, 0x00, 0x00, 0x00, 0x00, 0x00,
	0x00, 0x00, 0x00, 0x00, 0x00, 0x00, 0x2e, 0x66, 0x69, 0x6c, 0x65, 0x00, 0x00, 0x00, 0x8b, 0x01,
	0x00, 0x00, 0xfe, 0xff, 0x00, 0x00, 0x67, 0x01, 0x61, 0x63, 0x72, 0x74, 0x5f, 0x69, 0x6f, 0x62,
	0x5f, 0x66, 0x75, 0x6e, 0x63, 0x2e, 0x63, 0x00, 0x00, 0x00, 0x00, 0x00, 0x00, 0x00, 0x72, 0x05,
	0x00, 0x00, 0xb0, 0x1b, 0x00, 0x00, 0x01, 0x00, 0x20, 0x00, 0x02, 0x01, 0x00, 0x00, 0x00, 0x00,
	0x00, 0x00, 0x00, 0x00, 0x00, 0x00, 0x00, 0x00, 0x00, 0x00, 0x00, 0x00, 0x00, 0x00, 0x2e, 0x74,
	0x65, 0x78, 0x74, 0x00, 0x00, 0x00, 0xb0, 0x1b, 0x00, 0x00, 0x01, 0x00, 0x00, 0x00, 0x03, 0x01,
	0x1f, 0x00, 0x00, 0x00, 0x01, 0x00, 0x00, 0x00, 0x00, 0x00, 0x00, 0x00, 0x00, 0x00, 0x00, 0x00,
	0x00, 0x00, 0x2e, 0x64, 0x61, 0x74, 0x61, 0x00, 0x00, 0x00, 0x50, 0x00, 0x00, 0x00, 0x02, 0x00,
	0x00, 0x00, 0x03, 0x01, 0x08, 0x00, 0x00, 0x00, 0x01, 0x00, 0x00, 0x00, 0x00, 0x00, 0x00, 0x00,
	0x00, 0x00, 0x00, 0x00, 0x00, 0x00, 0x2e, 0x62, 0x73, 0x73, 0x00, 0x00, 0x00, 0x00, 0x30, 0x03,
	0x00, 0x00, 0x06, 0x00, 0x00, 0x00, 0x03, 0x01, 0x00, 0x00, 0x00, 0x00, 0x00, 0x00, 0x00, 0x00,
	0x00, 0x00, 0x00, 0x00, 0x00, 0x00, 0x00, 0x00, 0x00, 0x00, 0x2e, 0x78, 0x64, 0x61, 0x74, 0x61,
	0x00, 0x00, 0x40, 0x01, 0x00, 0x00, 0x05, 0x00, 0x00, 0x00, 0x03, 0x01, 0x08, 0x00, 0x00, 0x00,
	0x00, 0x00, 0x00, 0x00, 0x00, 0x00, 0x00, 0x00, 0x00, 0x00, 0x00, 0x00, 0x00, 0x00, 0x2e, 0x70,
	0x64, 0x61, 0x74, 0x61, 0x00, 0x00, 0xbc, 0x01, 0x00, 0x00, 0x04, 0x00, 0x00, 0x00, 0x03, 0x01,
	0x0c, 0x00, 0x00, 0x00, 0x03, 0x00, 0x00, 0x00, 0x00, 0x00, 0x00, 0x00, 0x00, 0x00, 0x00, 0x00,
	0x00, 0x00, 0x00, 0x00, 0x00, 0x00, 0xab, 0x01, 0x00, 0x00, 0xa0, 0x06, 0x00, 0x00, 0x03, 0x00,
	0x00, 0x00, 0x03, 0x01, 0x12, 0x00, 0x00, 0x00, 0x00, 0x00, 0x00, 0x00, 0x00, 0x00, 0x00, 0x00,
	0x00, 0x00, 0x00, 0x00, 0x00, 0x00, 0x2e, 0x66, 0x69, 0x6c, 0x65, 0x00, 0x00, 0x00, 0x08, 0x02,
	0x00, 0x00, 0xfe, 0xff, 0x00, 0x00, 0x67, 0x01, 0x6f, 0x6e, 0x65, 0x78, 0x69, 0x74, 0x5f, 0x74,
	0x61, 0x62, 0x6c, 0x65, 0x2e, 0x63, 0x00, 0x00, 0x00, 0x00, 0x00, 0x00, 0x00, 0x00, 0x82, 0x05,
	0x00, 0x00, 0xd0, 0x1b, 0x00, 0x00, 0x01, 0x00, 0x20, 0x00, 0x02, 0x01, 0x00, 0x00, 0x00, 0x00,
	0x00, 0x00, 0x00, 0x00, 0x00, 0x00, 0x00, 0x00, 0x8f, 0x01, 0x00, 0x00, 0x00, 0x00, 0x00, 0x00,
	0x00, 0x00, 0x9b, 0x05, 0x00, 0x00, 0xf0, 0x1b, 0x00, 0x00, 0x01, 0x00, 0x20, 0x00, 0x02, 0x01,
	0x00, 0x00, 0x00, 0x00, 0x00, 0x00, 0x00, 0x00, 0x00, 0x00, 0x00, 0x00, 0x91, 0x01, 0x00, 0x00,
	0x00, 0x00, 0x00, 0x00, 0x00, 0x00, 0xb5, 0x05, 0x00, 0x00, 0xb0, 0x1c, 0x00, 0x00, 0x01, 0x00,
	0x20, 0x00, 0x02, 0x01, 0x00, 0x00, 0x00, 0x00, 0x00, 0x00, 0x00, 0x00, 0x00, 0x00, 0x00, 0x00,
	0x00, 0x00, 0x00, 0x00, 0x00, 0x00, 0x2e, 0x74, 0x65, 0x78, 0x74, 0x00, 0x00, 0x00, 0xd0, 0x1b,
	0x00, 0x00, 0x01, 0x00, 0x00, 0x00, 0x03, 0x01, 0x47, 0x01, 0x00, 0x00, 0x08, 0x00, 0x00, 0x00,
	0x00, 0x00, 0x00, 0x00, 0x00, 0x00, 0x00, 0x00, 0x00, 0x00, 0x2e, 0x64, 0x61, 0x74, 0x61, 0x00,
	0x00, 0x00, 0x60, 0x00, 0x00, 0x00, 0x02, 0x00, 0x00, 0x00, 0x03, 0x01, 0x18, 0x00, 0x00, 0x00,
	0x03, 0x00, 0x00, 0x00, 0x00, 0x00, 0x00, 0x00, 0x00, 0x00, 0x00, 0x00, 0x00, 0x00, 0x2e, 0x62,
	0x73, 0x73, 0x00, 0x00, 0x00, 0x00, 0x30, 0x03, 0x00, 0x00, 0x06, 0x00, 0x00, 0x00, 0x03, 0x01,
	0x00, 0x00, 0x00, 0x00, 0x00, 0x00, 0x00, 0x00, 0x00, 0x00, 0x00, 0x00, 0x00, 0x00, 0x00, 0x00,
	0x00, 0x00, 0x2e, 0x78, 0x64, 0x61, 0x74, 0x61, 0x00, 0x00, 0x48, 0x01, 0x00, 0x00, 0x05, 0x00,
	0x00, 0x00, 0x03, 0x01, 0x1c, 0x00, 0x00, 0x00, 0x00, 0x00, 0x00, 0x00, 0x00, 0x00, 0x00, 0x00,
	0x00, 0x00, 0x00, 0x00, 0x00, 0x00, 0x2e, 0x70, 0x64, 0x61, 0x74, 0x61, 0x00, 0x00, 0xc8, 0x01,
	0x00, 0x00, 0x04, 0x00, 0x00, 0x00, 0x03, 0x01, 0x24, 0x00, 0x00, 0x00, 0x09, 0x00, 0x00, 0x00,
	0x00, 0x00, 0x00, 0x00, 0x00, 0x00, 0x00, 0x00, 0x00, 0x00, 0x00, 0x00, 0x00, 0x00, 0xab, 0x01,
	0x00, 0x00, 0xc0, 0x06, 0x00, 0x00, 0x03, 0x00, 0x00, 0x00, 0x03, 0x01, 0x12, 0x00, 0x00, 0x00,
	0x00, 0x00, 0x00, 0x00, 0x00, 0x00, 0x00, 0x00, 0x00, 0x00, 0x00, 0x00, 0x00, 0x00, 0x2e, 0x74,
	0x65, 0x78, 0x74, 0x00, 0x00, 0x00, 0x20, 0x1d, 0x00, 0x00, 0x01, 0x00, 0x00, 0x00, 0x03, 0x00,
	0x2e, 0x64, 0x61, 0x74, 0x61, 0x00, 0x00, 0x00, 0x80, 0x00, 0x00, 0x00, 0x02, 0x00, 0x00, 0x00,
	0x03, 0x00, 0x2e, 0x62, 0x73, 0x73, 0x00, 0x00, 0x00, 0x00, 0x30, 0x03, 0x00, 0x00, 0x06, 0x00,
	0x00, 0x00, 0x03, 0x00, 0x2e, 0x69, 0x64, 0x61, 0x74, 0x61, 0x24, 0x37, 0x90, 0x06, 0x00, 0x00,
	0x08, 0x00, 0x00, 0x00, 0x03, 0x00, 0x2e, 0x69, 0x64, 0x61, 0x74, 0x61, 0x24, 0x35, 0xd0, 0x02,
	0x00, 0x00, 0x08, 0x00, 0x00, 0x00, 0x03, 0x00, 0x2e, 0x69, 0x64, 0x61, 0x74, 0x61, 0x24, 0x34,
	0x50, 0x01, 0x00, 0x00, 0x08, 0x00, 0x00, 0x00, 0x03, 0x00, 0x2e, 0x69, 0x64, 0x61, 0x74, 0x61,
	0x24, 0x36, 0x4e, 0x05, 0x00, 0x00, 0x08, 0x00, 0x00, 0x00, 0x03, 0x00, 0x2e, 0x74, 0x65, 0x78,
	0x74, 0x00, 0x00, 0x00, 0x28, 0x1d, 0x00, 0x00, 0x01, 0x00, 0x00, 0x00, 0x03, 0x00, 0x2e, 0x64,
	0x61, 0x74, 0x61, 0x00, 0x00, 0x00, 0x80, 0x00, 0x00, 0x00, 0x02, 0x00, 0x00, 0x00, 0x03, 0x00,
	0x2e, 0x62, 0x73, 0x73, 0x00, 0x00, 0x00, 0x00, 0x30, 0x03, 0x00, 0x00, 0x06, 0x00, 0x00, 0x00,
	0x03, 0x00, 0x2e, 0x69, 0x64, 0x61, 0x74, 0x61, 0x24, 0x37, 0x94, 0x06, 0x00, 0x00, 0x08, 0x00,
	0x00, 0x00, 0x03, 0x00, 0x2e, 0x69, 0x64, 0x61, 0x74, 0x61, 0x24, 0x35, 0xd8, 0x02, 0x00, 0x00,
	0x08, 0x00, 0x00, 0x00, 0x03, 0x00, 0x2e, 0x69, 0x64, 0x61, 0x74, 0x61, 0x24, 0x34, 0x58, 0x01,
	0x00, 0x00, 0x08, 0x00, 0x00, 0x00, 0x03, 0x00, 0x2e, 0x69, 0x64, 0x61, 0x74, 0x61, 0x24, 0x36,
	0x5c, 0x05, 0x00, 0x00, 0x08, 0x00, 0x00, 0x00, 0x03, 0x00, 0x2e, 0x74, 0x65, 0x78, 0x74, 0x00,
	0x00, 0x00, 0x30, 0x1d, 0x00, 0x00, 0x01, 0x00, 0x00, 0x00, 0x03, 0x00, 0x2e, 0x64, 0x61, 0x74,
	0x61, 0x00, 0x00, 0x00, 0x80, 0x00, 0x00, 0x00, 0x02, 0x00, 0x00, 0x00, 0x03, 0x00, 0x2e, 0x62,
	0x73, 0x73, 0x00, 0x00, 0x00, 0x00, 0x30, 0x03, 0x00, 0x00, 0x06, 0x00, 0x00, 0x00, 0x03, 0x00,
	0x2e, 0x69, 0x64, 0x61, 0x74, 0x61, 0x24, 0x37, 0x98, 0x06, 0x00, 0x00, 0x08, 0x00, 0x00, 0x00,
	0x03, 0x00, 0x2e, 0x69, 0x64, 0x61, 0x74, 0x61, 0x24, 0x35, 0xe0, 0x02, 0x00, 0x00, 0x08, 0x00,
	0x00, 0x00, 0x03, 0x00, 0x2e, 0x69, 0x64, 0x61, 0x74, 0x61, 0x24, 0x34, 0x60, 0x01, 0x00, 0x00,
	0x08, 0x00, 0x00, 0x00, 0x03, 0x00, 0x2e, 0x69, 0x64, 0x61, 0x74, 0x61, 0x24, 0x36, 0x6a, 0x05,
	0x00, 0x00, 0x08, 0x00, 0x00, 0x00, 0x03, 0x00, 0x2e, 0x74, 0x65, 0x78, 0x74, 0x00, 0x00, 0x00,
	0x38, 0x1d, 0x00, 0x00, 0x01, 0x00, 0x00, 0x00, 0x03, 0x00, 0x2e, 0x64, 0x61, 0x74, 0x61, 0x00,
	0x00, 0x00, 0x80, 0x00, 0x00, 0x00, 0x02, 0x00, 0x00, 0x00, 0x03, 0x00, 0x2e, 0x62, 0x73, 0x73,
	0x00, 0x00, 0x00, 0x00, 0x30, 0x03, 0x00, 0x00, 0x06, 0x00, 0x00, 0x00, 0x03, 0x00, 0x2e, 0x69,
	0x64, 0x61, 0x74, 0x61, 0x24, 0x37, 0x9c, 0x06, 0x00, 0x00, 0x08, 0x00, 0x00, 0x00, 0x03, 0x00,
	0x2e, 0x69, 0x64, 0x61, 0x74, 0x61, 0x24, 0x35, 0xe8, 0x02, 0x00, 0x00, 0x08, 0x00, 0x00, 0x00,
	0x03, 0x00, 0x2e, 0x69, 0x64, 0x61, 0x74, 0x61, 0x24, 0x34, 0x68, 0x01, 0x00, 0x00, 0x08, 0x00,
	0x00, 0x00, 0x03, 0x00, 0x2e, 0x69, 0x64, 0x61, 0x74, 0x61, 0x24, 0x36, 0x76, 0x05, 0x00, 0x00,
	0x08, 0x00, 0x00, 0x00, 0x03, 0x00, 0x2e, 0x74, 0x65, 0x78, 0x74, 0x00, 0x00, 0x00, 0x40, 0x1d,
	0x00, 0x00, 0x01, 0x00, 0x00, 0x00, 0x03, 0x00, 0x2e, 0x64, 0x61, 0x74, 0x61, 0x00, 0x00, 0x00,
	0x80, 0x00, 0x00, 0x00, 0x02, 0x00, 0x00, 0x00, 0x03, 0x00, 0x2e, 0x62, 0x73, 0x73, 0x00, 0x00,
	0x00, 0x00, 0x30, 0x03, 0x00, 0x00, 0x06, 0x00, 0x00, 0x00, 0x03, 0x00, 0x2e, 0x69, 0x64, 0x61,
	0x74, 0x61, 0x24, 0x37, 0xa0, 0x06, 0x00, 0x00, 0x08, 0x00, 0x00, 0x00, 0x03, 0x00, 0x2e, 0x69,
	0x64, 0x61, 0x74, 0x61, 0x24, 0x35, 0xf0, 0x02, 0x00, 0x00, 0x08, 0x00, 0x00, 0x00, 0x03, 0x00,
	0x2e, 0x69, 0x64, 0x61, 0x74, 0x61, 0x24, 0x34, 0x70, 0x01, 0x00, 0x00, 0x08, 0x00, 0x00, 0x00,
	0x03, 0x00, 0x2e, 0x69, 0x64, 0x61, 0x74, 0x61, 0x24, 0x36, 0x7e, 0x05, 0x00, 0x00, 0x08, 0x00,
	0x00, 0x00, 0x03, 0x00, 0x2e, 0x74, 0x65, 0x78, 0x74, 0x00, 0x00, 0x00, 0x48, 0x1d, 0x00, 0x00,
	0x01, 0x00, 0x00, 0x00, 0x03, 0x00, 0x2e, 0x64, 0x61, 0x74, 0x61, 0x00, 0x00, 0x00, 0x80, 0x00,
	0x00, 0x00, 0x02, 0x00, 0x00, 0x00, 0x03, 0x00, 0x2e, 0x62, 0x73, 0x73, 0x00, 0x00, 0x00, 0x00,
	0x30, 0x03, 0x00, 0x00, 0x06, 0x00, 0x00, 0x00, 0x03, 0x00, 0x2e, 0x69, 0x64, 0x61, 0x74, 0x61,
	0x24, 0x37, 0xa4, 0x06, 0x00, 0x00, 0x08, 0x00, 0x00, 0x00, 0x03, 0x00, 0x2e, 0x69, 0x64, 0x61,
	0x74, 0x61, 0x24, 0x35, 0xf8, 0x02, 0x00, 0x00, 0x08, 0x00, 0x00, 0x00, 0x03, 0x00, 0x2e, 0x69,
	0x64, 0x61, 0x74, 0x61, 0x24, 0x34, 0x78, 0x01, 0x00, 0x00, 0x08, 0x00, 0x00, 0x00, 0x03, 0x00,
	0x2e, 0x69, 0x64, 0x61, 0x74, 0x61, 0x24, 0x36, 0x88, 0x05, 0x00, 0x00, 0x08, 0x00, 0x00, 0x00,
	0x03, 0x00, 0x2e, 0x74, 0x65, 0x78, 0x74, 0x00, 0x00, 0x00, 0x50, 0x1d, 0x00, 0x00, 0x01, 0x00,
	0x00, 0x00, 0x03, 0x00, 0x2e, 0x64, 0x61, 0x74, 0x61, 0x00, 0x00, 0x00, 0x80, 0x00, 0x00, 0x00,
	0x02, 0x00, 0x00, 0x00, 0x03, 0x00, 0x2e, 0x62, 0x73, 0x73, 0x00, 0x00, 0x00, 0x00, 0x30, 0x03,
	0x00, 0x00, 0x06, 0x00, 0x00, 0x00, 0x03, 0x00, 0x2e, 0x69, 0x64, 0x61, 0x74, 0x61, 0x24, 0x37,
	0xa8, 0x06, 0x00, 0x00, 0x08, 0x00, 0x00, 0x00, 0x03, 0x00, 0x2e, 0x69, 0x64, 0x61, 0x74, 0x61,
	0x24, 0x35, 0x00, 0x03, 0x00, 0x00, 0x08, 0x00, 0x00, 0x00, 0x03, 0x00, 0x2e, 0x69, 0x64, 0x61,
	0x74, 0x61, 0x24, 0x34, 0x80, 0x01, 0x00, 0x00, 0x08, 0x00, 0x00, 0x00, 0x03, 0x00, 0x2e, 0x69,
	0x64, 0x61, 0x74, 0x61, 0x24, 0x36, 0x90, 0x05, 0x00, 0x00, 0x08, 0x00, 0x00, 0x00, 0x03, 0x00,
	0x2e, 0x74, 0x65, 0x78, 0x74, 0x00, 0x00, 0x00, 0x58, 0x1d, 0x00, 0x00, 0x01, 0x00, 0x00, 0x00,
	0x03, 0x00, 0x2e, 0x64, 0x61, 0x74, 0x61, 0x00, 0x00, 0x00, 0x80, 0x00, 0x00, 0x00, 0x02, 0x00,
	0x00, 0x00, 0x03, 0x00, 0x2e, 0x62, 0x73, 0x73, 0x00, 0x00, 0x00, 0x00, 0x30, 0x03, 0x00, 0x00,
	0x06, 0x00, 0x00, 0x00, 0x03, 0x00, 0x2e, 0x69, 0x64, 0x61, 0x74, 0x61, 0x24, 0x37, 0xac, 0x06,
	0x00, 0x00, 0x08, 0x00, 0x00, 0x00, 0x03, 0x00, 0x2e, 0x69, 0x64, 0x61, 0x74, 0x61, 0x24, 0x35,
	0x08, 0x03, 0x00, 0x00, 0x08, 0x00, 0x00, 0x00, 0x03, 0x00, 0x2e, 0x69, 0x64, 0x61, 0x74, 0x61,
	0x24, 0x34, 0x88, 0x01, 0x00, 0x00, 0x08, 0x00, 0x00, 0x00, 0x03, 0x00, 0x2e, 0x69, 0x64, 0x61,
	0x74, 0x61, 0x24, 0x36, 0x9a, 0x05, 0x00, 0x00, 0x08, 0x00, 0x00, 0x00, 0x03, 0x00, 0x2e, 0x74,
	0x65, 0x78, 0x74, 0x00, 0x00, 0x00, 0x60, 0x1d, 0x00, 0x00, 0x01, 0x00, 0x00, 0x00, 0x03, 0x00,
	0x2e, 0x64, 0x61, 0x74, 0x61, 0x00, 0x00, 0x00, 0x80, 0x00, 0x00, 0x00, 0x02, 0x00, 0x00, 0x00,
	0x03, 0x00, 0x2e, 0x62, 0x73, 0x73, 0x00, 0x00, 0x00, 0x00, 0x30, 0x03, 0x00, 0x00, 0x06, 0x00,
	0x00, 0x00, 0x03, 0x00, 0x2e, 0x69, 0x64, 0x61, 0x74, 0x61, 0x24, 0x37, 0xb0, 0x06, 0x00, 0x00,
	0x08, 0x00, 0x00, 0x00, 0x03, 0x00, 0x2e, 0x69, 0x64, 0x61, 0x74, 0x61, 0x24, 0x35, 0x10, 0x03,
	0x00, 0x00, 0x08, 0x00, 0x00, 0x00, 0x03, 0x00, 0x2e, 0x69, 0x64, 0x61, 0x74, 0x61, 0x24, 0x34,
	0x90, 0x01, 0x00, 0x00, 0x08, 0x00, 0x00, 0x00, 0x03, 0x00, 0x2e, 0x69, 0x64, 0x61, 0x74, 0x61,
	0x24, 0x36, 0xa4, 0x05, 0x00, 0x00, 0x08, 0x00, 0x00, 0x00, 0x03, 0x00, 0x2e, 0x74, 0x65, 0x78,
	0x74, 0x00, 0x00, 0x00, 0x68, 0x1d, 0x00, 0x00, 0x01, 0x00, 0x00, 0x00, 0x03, 0x00, 0x2e, 0x64,
	0x61, 0x74, 0x61, 0x00, 0x00, 0x00, 0x80, 0x00, 0x00, 0x00, 0x02, 0x00, 0x00, 0x00, 0x03, 0x00,
	0x2e, 0x62, 0x73, 0x73, 0x00, 0x00, 0x00, 0x00, 0x30, 0x03, 0x00, 0x00, 0x06, 0x00, 0x00, 0x00,
	0x03, 0x00, 0x2e, 0x69, 0x64, 0x61, 0x74, 0x61, 0x24, 0x37, 0xb4, 0x06, 0x00, 0x00, 0x08, 0x00,
	0x00, 0x00, 0x03, 0x00, 0x2e, 0x69, 0x64, 0x61, 0x74, 0x61, 0x24, 0x35, 0x18, 0x03, 0x00, 0x00,
	0x08, 0x00, 0x00, 0x00, 0x03, 0x00, 0x2e, 0x69, 0x64, 0x61, 0x74, 0x61, 0x24, 0x34, 0x98, 0x01,
	0x00, 0x00, 0x08, 0x00, 0x00, 0x00, 0x03, 0x00, 0x2e, 0x69, 0x64, 0x61, 0x74, 0x61, 0x24, 0x36,
	0xac, 0x05, 0x00, 0x00, 0x08, 0x00, 0x00, 0x00, 0x03, 0x00, 0x2e, 0x74, 0x65, 0x78, 0x74, 0x00,
	0x00, 0x00, 0x70, 0x1d, 0x00, 0x00, 0x01, 0x00, 0x00, 0x00, 0x03, 0x00, 0x2e, 0x64, 0x61, 0x74,
	0x61, 0x00, 0x00, 0x00, 0x80, 0x00, 0x00, 0x00, 0x02, 0x00, 0x00, 0x00, 0x03, 0x00, 0x2e, 0x62,
	0x73, 0x73, 0x00, 0x00, 0x00, 0x00, 0x30, 0x03, 0x00, 0x00, 0x06, 0x00, 0x00, 0x00, 0x03, 0x00,
	0x2e, 0x69, 0x64, 0x61, 0x74, 0x61, 0x24, 0x37, 0xb8, 0x06, 0x00, 0x00, 0x08, 0x00, 0x00, 0x00,
	0x03, 0x00, 0x2e, 0x69, 0x64, 0x61, 0x74, 0x61, 0x24, 0x35, 0x20, 0x03, 0x00, 0x00, 0x08, 0x00,
	0x00, 0x00, 0x03, 0x00, 0x2e, 0x69, 0x64, 0x61, 0x74, 0x61, 0x24, 0x34, 0xa0, 0x01, 0x00, 0x00,
	0x08, 0x00, 0x00, 0x00, 0x03, 0x00, 0x2e, 0x69, 0x64, 0x61, 0x74, 0x61, 0x24, 0x36, 0xb6, 0x05,
	0x00, 0x00, 0x08, 0x00, 0x00, 0x00, 0x03, 0x00, 0x2e, 0x74, 0x65, 0x78, 0x74, 0x00, 0x00, 0x00,
	0x78, 0x1d, 0x00, 0x00, 0x01, 0x00, 0x00, 0x00, 0x03, 0x00, 0x2e, 0x64, 0x61, 0x74, 0x61, 0x00,
	0x00, 0x00, 0x80, 0x00, 0x00, 0x00, 0x02, 0x00, 0x00, 0x00, 0x03, 0x00, 0x2e, 0x62, 0x73, 0x73,
	0x00, 0x00, 0x00, 0x00, 0x30, 0x03, 0x00, 0x00, 0x06, 0x00, 0x00, 0x00, 0x03, 0x00, 0x2e, 0x69,
	0x64, 0x61, 0x74, 0x61, 0x24, 0x37, 0xbc, 0x06, 0x00, 0x00, 0x08, 0x00, 0x00, 0x00, 0x03, 0x00,
	0x2e, 0x69, 0x64, 0x61, 0x74, 0x61, 0x24, 0x35, 0x28, 0x03, 0x00, 0x00, 0x08, 0x00, 0x00, 0x00,
	0x03, 0x00, 0x2e, 0x69, 0x64, 0x61, 0x74, 0x61, 0x24, 0x34, 0xa8, 0x01, 0x00, 0x00, 0x08, 0x00,
	0x00, 0x00, 0x03, 0x00, 0x2e, 0x69, 0x64, 0x61, 0x74, 0x61, 0x24, 0x36, 0xc0, 0x05, 0x00, 0x00,
	0x08, 0x00, 0x00, 0x00, 0x03, 0x00, 0x2e, 0x74, 0x65, 0x78, 0x74, 0x00, 0x00, 0x00, 0x80, 0x1d,
	0x00, 0x00, 0x01, 0x00, 0x00, 0x00, 0x03, 0x00, 0x2e, 0x64, 0x61, 0x74, 0x61, 0x00, 0x00, 0x00,
	0x80, 0x00, 0x00, 0x00, 0x02, 0x00, 0x00, 0x00, 0x03, 0x00, 0x2e, 0x62, 0x73, 0x73, 0x00, 0x00,
	0x00, 0x00, 0x30, 0x03, 0x00, 0x00, 0x06, 0x00, 0x00, 0x00, 0x03, 0x00, 0x2e, 0x69, 0x64, 0x61,
	0x74, 0x61, 0x24, 0x37, 0xc0, 0x06, 0x00, 0x00, 0x08, 0x00, 0x00, 0x00, 0x03, 0x00, 0x2e, 0x69,
	0x64, 0x61, 0x74, 0x61, 0x24, 0x35, 0x30, 0x03, 0x00, 0x00, 0x08, 0x00, 0x00, 0x00, 0x03, 0x00,
	0x2e, 0x69, 0x64, 0x61, 0x74, 0x61, 0x24, 0x34, 0xb0, 0x01, 0x00, 0x00, 0x08, 0x00, 0x00, 0x00,
	0x03, 0x00, 0x2e, 0x69, 0x64, 0x61, 0x74, 0x61, 0x24, 0x36, 0xca, 0x05, 0x00, 0x00, 0x08, 0x00,
	0x00, 0x00, 0x03, 0x00, 0x2e, 0x74, 0x65, 0x78, 0x74, 0x00, 0x00, 0x00, 0x88, 0x1d, 0x00, 0x00,
	0x01, 0x00, 0x00, 0x00, 0x03, 0x00, 0x2e, 0x64, 0x61, 0x74, 0x61, 0x00, 0x00, 0x00, 0x80, 0x00,
	0x00, 0x00, 0x02, 0x00, 0x00, 0x00, 0x03, 0x00, 0x2e, 0x62, 0x73, 0x73, 0x00, 0x00, 0x00, 0x00,
	0x30, 0x03, 0x00, 0x00, 0x06, 0x00, 0x00, 0x00, 0x03, 0x00, 0x2e, 0x69, 0x64, 0x61, 0x74, 0x61,
	0x24, 0x37, 0xc4, 0x06, 0x00, 0x00, 0x08, 0x00, 0x00, 0x00, 0x03, 0x00, 0x2e, 0x69, 0x64, 0x61,
	0x74, 0x61, 0x24, 0x35, 0x38, 0x03, 0x00, 0x00, 0x08, 0x00, 0x00, 0x00, 0x03, 0x00, 0x2e, 0x69,
	0x64, 0x61, 0x74, 0x61, 0x24, 0x34, 0xb8, 0x01, 0x00, 0x00, 0x08, 0x00, 0x00, 0x00, 0x03, 0x00,
	0x2e, 0x69, 0x64, 0x61, 0x74, 0x61, 0x24, 0x36, 0xd4, 0x05, 0x00, 0x00, 0x08, 0x00, 0x00, 0x00,
	0x03, 0x00, 0x2e, 0x74, 0x65, 0x78, 0x74, 0x00, 0x00, 0x00, 0x90, 0x1d, 0x00, 0x00, 0x01, 0x00,
	0x00, 0x00, 0x03, 0x00, 0x2e, 0x64, 0x61, 0x74, 0x61, 0x00, 0x00, 0x00, 0x80, 0x00, 0x00, 0x00,
	0x02, 0x00, 0x00, 0x00, 0x03, 0x00, 0x2e, 0x62, 0x73, 0x73, 0x00, 0x00, 0x00, 0x00, 0x30, 0x03,
	0x00, 0x00, 0x06, 0x00, 0x00, 0x00, 0x03, 0x00, 0x2e, 0x69, 0x64, 0x61, 0x74, 0x61, 0x24, 0x37,
	0xc8, 0x06, 0x00, 0x00, 0x08, 0x00, 0x00, 0x00, 0x03, 0x00, 0x2e, 0x69, 0x64, 0x61, 0x74, 0x61,
	0x24, 0x35, 0x40, 0x03, 0x00, 0x00, 0x08, 0x00, 0x00, 0x00, 0x03, 0x00, 0x2e, 0x69, 0x64, 0x61,
	0x74, 0x61, 0x24, 0x34, 0xc0, 0x01, 0x00, 0x00, 0x08, 0x00, 0x00, 0x00, 0x03, 0x00, 0x2e, 0x69,
	0x64, 0x61, 0x74, 0x61, 0x24, 0x36, 0xde, 0x05, 0x00, 0x00, 0x08, 0x00, 0x00, 0x00, 0x03, 0x00,
	0x2e, 0x66, 0x69, 0x6c, 0x65, 0x00, 0x00, 0x00, 0x16, 0x02, 0x00, 0x00, 0xfe, 0xff, 0x00, 0x00,
	0x67, 0x01, 0x66, 0x61, 0x6b, 0x65, 0x00, 0x00, 0x00, 0x00, 0x00, 0x00, 0x00, 0x00, 0x00, 0x00,
	0x00, 0x00, 0x00, 0x00, 0x68, 0x6e, 0x61, 0x6d, 0x65, 0x00, 0x00, 0x00, 0x50, 0x01, 0x00, 0x00,
	0x08, 0x00, 0x00, 0x00, 0x03, 0x00, 0x66, 0x74, 0x68, 0x75, 0x6e, 0x6b, 0x00, 0x00, 0xd0, 0x02,
	0x00, 0x00, 0x08, 0x00, 0x00, 0x00, 0x03, 0x00, 0x2e, 0x74, 0x65, 0x78, 0x74, 0x00, 0x00, 0x00,
	0xa0, 0x1d, 0x00, 0x00, 0x01, 0x00, 0x00, 0x00, 0x03, 0x01, 0x00, 0x00, 0x00, 0x00, 0x00, 0x00,
	0x00, 0x00, 0x00, 0x00, 0x00, 0x00, 0x00, 0x00, 0x00, 0x00, 0x00, 0x00, 0x2e, 0x64, 0x61, 0x74,
	0x61, 0x00, 0x00, 0x00, 0x80, 0x00, 0x00, 0x00, 0x02, 0x00, 0x00, 0x00, 0x03, 0x01, 0x00, 0x00,
	0x00, 0x00, 0x00, 0x00, 0x00, 0x00, 0x00, 0x00, 0x00, 0x00, 0x00, 0x00, 0x00, 0x00, 0x00, 0x00,
	0x2e, 0x62, 0x73, 0x73, 0x00, 0x00, 0x00, 0x00, 0x30, 0x03, 0x00, 0x00, 0x06, 0x00, 0x00, 0x00,
	0x03, 0x01, 0x00, 0x00, 0x00, 0x00, 0x00, 0x00, 0x00, 0x00, 0x00, 0x00, 0x00, 0x00, 0x00, 0x00,
	0x00, 0x00, 0x00, 0x00, 0x2e, 0x69, 0x64, 0x61, 0x74, 0x61, 0x24, 0x32, 0x28, 0x00, 0x00, 0x00,
	0x08, 0x00, 0x00, 0x00, 0x03, 0x01, 0x14, 0x00, 0x00, 0x00, 0x03, 0x00, 0x00, 0x00, 0x00, 0x00,
	0x00, 0x00, 0x00, 0x00, 0x00, 0x00, 0x00, 0x00, 0x2e, 0x69, 0x64, 0x61, 0x74, 0x61, 0x24, 0x34,
	0x50, 0x01, 0x00, 0x00, 0x08, 0x00, 0x00, 0x00, 0x03, 0x00, 0x2e, 0x69, 0x64, 0x61, 0x74, 0x61,
	0x24, 0x35, 0xd0, 0x02, 0x00, 0x00, 0x08, 0x00, 0x00, 0x00, 0x03, 0x00, 0x2e, 0x66, 0x69, 0x6c,
	0x65, 0x00, 0x00, 0x00, 0xd3, 0x02, 0x00, 0x00, 0xfe, 0xff, 0x00, 0x00, 0x67, 0x01, 0x66, 0x61,
	0x6b, 0x65, 0x00, 0x00, 0x00, 0x00, 0x00, 0x00, 0x00, 0x00, 0x00, 0x00, 0x00, 0x00, 0x00, 0x00,
	0x2e, 0x74, 0x65, 0x78, 0x74, 0x00, 0x00, 0x00, 0xa0, 0x1d, 0x00, 0x00, 0x01, 0x00, 0x00, 0x00,
	0x03, 0x01, 0x00, 0x00, 0x00, 0x00, 0x00, 0x00, 0x00, 0x00, 0x00, 0x00, 0x00, 0x00, 0x00, 0x00,
	0x00, 0x00, 0x00, 0x00, 0x2e, 0x64, 0x61, 0x74, 0x61, 0x00, 0x00, 0x00, 0x80, 0x00, 0x00, 0x00,
	0x02, 0x00, 0x00, 0x00, 0x03, 0x01, 0x00, 0x00, 0x00, 0x00, 0x00, 0x00, 0x00, 0x00, 0x00, 0x00,
	0x00, 0x00, 0x00, 0x00, 0x00, 0x00, 0x00, 0x00, 0x2e, 0x62, 0x73, 0x73, 0x00, 0x00, 0x00, 0x00,
	0x30, 0x03, 0x00, 0x00, 0x06, 0x00, 0x00, 0x00, 0x03, 0x01, 0x00, 0x00, 0x00, 0x00, 0x00, 0x00,
	0x00, 0x00, 0x00, 0x00, 0x00, 0x00, 0x00, 0x00, 0x00, 0x00, 0x00, 0x00, 0x2e, 0x69, 0x64, 0x61,
	0x74, 0x61, 0x24, 0x34, 0xc8, 0x01, 0x00, 0x00, 0x08, 0x00, 0x00, 0x00, 0x03, 0x01, 0x08, 0x00,
	0x00, 0x00, 0x00, 0x00, 0x00, 0x00, 0x00, 0x00, 0x00, 0x00, 0x00, 0x00, 0x00, 0x00, 0x00, 0x00,
	0x2e, 0x69, 0x64, 0x61, 0x74, 0x61, 0x24, 0x35, 0x48, 0x03, 0x00, 0x00, 0x08, 0x00, 0x00, 0x00,
	0x03, 0x01, 0x08, 0x00, 0x00, 0x00, 0x00, 0x00, 0x00, 0x00, 0x00, 0x00, 0x00, 0x00, 0x00, 0x00,
	0x00, 0x00, 0x00, 0x00, 0x2e, 0x69, 0x64, 0x61, 0x74, 0x61, 0x24, 0x37, 0xcc, 0x06, 0x00, 0x00,
	0x08, 0x00, 0x00, 0x00, 0x03, 0x01, 0x0b, 0x00, 0x00, 0x00, 0x00, 0x00, 0x00, 0x00, 0x00, 0x00,
	0x00, 0x00, 0x00, 0x00, 0x00, 0x00, 0x00, 0x00, 0x2e, 0x74, 0x65, 0x78, 0x74, 0x00, 0x00, 0x00,
	0xa0, 0x1d, 0x00, 0x00, 0x01, 0x00, 0x00, 0x00, 0x03, 0x00, 0x2e, 0x64, 0x61, 0x74, 0x61, 0x00,
	0x00, 0x00, 0x80, 0x00, 0x00, 0x00, 0x02, 0x00, 0x00, 0x00, 0x03, 0x00, 0x2e, 0x62, 0x73, 0x73,
	0x00, 0x00, 0x00, 0x00, 0x30, 0x03, 0x00, 0x00, 0x06, 0x00, 0x00, 0x00, 0x03, 0x00, 0x2e, 0x69,
	0x64, 0x61, 0x74, 0x61, 0x24, 0x37, 0x7c, 0x06, 0x00, 0x00, 0x08, 0x00, 0x00, 0x00, 0x03, 0x00,
	0x2e, 0x69, 0x64, 0x61, 0x74, 0x61, 0x24, 0x35, 0xc0, 0x02, 0x00, 0x00, 0x08, 0x00, 0x00, 0x00,
	0x03, 0x00, 0x2e, 0x69, 0x64, 0x61, 0x74, 0x61, 0x24, 0x34, 0x40, 0x01, 0x00, 0x00, 0x08, 0x00,
	0x00, 0x00, 0x03, 0x00, 0x2e, 0x69, 0x64, 0x61, 0x74, 0x61, 0x24, 0x36, 0x42, 0x05, 0x00, 0x00,
	0x08, 0x00, 0x00, 0x00, 0x03, 0x00, 0x2e, 0x74, 0x65, 0x78, 0x74, 0x00, 0x00, 0x00, 0xa8, 0x1d,
	0x00, 0x00, 0x01, 0x00, 0x00, 0x00, 0x03, 0x00, 0x2e, 0x64, 0x61, 0x74, 0x61, 0x00, 0x00, 0x00,
	0x80, 0x00, 0x00, 0x00, 0x02, 0x00, 0x00, 0x00, 0x03, 0x00, 0x2e, 0x62, 0x73, 0x73, 0x00, 0x00,
	0x00, 0x00, 0x30, 0x03, 0x00, 0x00, 0x06, 0x00, 0x00, 0x00, 0x03, 0x00, 0x2e, 0x69, 0x64, 0x61,
	0x74, 0x61, 0x24, 0x37, 0x78, 0x06, 0x00, 0x00, 0x08, 0x00, 0x00, 0x00, 0x03, 0x00, 0x2e, 0x69,
	0x64, 0x61, 0x74, 0x61, 0x24, 0x35, 0xb8, 0x02, 0x00, 0x00, 0x08, 0x00, 0x00, 0x00, 0x03, 0x00,
	0x2e, 0x69, 0x64, 0x61, 0x74, 0x61, 0x24, 0x34, 0x38, 0x01, 0x00, 0x00, 0x08, 0x00, 0x00, 0x00,
	0x03, 0x00, 0x2e, 0x69, 0x64, 0x61, 0x74, 0x61, 0x24, 0x36, 0x36, 0x05, 0x00, 0x00, 0x08, 0x00,
	0x00, 0x00, 0x03, 0x00, 0x2e, 0x74, 0x65, 0x78, 0x74, 0x00, 0x00, 0x00, 0xb0, 0x1d, 0x00, 0x00,
	0x01, 0x00, 0x00, 0x00, 0x03, 0x00, 0x2e, 0x64, 0x61, 0x74, 0x61, 0x00, 0x00, 0x00, 0x80, 0x00,
	0x00, 0x00, 0x02, 0x00, 0x00, 0x00, 0x03, 0x00, 0x2e, 0x62, 0x73, 0x73, 0x00, 0x00, 0x00, 0x00,
	0x30, 0x03, 0x00, 0x00, 0x06, 0x00, 0x00, 0x00, 0x03, 0x00, 0x2e, 0x69, 0x64, 0x61, 0x74, 0x61,
	0x24, 0x37, 0x74, 0x06, 0x00, 0x00, 0x08, 0x00, 0x00, 0x00, 0x03, 0x00, 0x2e, 0x69, 0x64, 0x61,
	0x74, 0x61, 0x24, 0x35, 0xb0, 0x02, 0x00, 0x00, 0x08, 0x00, 0x00, 0x00, 0x03, 0x00, 0x2e, 0x69,
	0x64, 0x61, 0x74, 0x61, 0x24, 0x34, 0x30, 0x01, 0x00, 0x00, 0x08, 0x00, 0x00, 0x00, 0x03, 0x00,
	0x2e, 0x69, 0x64, 0x61, 0x74, 0x61, 0x24, 0x36, 0x20, 0x05, 0x00, 0x00, 0x08, 0x00, 0x00, 0x00,
	0x03, 0x00, 0x2e, 0x74, 0x65, 0x78, 0x74, 0x00, 0x00, 0x00, 0xb8, 0x1d, 0x00, 0x00, 0x01, 0x00,
	0x00, 0x00, 0x03, 0x00, 0x2e, 0x64, 0x61, 0x74, 0x61, 0x00, 0x00, 0x00, 0x80, 0x00, 0x00, 0x00,
	0x02, 0x00, 0x00, 0x00, 0x03, 0x00, 0x2e, 0x62, 0x73, 0x73, 0x00, 0x00, 0x00, 0x00, 0x30, 0x03,
	0x00, 0x00, 0x06, 0x00, 0x00, 0x00, 0x03, 0x00, 0x2e, 0x69, 0x64, 0x61, 0x74, 0x61, 0x24, 0x37,
	0x70, 0x06, 0x00, 0x00, 0x08, 0x00, 0x00, 0x00, 0x03, 0x00, 0x2e, 0x69, 0x64, 0x61, 0x74, 0x61,
	0x24, 0x35, 0xa8, 0x02, 0x00, 0x00, 0x08, 0x00, 0x00, 0x00, 0x03, 0x00, 0x2e, 0x69, 0x64, 0x61,
	0x74, 0x61, 0x24, 0x34, 0x28, 0x01, 0x00, 0x00, 0x08, 0x00, 0x00, 0x00, 0x03, 0x00, 0x2e, 0x69,
	0x64, 0x61, 0x74, 0x61, 0x24, 0x36, 0x10, 0x05, 0x00, 0x00, 0x08, 0x00, 0x00, 0x00, 0x03, 0x00,
	0x2e, 0x74, 0x65, 0x78, 0x74, 0x00, 0x00, 0x00, 0xc0, 0x1d, 0x00, 0x00, 0x01, 0x00, 0x00, 0x00,
	0x03, 0x00, 0x2e, 0x64, 0x61, 0x74, 0x61, 0x00, 0x00, 0x00, 0x80, 0x00, 0x00, 0x00, 0x02, 0x00,
	0x00, 0x00, 0x03, 0x00, 0x2e, 0x62, 0x73, 0x73, 0x00, 0x00, 0x00, 0x00, 0x30, 0x03, 0x00, 0x00,
	0x06, 0x00, 0x00, 0x00, 0x03, 0x00, 0x2e, 0x69, 0x64, 0x61, 0x74, 0x61, 0x24, 0x37, 0x6c, 0x06,
	0x00, 0x00, 0x08, 0x00, 0x00, 0x00, 0x03, 0x00, 0x2e, 0x69, 0x64, 0x61, 0x74, 0x61, 0x24, 0x35,
	0xa0, 0x02, 0x00, 0x00, 0x08, 0x00, 0x00, 0x00, 0x03, 0x00, 0x2e, 0x69, 0x64, 0x61, 0x74, 0x61,
	0x24, 0x34, 0x20, 0x01, 0x00, 0x00, 0x08, 0x00, 0x00, 0x00, 0x03, 0x00, 0x2e, 0x69, 0x64, 0x61,
	0x74, 0x61, 0x24, 0x36, 0xfe, 0x04, 0x00, 0x00, 0x08, 0x00, 0x00, 0x00, 0x03, 0x00, 0x2e, 0x74,
	0x65, 0x78, 0x74, 0x00, 0x00, 0x00, 0xc8, 0x1d, 0x00, 0x00, 0x01, 0x00, 0x00, 0x00, 0x03, 0x00,
	0x2e, 0x64, 0x61, 0x74, 0x61, 0x00, 0x00, 0x00, 0x80, 0x00, 0x00, 0x00, 0x02, 0x00, 0x00, 0x00,
	0x03, 0x00, 0x2e, 0x62, 0x73, 0x73, 0x00, 0x00, 0x00, 0x00, 0x30, 0x03, 0x00, 0x00, 0x06, 0x00,
	0x00, 0x00, 0x03, 0x00, 0x2e, 0x69, 0x64, 0x61, 0x74, 0x61, 0x24, 0x37, 0x68, 0x06, 0x00, 0x00,
	0x08, 0x00, 0x00, 0x00, 0x03, 0x00, 0x2e, 0x69, 0x64, 0x61, 0x74, 0x61, 0x24, 0x35, 0x98, 0x02,
	0x00, 0x00, 0x08, 0x00, 0x00, 0x00, 0x03, 0x00, 0x2e, 0x69, 0x64, 0x61, 0x74, 0x61, 0x24, 0x34,
	0x18, 0x01, 0x00, 0x00, 0x08, 0x00, 0x00, 0x00, 0x03, 0x00, 0x2e, 0x69, 0x64, 0x61, 0x74, 0x61,
	0x24, 0x36, 0xf0, 0x04, 0x00, 0x00, 0x08, 0x00, 0x00, 0x00, 0x03, 0x00, 0x2e, 0x74, 0x65, 0x78,
	0x74, 0x00, 0x00, 0x00, 0xd0, 0x1d, 0x00, 0x00, 0x01, 0x00, 0x00, 0x00, 0x03, 0x00, 0x2e, 0x64,
	0x61, 0x74, 0x61, 0x00, 0x00, 0x00, 0x80, 0x00, 0x00, 0x00, 0x02, 0x00, 0x00, 0x00, 0x03, 0x00,
	0x2e, 0x62, 0x73, 0x73, 0x00, 0x00, 0x00, 0x00, 0x30, 0x03, 0x00, 0x00, 0x06, 0x00, 0x00, 0x00,
	0x03, 0x00, 0x2e, 0x69, 0x64, 0x61, 0x74, 0x61, 0x24, 0x37, 0x64, 0x06, 0x00, 0x00, 0x08, 0x00,
	0x00, 0x00, 0x03, 0x00, 0x2e, 0x69, 0x64, 0x61, 0x74, 0x61, 0x24, 0x35, 0x90, 0x02, 0x00, 0x00,
	0x08, 0x00, 0x00, 0x00, 0x03, 0x00, 0x2e, 0x69, 0x64, 0x61, 0x74, 0x61, 0x24, 0x34, 0x10, 0x01,
	0x00, 0x00, 0x08, 0x00, 0x00, 0x00, 0x03, 0x00, 0x2e, 0x69, 0x64, 0x61, 0x74, 0x61, 0x24, 0x36,
	0xe8, 0x04, 0x00, 0x00, 0x08, 0x00, 0x00, 0x00, 0x03, 0x00, 0x2e, 0x74, 0x65, 0x78, 0x74, 0x00,
	0x00, 0x00, 0xd8, 0x1d, 0x00, 0x00, 0x01, 0x00, 0x00, 0x00, 0x03, 0x00, 0x2e, 0x64, 0x61, 0x74,
	0x61, 0x00, 0x00, 0x00, 0x80, 0x00, 0x00, 0x00, 0x02, 0x00, 0x00, 0x00, 0x03, 0x00, 0x2e, 0x62,
	0x73, 0x73, 0x00, 0x00, 0x00, 0x00, 0x30, 0x03, 0x00, 0x00, 0x06, 0x00, 0x00, 0x00, 0x03, 0x00,
	0x2e, 0x69, 0x64, 0x61, 0x74, 0x61, 0x24, 0x37, 0x60, 0x06, 0x00, 0x00, 0x08, 0x00, 0x00, 0x00,
	0x03, 0x00, 0x2e, 0x69, 0x64, 0x61, 0x74, 0x61, 0x24, 0x35, 0x88, 0x02, 0x00, 0x00, 0x08, 0x00,
	0x00, 0x00, 0x03, 0x00, 0x2e, 0x69, 0x64, 0x61, 0x74, 0x61, 0x24, 0x34, 0x08, 0x01, 0x00, 0x00,
	0x08, 0x00, 0x00, 0x00, 0x03, 0x00, 0x2e, 0x69, 0x64, 0x61, 0x74, 0x61, 0x24, 0x36, 0xdc, 0x04,
	0x00, 0x00, 0x08, 0x00, 0x00, 0x00, 0x03, 0x00, 0x2e, 0x74, 0x65, 0x78, 0x74, 0x00, 0x00, 0x00,
	0xe0, 0x1d, 0x00, 0x00, 0x01, 0x00, 0x00, 0x00, 0x03, 0x00, 0x2e, 0x64, 0x61, 0x74, 0x61, 0x00,
	0x00, 0x00, 0x80, 0x00, 0x00, 0x00, 0x02, 0x00, 0x00, 0x00, 0x03, 0x00, 0x2e, 0x62, 0x73, 0x73,
	0x00, 0x00, 0x00, 0x00, 0x30, 0x03, 0x00, 0x00, 0x06, 0x00, 0x00, 0x00, 0x03, 0x00, 0x2e, 0x69,
	0x64, 0x61, 0x74, 0x61, 0x24, 0x37, 0x5c, 0x06, 0x00, 0x00, 0x08, 0x00, 0x00, 0x00, 0x03, 0x00,
	0x2e, 0x69, 0x64, 0x61, 0x74, 0x61, 0x24, 0x35, 0x80, 0x02, 0x00, 0x00, 0x08, 0x00, 0x00, 0x00,
	0x03, 0x00, 0x2e, 0x69, 0x64, 0x61, 0x74, 0x61, 0x24, 0x34, 0x00, 0x01, 0x00, 0x00, 0x08, 0x00,
	0x00, 0x00, 0x03, 0x00, 0x2e, 0x69, 0x64, 0x61, 0x74, 0x61, 0x24, 0x36, 0xc6, 0x04, 0x00, 0x00,
	0x08, 0x00, 0x00, 0x00, 0x03, 0x00, 0x2e, 0x74, 0x65, 0x78, 0x74, 0x00, 0x00, 0x00, 0xe8, 0x1d,
	0x00, 0x00, 0x01, 0x00, 0x00, 0x00, 0x03, 0x00, 0x2e, 0x64, 0x61, 0x74, 0x61, 0x00, 0x00, 0x00,
	0x80, 0x00, 0x00, 0x00, 0x02, 0x00, 0x00, 0x00, 0x03, 0x00, 0x2e, 0x62, 0x73, 0x73, 0x00, 0x00,
	0x00, 0x00, 0x30, 0x03, 0x00, 0x00, 0x06, 0x00, 0x00, 0x00, 0x03, 0x00, 0x2e, 0x69, 0x64, 0x61,
	0x74, 0x61, 0x24, 0x37, 0x58, 0x06, 0x00, 0x00, 0x08, 0x00, 0x00, 0x00, 0x03, 0x00, 0x2e, 0x69,
	0x64, 0x61, 0x74, 0x61, 0x24, 0x35, 0x78, 0x02, 0x00, 0x00, 0x08, 0x00, 0x00, 0x00, 0x03, 0x00,
	0x2e, 0x69, 0x64, 0x61, 0x74, 0x61, 0x24, 0x34, 0xf8, 0x00, 0x00, 0x00, 0x08, 0x00, 0x00, 0x00,
	0x03, 0x00, 0x2e, 0x69, 0x64, 0x61, 0x74, 0x61, 0x24, 0x36, 0xba, 0x04, 0x00, 0x00, 0x08, 0x00,
	0x00, 0x00, 0x03, 0x00, 0x2e, 0x74, 0x65, 0x78, 0x74, 0x00, 0x00, 0x00, 0xf0, 0x1d, 0x00, 0x00,
	0x01, 0x00, 0x00, 0x00, 0x03, 0x00, 0x2e, 0x64, 0x61, 0x74, 0x61, 0x00, 0x00, 0x00, 0x80, 0x00,
	0x00, 0x00, 0x02, 0x00, 0x00, 0x00, 0x03, 0x00, 0x2e, 0x62, 0x73, 0x73, 0x00, 0x00, 0x00, 0x00,
	0x30, 0x03, 0x00, 0x00, 0x06, 0x00, 0x00, 0x00, 0x03, 0x00, 0x2e, 0x69, 0x64, 0x61, 0x74, 0x61,
	0x24, 0x37, 0x54, 0x06, 0x00, 0x00, 0x08, 0x00, 0x00, 0x00, 0x03, 0x00, 0x2e, 0x69, 0x64, 0x61,
	0x74, 0x61, 0x24, 0x35, 0x70, 0x02, 0x00, 0x00, 0x08, 0x00, 0x00, 0x00, 0x03, 0x00, 0x2e, 0x69,
	0x64, 0x61, 0x74, 0x61, 0x24, 0x34, 0xf0, 0x00, 0x00, 0x00, 0x08, 0x00, 0x00, 0x00, 0x03, 0x00,
	0x2e, 0x69, 0x64, 0x61, 0x74, 0x61, 0x24, 0x36, 0xac, 0x04, 0x00, 0x00, 0x08, 0x00, 0x00, 0x00,
	0x03, 0x00, 0x2e, 0x74, 0x65, 0x78, 0x74, 0x00, 0x00, 0x00, 0xf8, 0x1d, 0x00, 0x00, 0x01, 0x00,
	0x00, 0x00, 0x03, 0x00, 0x2e, 0x64, 0x61, 0x74, 0x61, 0x00, 0x00, 0x00, 0x80, 0x00, 0x00, 0x00,
	0x02, 0x00, 0x00, 0x00, 0x03, 0x00, 0x2e, 0x62, 0x73, 0x73, 0x00, 0x00, 0x00, 0x00, 0x30, 0x03,
	0x00, 0x00, 0x06, 0x00, 0x00, 0x00, 0x03, 0x00, 0x2e, 0x69, 0x64, 0x61, 0x74, 0x61, 0x24, 0x37,
	0x50, 0x06, 0x00, 0x00, 0x08, 0x00, 0x00, 0x00, 0x03, 0x00, 0x2e, 0x69, 0x64, 0x61, 0x74, 0x61,
	0x24, 0x35, 0x68, 0x02, 0x00, 0x00, 0x08, 0x00, 0x00, 0x00, 0x03, 0x00, 0x2e, 0x69, 0x64, 0x61,
	0x74, 0x61, 0x24, 0x34, 0xe8, 0x00, 0x00, 0x00, 0x08, 0x00, 0x00, 0x00, 0x03, 0x00, 0x2e, 0x69,
	0x64, 0x61, 0x74, 0x61, 0x24, 0x36, 0x94, 0x04, 0x00, 0x00, 0x08, 0x00, 0x00, 0x00, 0x03, 0x00,
	0x2e, 0x74, 0x65, 0x78, 0x74, 0x00, 0x00, 0x00, 0x00, 0x1e, 0x00, 0x00, 0x01, 0x00, 0x00, 0x00,
	0x03, 0x00, 0x2e, 0x64, 0x61, 0x74, 0x61, 0x00, 0x00, 0x00, 0x80, 0x00, 0x00, 0x00, 0x02, 0x00,
	0x00, 0x00, 0x03, 0x00, 0x2e, 0x62, 0x73, 0x73, 0x00, 0x00, 0x00, 0x00, 0x30, 0x03, 0x00, 0x00,
	0x06, 0x00, 0x00, 0x00, 0x03, 0x00, 0x2e, 0x69, 0x64, 0x61, 0x74, 0x61, 0x24, 0x37, 0x4c, 0x06,
	0x00, 0x00, 0x08, 0x00, 0x00, 0x00, 0x03, 0x00, 0x2e, 0x69, 0x64, 0x61, 0x74, 0x61, 0x24, 0x35,
	0x60, 0x02, 0x00, 0x00, 0x08, 0x00, 0x00, 0x00, 0x03, 0x00, 0x2e, 0x69, 0x64, 0x61, 0x74, 0x61,
	0x24, 0x34, 0xe0, 0x00, 0x00, 0x00, 0x08, 0x00, 0x00, 0x00, 0x03, 0x00, 0x2e, 0x69, 0x64, 0x61,
	0x74, 0x61, 0x24, 0x36, 0x78, 0x04, 0x00, 0x00, 0x08, 0x00, 0x00, 0x00, 0x03, 0x00, 0x2e, 0x74,
	0x65, 0x78, 0x74, 0x00, 0x00, 0x00, 0x08, 0x1e, 0x00, 0x00, 0x01, 0x00, 0x00, 0x00, 0x03, 0x00,
	0x2e, 0x64, 0x61, 0x74, 0x61, 0x00, 0x00, 0x00, 0x80, 0x00, 0x00, 0x00, 0x02, 0x00, 0x00, 0x00,
	0x03, 0x00, 0x2e, 0x62, 0x73, 0x73, 0x00, 0x00, 0x00, 0x00, 0x30, 0x03, 0x00, 0x00, 0x06, 0x00,
	0x00, 0x00, 0x03, 0x00, 0x2e, 0x69, 0x64, 0x61, 0x74, 0x61, 0x24, 0x37, 0x48, 0x06, 0x00, 0x00,
	0x08, 0x00, 0x00, 0x00, 0x03, 0x00, 0x2e, 0x69, 0x64, 0x61, 0x74, 0x61, 0x24, 0x35, 0x58, 0x02,
	0x00, 0x00, 0x08, 0x00, 0x00, 0x00, 0x03, 0x00, 0x2e, 0x69, 0x64, 0x61, 0x74, 0x61, 0x24, 0x34,
	0xd8, 0x00, 0x00, 0x00, 0x08, 0x00, 0x00, 0x00, 0x03, 0x00, 0x2e, 0x69, 0x64, 0x61, 0x74, 0x61,
	0x24, 0x36, 0x68, 0x04, 0x00, 0x00, 0x08, 0x00, 0x00, 0x00, 0x03, 0x00, 0x2e, 0x74, 0x65, 0x78,
	0x74, 0x00, 0x00, 0x00, 0x10, 0x1e, 0x00, 0x00, 0x01, 0x00, 0x00, 0x00, 0x03, 0x00, 0x2e, 0x64,
	0x61, 0x74, 0x61, 0x00, 0x00, 0x00, 0x80, 0x00, 0x00, 0x00, 0x02, 0x00, 0x00, 0x00, 0x03, 0x00,
	0x2e, 0x62, 0x73, 0x73, 0x00, 0x00, 0x00, 0x00, 0x30, 0x03, 0x00, 0x00, 0x06, 0x00, 0x00, 0x00,
	0x03, 0x00, 0x2e, 0x69, 0x64, 0x61, 0x74, 0x61, 0x24, 0x37, 0x44, 0x06, 0x00, 0x00, 0x08, 0x00,
	0x00, 0x00, 0x03, 0x00, 0x2e, 0x69, 0x64, 0x61, 0x74, 0x61, 0x24, 0x35, 0x50, 0x02, 0x00, 0x00,
	0x08, 0x00, 0x00, 0x00, 0x03, 0x00, 0x2e, 0x69, 0x64, 0x61, 0x74, 0x61, 0x24, 0x34, 0xd0, 0x00,
	0x00, 0x00, 0x08, 0x00, 0x00, 0x00, 0x03, 0x00, 0x2e, 0x69, 0x64, 0x61, 0x74, 0x61, 0x24, 0x36,
	0x58, 0x04, 0x00, 0x00, 0x08, 0x00, 0x00, 0x00, 0x03, 0x00, 0x2e, 0x74, 0x65, 0x78, 0x74, 0x00,
	0x00, 0x00, 0x18, 0x1e, 0x00, 0x00, 0x01, 0x00, 0x00, 0x00, 0x03, 0x00, 0x2e, 0x64, 0x61, 0x74,
	0x61, 0x00, 0x00, 0x00, 0x80, 0x00, 0x00, 0x00, 0x02, 0x00, 0x00, 0x00, 0x03, 0x00, 0x2e, 0x62,
	0x73, 0x73, 0x00, 0x00, 0x00, 0x00, 0x30, 0x03, 0x00, 0x00, 0x06, 0x00, 0x00, 0x00, 0x03, 0x00,
	0x2e, 0x69, 0x64, 0x61, 0x74, 0x61, 0x24, 0x37, 0x40, 0x06, 0x00, 0x00, 0x08, 0x00, 0x00, 0x00,
	0x03, 0x00, 0x2e, 0x69, 0x64, 0x61, 0x74, 0x61, 0x24, 0x35, 0x48, 0x02, 0x00, 0x00, 0x08, 0x00,
	0x00, 0x00, 0x03, 0x00, 0x2e, 0x69, 0x64, 0x61, 0x74, 0x61, 0x24, 0x34, 0xc8, 0x00, 0x00, 0x00,
	0x08, 0x00, 0x00, 0x00, 0x03, 0x00, 0x2e, 0x69, 0x64, 0x61, 0x74, 0x61, 0x24, 0x36, 0x42, 0x04,
	0x00, 0x00, 0x08, 0x00, 0x00, 0x00, 0x03, 0x00, 0x2e, 0x74, 0x65, 0x78, 0x74, 0x00, 0x00, 0x00,
	0x20, 0x1e, 0x00, 0x00, 0x01, 0x00, 0x00, 0x00, 0x03, 0x00, 0x2e, 0x64, 0x61, 0x74, 0x61, 0x00,
	0x00, 0x00, 0x80, 0x00, 0x00, 0x00, 0x02, 0x00, 0x00, 0x00, 0x03, 0x00, 0x2e, 0x62, 0x73, 0x73,
	0x00, 0x00, 0x00, 0x00, 0x30, 0x03, 0x00, 0x00, 0x06, 0x00, 0x00, 0x00, 0x03, 0x00, 0x2e, 0x69,
	0x64, 0x61, 0x74, 0x61, 0x24, 0x37, 0x3c, 0x06, 0x00, 0x00, 0x08, 0x00, 0x00, 0x00, 0x03, 0x00,
	0x2e, 0x69, 0x64, 0x61, 0x74, 0x61, 0x24, 0x35, 0x40, 0x02, 0x00, 0x00, 0x08, 0x00, 0x00, 0x00,
	0x03, 0x00, 0x2e, 0x69, 0x64, 0x61, 0x74, 0x61, 0x24, 0x34, 0xc0, 0x00, 0x00, 0x00, 0x08, 0x00,
	0x00, 0x00, 0x03, 0x00, 0x2e, 0x69, 0x64, 0x61, 0x74, 0x61, 0x24, 0x36, 0x28, 0x04, 0x00, 0x00,
	0x08, 0x00, 0x00, 0x00, 0x03, 0x00, 0x2e, 0x74, 0x65, 0x78, 0x74, 0x00, 0x00, 0x00, 0x28, 0x1e,
	0x00, 0x00, 0x01, 0x00, 0x00, 0x00, 0x03, 0x00, 0x2e, 0x64, 0x61, 0x74, 0x61, 0x00, 0x00, 0x00,
	0x80, 0x00, 0x00, 0x00, 0x02, 0x00, 0x00, 0x00, 0x03, 0x00, 0x2e, 0x62, 0x73, 0x73, 0x00, 0x00,
	0x00, 0x00, 0x30, 0x03, 0x00, 0x00, 0x06, 0x00, 0x00, 0x00, 0x03, 0x00, 0x2e, 0x69, 0x64, 0x61,
	0x74, 0x61, 0x24, 0x37, 0x38, 0x06, 0x00, 0x00, 0x08, 0x00, 0x00, 0x00, 0x03, 0x00, 0x2e, 0x69,
	0x64, 0x61, 0x74, 0x61, 0x24, 0x35, 0x38, 0x02, 0x00, 0x00, 0x08, 0x00, 0x00, 0x00, 0x03, 0x00,
	0x2e, 0x69, 0x64, 0x61, 0x74, 0x61, 0x24, 0x34, 0xb8, 0x00, 0x00, 0x00, 0x08, 0x00, 0x00, 0x00,
	0x03, 0x00, 0x2e, 0x69, 0x64, 0x61, 0x74, 0x61, 0x24, 0x36, 0x12, 0x04, 0x00, 0x00, 0x08, 0x00,
	0x00, 0x00, 0x03, 0x00, 0x2e, 0x74, 0x65, 0x78, 0x74, 0x00, 0x00, 0x00, 0x30, 0x1e, 0x00, 0x00,
	0x01, 0x00, 0x00, 0x00, 0x03, 0x00, 0x2e, 0x64, 0x61, 0x74, 0x61, 0x00, 0x00, 0x00, 0x80, 0x00,
	0x00, 0x00, 0x02, 0x00, 0x00, 0x00, 0x03, 0x00, 0x2e, 0x62, 0x73, 0x73, 0x00, 0x00, 0x00, 0x00,
	0x30, 0x03, 0x00, 0x00, 0x06, 0x00, 0x00, 0x00, 0x03, 0x00, 0x2e, 0x69, 0x64, 0x61, 0x74, 0x61,
	0x24, 0x37, 0x34, 0x06, 0x00, 0x00, 0x08, 0x00, 0x00, 0x00, 0x03, 0x00, 0x2e, 0x69, 0x64, 0x61,
	0x74, 0x61, 0x24, 0x35, 0x30, 0x02, 0x00, 0x00, 0x08, 0x00, 0x00, 0x00, 0x03, 0x00, 0x2e, 0x69,
	0x64, 0x61, 0x74, 0x61, 0x24, 0x34, 0xb0, 0x00, 0x00, 0x00, 0x08, 0x00, 0x00, 0x00, 0x03, 0x00,
	0x2e, 0x69, 0x64, 0x61, 0x74, 0x61, 0x24, 0x36, 0xfe, 0x03, 0x00, 0x00, 0x08, 0x00, 0x00, 0x00,
	0x03, 0x00, 0x2e, 0x74, 0x65, 0x78, 0x74, 0x00, 0x00, 0x00, 0x38, 0x1e, 0x00, 0x00, 0x01, 0x00,
	0x00, 0x00, 0x03, 0x00, 0x2e, 0x64, 0x61, 0x74, 0x61, 0x00, 0x00, 0x00, 0x80, 0x00, 0x00, 0x00,
	0x02, 0x00, 0x00, 0x00, 0x03, 0x00, 0x2e, 0x62, 0x73, 0x73, 0x00, 0x00, 0x00, 0x00, 0x30, 0x03,
	0x00, 0x00, 0x06, 0x00, 0x00, 0x00, 0x03, 0x00, 0x2e, 0x69, 0x64, 0x61, 0x74, 0x61, 0x24, 0x37,
	0x30, 0x06, 0x00, 0x00, 0x08, 0x00, 0x00, 0x00, 0x03, 0x00, 0x2e, 0x69, 0x64, 0x61, 0x74, 0x61,
	0x24, 0x35, 0x28, 0x02, 0x00, 0x00, 0x08, 0x00, 0x00, 0x00, 0x03, 0x00, 0x2e, 0x69, 0x64, 0x61,
	0x74, 0x61, 0x24, 0x34, 0xa8, 0x00, 0x00, 0x00, 0x08, 0x00, 0x00, 0x00, 0x03, 0x00, 0x2e, 0x69,
	0x64, 0x61, 0x74, 0x61, 0x24, 0x36, 0xe6, 0x03, 0x00, 0x00, 0x08, 0x00, 0x00, 0x00, 0x03, 0x00,
	0x2e, 0x74, 0x65, 0x78, 0x74, 0x00, 0x00, 0x00, 0x40, 0x1e, 0x00, 0x00, 0x01, 0x00, 0x00, 0x00,
	0x03, 0x00, 0x2e, 0x64, 0x61, 0x74, 0x61, 0x00, 0x00, 0x00, 0x80, 0x00, 0x00, 0x00, 0x02, 0x00,
	0x00, 0x00, 0x03, 0x00, 0x2e, 0x62, 0x73, 0x73, 0x00, 0x00, 0x00, 0x00, 0x30, 0x03, 0x00, 0x00,
	0x06, 0x00, 0x00, 0x00, 0x03, 0x00, 0x2e, 0x69, 0x64, 0x61, 0x74, 0x61, 0x24, 0x37, 0x2c, 0x06,
	0x00, 0x00, 0x08, 0x00, 0x00, 0x00, 0x03, 0x00, 0x2e, 0x69, 0x64, 0x61, 0x74, 0x61, 0x24, 0x35,
	0x20, 0x02, 0x00, 0x00, 0x08, 0x00, 0x00, 0x00, 0x03, 0x00, 0x2e, 0x69, 0x64, 0x61, 0x74, 0x61,
	0x24, 0x34, 0xa0, 0x00, 0x00, 0x00, 0x08, 0x00, 0x00, 0x00, 0x03, 0x00, 0x2e, 0x69, 0x64, 0x61,
	0x74, 0x61, 0x24, 0x36, 0xd8, 0x03, 0x00, 0x00, 0x08, 0x00, 0x00, 0x00, 0x03, 0x00, 0x2e, 0x74,
	0x65, 0x78, 0x74, 0x00, 0x00, 0x00, 0x48, 0x1e, 0x00, 0x00, 0x01, 0x00, 0x00, 0x00, 0x03, 0x00,
	0x2e, 0x64, 0x61, 0x74, 0x61, 0x00, 0x00, 0x00, 0x80, 0x00, 0x00, 0x00, 0x02, 0x00, 0x00, 0x00,
	0x03, 0x00, 0x2e, 0x62, 0x73, 0x73, 0x00, 0x00, 0x00, 0x00, 0x30, 0x03, 0x00, 0x00, 0x06, 0x00,
	0x00, 0x00, 0x03, 0x00, 0x2e, 0x69, 0x64, 0x61, 0x74, 0x61, 0x24, 0x37, 0x28, 0x06, 0x00, 0x00,
	0x08, 0x00, 0x00, 0x00, 0x03, 0x00, 0x2e, 0x69, 0x64, 0x61, 0x74, 0x61, 0x24, 0x35, 0x18, 0x02,
	0x00, 0x00, 0x08, 0x00, 0x00, 0x00, 0x03, 0x00, 0x2e, 0x69, 0x64, 0x61, 0x74, 0x61, 0x24, 0x34,
	0x98, 0x00, 0x00, 0x00, 0x08, 0x00, 0x00, 0x00, 0x03, 0x00, 0x2e, 0x69, 0x64, 0x61, 0x74, 0x61,
	0x24, 0x36, 0xc0, 0x03, 0x00, 0x00, 0x08, 0x00, 0x00, 0x00, 0x03, 0x00, 0x2e, 0x74, 0x65, 0x78,
	0x74, 0x00, 0x00, 0x00, 0x50, 0x1e, 0x00, 0x00, 0x01, 0x00, 0x00, 0x00, 0x03, 0x00, 0x2e, 0x64,
	0x61, 0x74, 0x61, 0x00, 0x00, 0x00, 0x80, 0x00, 0x00, 0x00, 0x02, 0x00, 0x00, 0x00, 0x03, 0x00,
	0x2e, 0x62, 0x73, 0x73, 0x00, 0x00, 0x00, 0x00, 0x30, 0x03, 0x00, 0x00, 0x06, 0x00, 0x00, 0x00,
	0x03, 0x00, 0x2e, 0x69, 0x64, 0x61, 0x74, 0x61, 0x24, 0x37, 0x24, 0x06, 0x00, 0x00, 0x08, 0x00,
	0x00, 0x00, 0x03, 0x00, 0x2e, 0x69, 0x64, 0x61, 0x74, 0x61, 0x24, 0x35, 0x10, 0x02, 0x00, 0x00,
	0x08, 0x00, 0x00, 0x00, 0x03, 0x00, 0x2e, 0x69, 0x64, 0x61, 0x74, 0x61, 0x24, 0x34, 0x90, 0x00,
	0x00, 0x00, 0x08, 0x00, 0x00, 0x00, 0x03, 0x00, 0x2e, 0x69, 0x64, 0x61, 0x74, 0x61, 0x24, 0x36,
	0xae, 0x03, 0x00, 0x00, 0x08, 0x00, 0x00, 0x00, 0x03, 0x00, 0x2e, 0x74, 0x65, 0x78, 0x74, 0x00,
	0x00, 0x00, 0x58, 0x1e, 0x00, 0x00, 0x01, 0x00, 0x00, 0x00, 0x03, 0x00, 0x2e, 0x64, 0x61, 0x74,
	0x61, 0x00, 0x00, 0x00, 0x80, 0x00, 0x00, 0x00, 0x02, 0x00, 0x00, 0x00, 0x03, 0x00, 0x2e, 0x62,
	0x73, 0x73, 0x00, 0x00, 0x00, 0x00, 0x30, 0x03, 0x00, 0x00, 0x06, 0x00, 0x00, 0x00, 0x03, 0x00,
	0x2e, 0x69, 0x64, 0x61, 0x74, 0x61, 0x24, 0x37, 0x20, 0x06, 0x00, 0x00, 0x08, 0x00, 0x00, 0x00,
	0x03, 0x00, 0x2e, 0x69, 0x64, 0x61, 0x74, 0x61, 0x24, 0x35, 0x08, 0x02, 0x00, 0x00, 0x08, 0x00,
	0x00, 0x00, 0x03, 0x00, 0x2e, 0x69, 0x64, 0x61, 0x74, 0x61, 0x24, 0x34, 0x88, 0x00, 0x00, 0x00,
	0x08, 0x00, 0x00, 0x00, 0x03, 0x00, 0x2e, 0x69, 0x64, 0x61, 0x74, 0x61, 0x24, 0x36, 0xa0, 0x03,
	0x00, 0x00, 0x08, 0x00, 0x00, 0x00, 0x03, 0x00, 0x2e, 0x74, 0x65, 0x78, 0x74, 0x00, 0x00, 0x00,
	0x60, 0x1e, 0x00, 0x00, 0x01, 0x00, 0x00, 0x00, 0x03, 0x00, 0x2e, 0x64, 0x61, 0x74, 0x61, 0x00,
	0x00, 0x00, 0x80, 0x00, 0x00, 0x00, 0x02, 0x00, 0x00, 0x00, 0x03, 0x00, 0x2e, 0x62, 0x73, 0x73,
	0x00, 0x00, 0x00, 0x00, 0x30, 0x03, 0x00, 0x00, 0x06, 0x00, 0x00, 0x00, 0x03, 0x00, 0x2e, 0x69,
	0x64, 0x61, 0x74, 0x61, 0x24, 0x37, 0x1c, 0x06, 0x00, 0x00, 0x08, 0x00, 0x00, 0x00, 0x03, 0x00,
	0x2e, 0x69, 0x64, 0x61, 0x74, 0x61, 0x24, 0x35, 0x00, 0x02, 0x00, 0x00, 0x08, 0x00, 0x00, 0x00,
	0x03, 0x00, 0x2e, 0x69, 0x64, 0x61, 0x74, 0x61, 0x24, 0x34, 0x80, 0x00, 0x00, 0x00, 0x08, 0x00,
	0x00, 0x00, 0x03, 0x00, 0x2e, 0x69, 0x64, 0x61, 0x74, 0x61, 0x24, 0x36, 0x92, 0x03, 0x00, 0x00,
	0x08, 0x00, 0x00, 0x00, 0x03, 0x00, 0x2e, 0x66, 0x69, 0x6c, 0x65, 0x00, 0x00, 0x00, 0xe1, 0x02,
	0x00, 0x00, 0xfe, 0xff, 0x00, 0x00, 0x67, 0x01, 0x66, 0x61, 0x6b, 0x65, 0x00, 0x00, 0x00, 0x00,
	0x00, 0x00, 0x00, 0x00, 0x00, 0x00, 0x00, 0x00, 0x00, 0x00, 0x68, 0x6e, 0x61, 0x6d, 0x65, 0x00,
	0x00, 0x00, 0x80, 0x00, 0x00, 0x00, 0x08, 0x00, 0x00, 0x00, 0x03, 0x00, 0x66, 0x74, 0x68, 0x75,
	0x6e, 0x6b, 0x00, 0x00, 0x00, 0x02, 0x00, 0x00, 0x08, 0x00, 0x00, 0x00, 0x03, 0x00, 0x2e, 0x74,
	0x65, 0x78, 0x74, 0x00, 0x00, 0x00, 0x70, 0x1e, 0x00, 0x00, 0x01, 0x00, 0x00, 0x00, 0x03, 0x01,
	0x00, 0x00, 0x00, 0x00, 0x00, 0x00, 0x00, 0x00, 0x00, 0x00, 0x00, 0x00, 0x00, 0x00, 0x00, 0x00,
	0x00, 0x00, 0x2e, 0x64, 0x61, 0x74, 0x61, 0x00, 0x00, 0x00, 0x80, 0x00, 0x00, 0x00, 0x02, 0x00,
	0x00, 0x00, 0x03, 0x01, 0x00, 0x00, 0x00, 0x00, 0x00, 0x00, 0x00, 0x00, 0x00, 0x00, 0x00, 0x00,
	0x00, 0x00, 0x00, 0x00, 0x00, 0x00, 0x2e, 0x62, 0x73, 0x73, 0x00, 0x00, 0x00, 0x00, 0x30, 0x03,
	0x00, 0x00, 0x06, 0x00, 0x00, 0x00, 0x03, 0x01, 0x00, 0x00, 0x00, 0x00, 0x00, 0x00, 0x00, 0x00,
	0x00, 0x00, 0x00, 0x00, 0x00, 0x00, 0x00, 0x00, 0x00, 0x00, 0x2e, 0x69, 0x64, 0x61, 0x74, 0x61,
	0x24, 0x32, 0x14, 0x00, 0x00, 0x00, 0x08, 0x00, 0x00, 0x00, 0x03, 0x01, 0x14, 0x00, 0x00, 0x00,
	0x03, 0x00, 0x00, 0x00, 0x00, 0x00, 0x00, 0x00, 0x00, 0x00, 0x00, 0x00, 0x00, 0x00, 0x2e, 0x69,
	0x64, 0x61, 0x74, 0x61, 0x24, 0x34, 0x80, 0x00, 0x00, 0x00, 0x08, 0x00, 0x00, 0x00, 0x03, 0x00,
	0x2e, 0x69, 0x64, 0x61, 0x74, 0x61, 0x24, 0x35, 0x00, 0x02, 0x00, 0x00, 0x08, 0x00, 0x00, 0x00,
	0x03, 0x00, 0x2e, 0x66, 0x69, 0x6c, 0x65, 0x00, 0x00, 0x00, 0xfd, 0x02, 0x00, 0x00, 0xfe, 0xff,
	0x00, 0x00, 0x67, 0x01, 0x66, 0x61, 0x6b, 0x65, 0x00, 0x00, 0x00, 0x00, 0x00, 0x00, 0x00, 0x00,
	0x00, 0x00, 0x00, 0x00, 0x00, 0x00, 0x2e, 0x74, 0x65, 0x78, 0x74, 0x00, 0x00, 0x00, 0x70, 0x1e,
	0x00, 0x00, 0x01, 0x00, 0x00, 0x00, 0x03, 0x01, 0x00, 0x00, 0x00, 0x00, 0x00, 0x00, 0x00, 0x00,
	0x00, 0x00, 0x00, 0x00, 0x00, 0x00, 0x00, 0x00, 0x00, 0x00, 0x2e, 0x64, 0x61, 0x74, 0x61, 0x00,
	0x00, 0x00, 0x80, 0x00, 0x00, 0x00, 0x02, 0x00, 0x00, 0x00, 0x03, 0x01, 0x00, 0x00, 0x00, 0x00,
	0x00, 0x00, 0x00, 0x00, 0x00, 0x00, 0x00, 0x00, 0x00, 0x00, 0x00, 0x00, 0x00, 0x00, 0x2e, 0x62,
	0x73, 0x73, 0x00, 0x00, 0x00, 0x00, 0x30, 0x03, 0x00, 0x00, 0x06, 0x00, 0x00, 0x00, 0x03, 0x01,
	0x00, 0x00, 0x00, 0x00, 0x00, 0x00, 0x00, 0x00, 0x00, 0x00, 0x00, 0x00, 0x00, 0x00, 0x00, 0x00,
	0x00, 0x00, 0x2e, 0x69, 0x64, 0x61, 0x74, 0x61, 0x24, 0x34, 0x48, 0x01, 0x00, 0x00, 0x08, 0x00,
	0x00, 0x00, 0x03, 0x01, 0x08, 0x00, 0x00, 0x00, 0x00, 0x00, 0x00, 0x00, 0x00, 0x00, 0x00, 0x00,
	0x00, 0x00, 0x00, 0x00, 0x00, 0x00, 0x2e, 0x69, 0x64, 0x61, 0x74, 0x61, 0x24, 0x35, 0xc8, 0x02,
	0x00, 0x00, 0x08, 0x00, 0x00, 0x00, 0x03, 0x01, 0x08, 0x00, 0x00, 0x00, 0x00, 0x00, 0x00, 0x00,
	0x00, 0x00, 0x00, 0x00, 0x00, 0x00, 0x00, 0x00, 0x00, 0x00, 0x2e, 0x69, 0x64, 0x61, 0x74, 0x61,
	0x24, 0x37, 0x80, 0x06, 0x00, 0x00, 0x08, 0x00, 0x00, 0x00, 0x03, 0x01, 0x0d, 0x00, 0x00, 0x00,
	0x00, 0x00, 0x00, 0x00, 0x00, 0x00, 0x00, 0x00, 0x00, 0x00, 0x00, 0x00, 0x00, 0x00, 0x2e, 0x74,
	0x65, 0x78, 0x74, 0x00, 0x00, 0x00, 0x70, 0x1e, 0x00, 0x00, 0x01, 0x00, 0x00, 0x00, 0x03, 0x00,
	0x2e, 0x64, 0x61, 0x74, 0x61, 0x00, 0x00, 0x00, 0x80, 0x00, 0x00, 0x00, 0x02, 0x00, 0x00, 0x00,
	0x03, 0x00, 0x2e, 0x62, 0x73, 0x73, 0x00, 0x00, 0x00, 0x00, 0x30, 0x03, 0x00, 0x00, 0x06, 0x00,
	0x00, 0x00, 0x03, 0x00, 0x2e, 0x69, 0x64, 0x61, 0x74, 0x61, 0x24, 0x37, 0x08, 0x06, 0x00, 0x00,
	0x08, 0x00, 0x00, 0x00, 0x03, 0x00, 0x2e, 0x69, 0x64, 0x61, 0x74, 0x61, 0x24, 0x35, 0xf0, 0x01,
	0x00, 0x00, 0x08, 0x00, 0x00, 0x00, 0x03, 0x00, 0x2e, 0x69, 0x64, 0x61, 0x74, 0x61, 0x24, 0x34,
	0x70, 0x00, 0x00, 0x00, 0x08, 0x00, 0x00, 0x00, 0x03, 0x00, 0x2e, 0x69, 0x64, 0x61, 0x74, 0x61,
	0x24, 0x36, 0x7e, 0x03, 0x00, 0x00, 0x08, 0x00, 0x00, 0x00, 0x03, 0x00, 0x2e, 0x74, 0x65, 0x78,
	0x74, 0x00, 0x00, 0x00, 0x78, 0x1e, 0x00, 0x00, 0x01, 0x00, 0x00, 0x00, 0x03, 0x00, 0x2e, 0x64,
	0x61, 0x74, 0x61, 0x00, 0x00, 0x00, 0x80, 0x00, 0x00, 0x00, 0x02, 0x00, 0x00, 0x00, 0x03, 0x00,
	0x2e, 0x62, 0x73, 0x73, 0x00, 0x00, 0x00, 0x00, 0x30, 0x03, 0x00, 0x00, 0x06, 0x00, 0x00, 0x00,
	0x03, 0x00, 0x2e, 0x69, 0x64, 0x61, 0x74, 0x61, 0x24, 0x37, 0x04, 0x06, 0x00, 0x00, 0x08, 0x00,
	0x00, 0x00, 0x03, 0x00, 0x2e, 0x69, 0x64, 0x61, 0x74, 0x61, 0x24, 0x35, 0xe8, 0x01, 0x00, 0x00,
	0x08, 0x00, 0x00, 0x00, 0x03, 0x00, 0x2e, 0x69, 0x64, 0x61, 0x74, 0x61, 0x24, 0x34, 0x68, 0x00,
	0x00, 0x00, 0x08, 0x00, 0x00, 0x00, 0x03, 0x00, 0x2e, 0x69, 0x64, 0x61, 0x74, 0x61, 0x24, 0x36,
	0x68, 0x03, 0x00, 0x00, 0x08, 0x00, 0x00, 0x00, 0x03, 0x00, 0x2e, 0x66, 0x69, 0x6c, 0x65, 0x00,
	0x00, 0x00, 0x0b, 0x03, 0x00, 0x00, 0xfe, 0xff, 0x00, 0x00, 0x67, 0x01, 0x66, 0x61, 0x6b, 0x65,
	0x00, 0x00, 0x00, 0x00, 0x00, 0x00, 0x00, 0x00, 0x00, 0x00, 0x00, 0x00, 0x00, 0x00, 0x68, 0x6e,
	0x61, 0x6d, 0x65, 0x00, 0x00, 0x00, 0x68, 0x00, 0x00, 0x00, 0x08, 0x00, 0x00, 0x00, 0x03, 0x00,
	0x66, 0x74, 0x68, 0x75, 0x6e, 0x6b, 0x00, 0x00, 0xe8, 0x01, 0x00, 0x00, 0x08, 0x00, 0x00, 0x00,
	0x03, 0x00, 0x2e, 0x74, 0x65, 0x78, 0x74, 0x00, 0x00, 0x00, 0x80, 0x1e, 0x00, 0x00, 0x01, 0x00,
	0x00, 0x00, 0x03, 0x01, 0x00, 0x00, 0x00, 0x00, 0x00, 0x00, 0x00, 0x00, 0x00, 0x00, 0x00, 0x00,
	0x00, 0x00, 0x00, 0x00, 0x00, 0x00, 0x2e, 0x64, 0x61, 0x74, 0x61, 0x00, 0x00, 0x00, 0x80, 0x00,
	0x00, 0x00, 0x02, 0x00, 0x00, 0x00, 0x03, 0x01, 0x00, 0x00, 0x00, 0x00, 0x00, 0x00, 0x00, 0x00,
	0x00, 0x00, 0x00, 0x00, 0x00, 0x00, 0x00, 0x00, 0x00, 0x00, 0x2e, 0x62, 0x73, 0x73, 0x00, 0x00,
	0x00, 0x00, 0x30, 0x03, 0x00, 0x00, 0x06, 0x00, 0x00, 0x00, 0x03, 0x01, 0x00, 0x00, 0x00, 0x00,
	0x00, 0x00, 0x00, 0x00, 0x00, 0x00, 0x00, 0x00, 0x00, 0x00, 0x00, 0x00, 0x00, 0x00, 0x2e, 0x69,
	0x64, 0x61, 0x74, 0x61, 0x24, 0x32, 0x00, 0x00, 0x00, 0x00, 0x08, 0x00, 0x00, 0x00, 0x03, 0x01,
	0x14, 0x00, 0x00, 0x00, 0x03, 0x00, 0x00, 0x00, 0x00, 0x00, 0x00, 0x00, 0x00, 0x00, 0x00, 0x00,
	0x00, 0x00, 0x2e, 0x69, 0x64, 0x61, 0x74, 0x61, 0x24, 0x34, 0x68, 0x00, 0x00, 0x00, 0x08, 0x00,
	0x00, 0x00, 0x03, 0x00, 0x2e, 0x69, 0x64, 0x61, 0x74, 0x61, 0x24, 0x35, 0xe8, 0x01, 0x00, 0x00,
	0x08, 0x00, 0x00, 0x00, 0x03, 0x00, 0x2e, 0x66, 0x69, 0x6c, 0x65, 0x00, 0x00, 0x00, 0x27, 0x03,
	0x00, 0x00, 0xfe, 0xff, 0x00, 0x00, 0x67, 0x01, 0x66, 0x61, 0x6b, 0x65, 0x00, 0x00, 0x00, 0x00,
	0x00, 0x00, 0x00, 0x00, 0x00, 0x00, 0x00, 0x00, 0x00, 0x00, 0x2e, 0x74, 0x65, 0x78, 0x74, 0x00,
	0x00, 0x00, 0x80, 0x1e, 0x00, 0x00, 0x01, 0x00, 0x00, 0x00, 0x03, 0x01, 0x00, 0x00, 0x00, 0x00,
	0x00, 0x00, 0x00, 0x00, 0x00, 0x00, 0x00, 0x00, 0x00, 0x00, 0x00, 0x00, 0x00, 0x00, 0x2e, 0x64,
	0x61, 0x74, 0x61, 0x00, 0x00, 0x00, 0x80, 0x00, 0x00, 0x00, 0x02, 0x00, 0x00, 0x00, 0x03, 0x01,
	0x00, 0x00, 0x00, 0x00, 0x00, 0x00, 0x00, 0x00, 0x00, 0x00, 0x00, 0x00, 0x00, 0x00, 0x00, 0x00,
	0x00, 0x00, 0x2e, 0x62, 0x73, 0x73, 0x00, 0x00, 0x00, 0x00, 0x30, 0x03, 0x00, 0x00, 0x06, 0x00,
	0x00, 0x00, 0x03, 0x01, 0x00, 0x00, 0x00, 0x00, 0x00, 0x00, 0x00, 0x00, 0x00, 0x00, 0x00, 0x00,
	0x00, 0x00, 0x00, 0x00, 0x00, 0x00, 0x2e, 0x69, 0x64, 0x61, 0x74, 0x61, 0x24, 0x34, 0x78, 0x00,
	0x00, 0x00, 0x08, 0x00, 0x00, 0x00, 0x03, 0x01, 0x08, 0x00, 0x00, 0x00, 0x00, 0x00, 0x00, 0x00,
	0x00, 0x00, 0x00, 0x00, 0x00, 0x00, 0x00, 0x00, 0x00, 0x00, 0x2e, 0x69, 0x64, 0x61, 0x74, 0x61,
	0x24, 0x35, 0xf8, 0x01, 0x00, 0x00, 0x08, 0x00, 0x00, 0x00, 0x03, 0x01, 0x08, 0x00, 0x00, 0x00,
	0x00, 0x00, 0x00, 0x00, 0x00, 0x00, 0x00, 0x00, 0x00, 0x00, 0x00, 0x00, 0x00, 0x00, 0x2e, 0x69,
	0x64, 0x61, 0x74, 0x61, 0x24, 0x37, 0x0c, 0x06, 0x00, 0x00, 0x08, 0x00, 0x00, 0x00, 0x03, 0x01,
	0x0d, 0x00, 0x00, 0x00, 0x00, 0x00, 0x00, 0x00, 0x00, 0x00, 0x00, 0x00, 0x00, 0x00, 0x00, 0x00,
	0x00, 0x00, 0x2e, 0x74, 0x65, 0x78, 0x74, 0x00, 0x00, 0x00, 0x80, 0x1e, 0x00, 0x00, 0x01, 0x00,
	0x00, 0x00, 0x03, 0x00, 0x2e, 0x64, 0x61, 0x74, 0x61, 0x00, 0x00, 0x00, 0x80, 0x00, 0x00, 0x00,
	0x02, 0x00, 0x00, 0x00, 0x03, 0x00, 0x2e, 0x62, 0x73, 0x73, 0x00, 0x00, 0x00, 0x00, 0x30, 0x03,
	0x00, 0x00, 0x06, 0x00, 0x00, 0x00, 0x03, 0x00, 0x2e, 0x69, 0x64, 0x61, 0x74, 0x61, 0x24, 0x37,
	0xdc, 0x06, 0x00, 0x00, 0x08, 0x00, 0x00, 0x00, 0x03, 0x00, 0x2e, 0x69, 0x64, 0x61, 0x74, 0x61,
	0x24, 0x35, 0x58, 0x03, 0x00, 0x00, 0x08, 0x00, 0x00, 0x00, 0x03, 0x00, 0x2e, 0x69, 0x64, 0x61,
	0x74, 0x61, 0x24, 0x34, 0xd8, 0x01, 0x00, 0x00, 0x08, 0x00, 0x00, 0x00, 0x03, 0x00, 0x2e, 0x69,
	0x64, 0x61, 0x74, 0x61, 0x24, 0x36, 0xf6, 0x05, 0x00, 0x00, 0x08, 0x00, 0x00, 0x00, 0x03, 0x00,
	0x2e, 0x74, 0x65, 0x78, 0x74, 0x00, 0x00, 0x00, 0x88, 0x1e, 0x00, 0x00, 0x01, 0x00, 0x00, 0x00,
	0x03, 0x00, 0x2e, 0x64, 0x61, 0x74, 0x61, 0x00, 0x00, 0x00, 0x80, 0x00, 0x00, 0x00, 0x02, 0x00,
	0x00, 0x00, 0x03, 0x00, 0x2e, 0x62, 0x73, 0x73, 0x00, 0x00, 0x00, 0x00, 0x30, 0x03, 0x00, 0x00,
	0x06, 0x00, 0x00, 0x00, 0x03, 0x00, 0x2e, 0x69, 0x64, 0x61, 0x74, 0x61, 0x24, 0x37, 0xd8, 0x06,
	0x00, 0x00, 0x08, 0x00, 0x00, 0x00, 0x03, 0x00, 0x2e, 0x69, 0x64, 0x61, 0x74, 0x61, 0x24, 0x35,
	0x50, 0x03, 0x00, 0x00, 0x08, 0x00, 0x00, 0x00, 0x03, 0x00, 0x2e, 0x69, 0x64, 0x61, 0x74, 0x61,
	0x24, 0x34, 0xd0, 0x01, 0x00, 0x00, 0x08, 0x00, 0x00, 0x00, 0x03, 0x00, 0x2e, 0x69, 0x64, 0x61,
	0x74, 0x61, 0x24, 0x36, 0xea, 0x05, 0x00, 0x00, 0x08, 0x00, 0x00, 0x00, 0x03, 0x00, 0x2e, 0x66,
	0x69, 0x6c, 0x65, 0x00, 0x00, 0x00, 0x35, 0x03, 0x00, 0x00, 0xfe, 0xff, 0x00, 0x00, 0x67, 0x01,
	0x66, 0x61, 0x6b, 0x65, 0x00, 0x00, 0x00, 0x00, 0x00, 0x00, 0x00, 0x00, 0x00, 0x00, 0x00, 0x00,
	0x00, 0x00, 0x68, 0x6e, 0x61, 0x6d, 0x65, 0x00, 0x00, 0x00, 0xd0, 0x01, 0x00, 0x00, 0x08, 0x00,
	0x00, 0x00, 0x03, 0x00, 0x66, 0x74, 0x68, 0x75, 0x6e, 0x6b, 0x00, 0x00, 0x50, 0x03, 0x00, 0x00,
	0x08, 0x00, 0x00, 0x00, 0x03, 0x00, 0x2e, 0x74, 0x65, 0x78, 0x74, 0x00, 0x00, 0x00, 0x90, 0x1e,
	0x00, 0x00, 0x01, 0x00, 0x00, 0x00, 0x03, 0x01, 0x00, 0x00, 0x00, 0x00, 0x00, 0x00, 0x00, 0x00,
	0x00, 0x00, 0x00, 0x00, 0x00, 0x00, 0x00, 0x00, 0x00, 0x00, 0x2e, 0x64, 0x61, 0x74, 0x61, 0x00,
	0x00, 0x00, 0x80, 0x00, 0x00, 0x00, 0x02, 0x00, 0x00, 0x00, 0x03, 0x01, 0x00, 0x00, 0x00, 0x00,
	0x00, 0x00, 0x00, 0x00, 0x00, 0x00, 0x00, 0x00, 0x00, 0x00, 0x00, 0x00, 0x00, 0x00, 0x2e, 0x62,
	0x73, 0x73, 0x00, 0x00, 0x00, 0x00, 0x30, 0x03, 0x00, 0x00, 0x06, 0x00, 0x00, 0x00, 0x03, 0x01,
	0x00, 0x00, 0x00, 0x00, 0x00, 0x00, 0x00, 0x00, 0x00, 0x00, 0x00, 0x00, 0x00, 0x00, 0x00, 0x00,
	0x00, 0x00, 0x2e, 0x69, 0x64, 0x61, 0x74, 0x61, 0x24, 0x32, 0x3c, 0x00, 0x00, 0x00, 0x08, 0x00,
	0x00, 0x00, 0x03, 0x01, 0x14, 0x00, 0x00, 0x00, 0x03, 0x00, 0x00, 0x00, 0x00, 0x00, 0x00, 0x00,
	0x00, 0x00, 0x00, 0x00, 0x00, 0x00, 0x2e, 0x69, 0x64, 0x61, 0x74, 0x61, 0x24, 0x34, 0xd0, 0x01,
	0x00, 0x00, 0x08, 0x00, 0x00, 0x00, 0x03, 0x00, 0x2e, 0x69, 0x64, 0x61, 0x74, 0x61, 0x24, 0x35,
	0x50, 0x03, 0x00, 0x00, 0x08, 0x00, 0x00, 0x00, 0x03, 0x00, 0x2e, 0x66, 0x69, 0x6c, 0x65, 0x00,
	0x00, 0x00, 0x43, 0x03, 0x00, 0x00, 0xfe, 0xff, 0x00, 0x00, 0x67, 0x01, 0x66, 0x61, 0x6b, 0x65,
	0x00, 0x00, 0x00, 0x00, 0x00, 0x00, 0x00, 0x00, 0x00, 0x00, 0x00, 0x00, 0x00, 0x00, 0x2e, 0x74,
	0x65, 0x78, 0x74, 0x00, 0x00, 0x00, 0x90, 0x1e, 0x00, 0x00, 0x01, 0x00, 0x00, 0x00, 0x03, 0x01,
	0x00, 0x00, 0x00, 0x00, 0x00, 0x00, 0x00, 0x00, 0x00, 0x00, 0x00, 0x00, 0x00, 0x00, 0x00, 0x00,
	0x00, 0x00, 0x2e, 0x64, 0x61, 0x74, 0x61, 0x00, 0x00, 0x00, 0x80, 0x00, 0x00, 0x00, 0x02, 0x00,
	0x00, 0x00, 0x03, 0x01, 0x00, 0x00, 0x00, 0x00, 0x00, 0x00, 0x00, 0x00, 0x00, 0x00, 0x00, 0x00,
	0x00, 0x00, 0x00, 0x00, 0x00, 0x00, 0x2e, 0x62, 0x73, 0x73, 0x00, 0x00, 0x00, 0x00, 0x30, 0x03,
	0x00, 0x00, 0x06, 0x00, 0x00, 0x00, 0x03, 0x01, 0x00, 0x00, 0x00, 0x00, 0x00, 0x00, 0x00, 0x00,
	0x00, 0x00, 0x00, 0x00, 0x00, 0x00, 0x00, 0x00, 0x00, 0x00, 0x2e, 0x69, 0x64, 0x61, 0x74, 0x61,
	0x24, 0x34, 0xe0, 0x01, 0x00, 0x00, 0x08, 0x00, 0x00, 0x00, 0x03, 0x01, 0x08, 0x00, 0x00, 0x00,
	0x00, 0x00, 0x00, 0x00, 0x00, 0x00, 0x00, 0x00, 0x00, 0x00, 0x00, 0x00, 0x00, 0x00, 0x2e, 0x69,
	0x64, 0x61, 0x74, 0x61, 0x24, 0x35, 0x60, 0x03, 0x00, 0x00, 0x08, 0x00, 0x00, 0x00, 0x03, 0x01,
	0x08, 0x00, 0x00, 0x00, 0x00, 0x00, 0x00, 0x00, 0x00, 0x00, 0x00, 0x00, 0x00, 0x00, 0x00, 0x00,
	0x00, 0x00, 0x2e, 0x69, 0x64, 0x61, 0x74, 0x61, 0x24, 0x37, 0xe0, 0x06, 0x00, 0x00, 0x08, 0x00,
	0x00, 0x00, 0x03, 0x01, 0x0b, 0x00, 0x00, 0x00, 0x00, 0x00, 0x00, 0x00, 0x00, 0x00, 0x00, 0x00,
	0x00, 0x00, 0x00, 0x00, 0x00, 0x00, 0x2e, 0x66, 0x69, 0x6c, 0x65, 0x00, 0x00, 0x00, 0x57, 0x03,
	0x00, 0x00, 0xfe, 0xff, 0x00, 0x00, 0x67, 0x01, 0x63, 0x79, 0x67, 0x6d, 0x69, 0x6e, 0x67, 0x2d,
	0x63, 0x72, 0x74, 0x65, 0x6e, 0x64, 0x2e, 0x63, 0x00, 0x00, 0x00, 0x00, 0x00, 0x00, 0xcb, 0x05,
	0x00, 0x00, 0x90, 0x1e, 0x00, 0x00, 0x01, 0x00, 0x20, 0x00, 0x03, 0x01, 0x00, 0x00, 0x00, 0x00,
	0x00, 0x00, 0x00, 0x00, 0x00, 0x00, 0x00, 0x00, 0x00, 0x00, 0x00, 0x00, 0x00, 0x00, 0x2e, 0x74,
	0x65, 0x78, 0x74, 0x00, 0x00, 0x00, 0x90, 0x1e, 0x00, 0x00, 0x01, 0x00, 0x00, 0x00, 0x03, 0x01,
	0x00, 0x00, 0x00, 0x00, 0x00, 0x00, 0x00, 0x00, 0x00, 0x00, 0x00, 0x00, 0x00, 0x00, 0x00, 0x00,
	0x00, 0x00, 0x2e, 0x64, 0x61, 0x74, 0x61, 0x00, 0x00, 0x00, 0x80, 0x00, 0x00, 0x00, 0x02, 0x00,
	0x00, 0x00, 0x03, 0x01, 0x00, 0x00, 0x00, 0x00, 0x00, 0x00, 0x00, 0x00, 0x00, 0x00, 0x00, 0x00,
	0x00, 0x00, 0x00, 0x00, 0x00, 0x00, 0x2e, 0x62, 0x73, 0x73, 0x00, 0x00, 0x00, 0x00, 0x30, 0x03,
	0x00, 0x00, 0x06, 0x00, 0x00, 0x00, 0x03, 0x01, 0x00, 0x00, 0x00, 0x00, 0x00, 0x00, 0x00, 0x00,
	0x00, 0x00, 0x00, 0x00, 0x00, 0x00, 0x00, 0x00, 0x00, 0x00, 0x00, 0x00, 0x00, 0x00, 0xdf, 0x05,
	0x00, 0x00, 0x90, 0x1e, 0x00, 0x00, 0x01, 0x00, 0x00, 0x00, 0x03, 0x01, 0x05, 0x00, 0x00, 0x00,
	0x01, 0x00, 0x00, 0x00, 0x00, 0x00, 0x00, 0x00, 0x00, 0x00, 0x00, 0x00, 0x00, 0x00, 0x00, 0x00,
	0x00, 0x00, 0xed, 0x05, 0x00, 0x00, 0x64, 0x01, 0x00, 0x00, 0x05, 0x00, 0x00, 0x00, 0x03, 0x01,
	0x04, 0x00, 0x00, 0x00, 0x00, 0x00, 0x00, 0x00, 0x00, 0x00, 0x00, 0x00, 0x00, 0x00, 0x00, 0x00,
	0x00, 0x00, 0x00, 0x00, 0x00, 0x00, 0xfc, 0x05, 0x00, 0x00, 0xec, 0x01, 0x00, 0x00, 0x04, 0x00,
	0x00, 0x00, 0x03, 0x01, 0x0c, 0x00, 0x00, 0x00, 0x03, 0x00, 0x00, 0x00, 0x00, 0x00, 0x00, 0x00,
	0x00, 0x00, 0x00, 0x00, 0x00, 0x00, 0x00, 0x00, 0x00, 0x00, 0x0b, 0x06, 0x00, 0x00, 0x08, 0x07,
	0x00, 0x00, 0x03, 0x00, 0x00, 0x00, 0x03, 0x01, 0x08, 0x00, 0x00, 0x00, 0x01, 0x00, 0x00, 0x00,
	0x00, 0x00, 0x00, 0x00, 0x00, 0x00, 0x00, 0x00, 0x00, 0x00, 0x00, 0x00, 0x00, 0x00, 0xab, 0x01,
	0x00, 0x00, 0xe0, 0x06, 0x00, 0x00, 0x03, 0x00, 0x00, 0x00, 0x03, 0x01, 0x12, 0x00, 0x00, 0x00,
	0x00, 0x00, 0x00, 0x00, 0x00, 0x00, 0x00, 0x00, 0x00, 0x00, 0x00, 0x00, 0x00, 0x00, 0x5f, 0x5f,
	0x78, 0x63, 0x5f, 0x7a, 0x00, 0x00, 0x30, 0x07, 0x00, 0x00, 0x03, 0x00, 0x00, 0x00, 0x02, 0x00,
	0x00, 0x00, 0x00, 0x00, 0x18, 0x06, 0x00, 0x00, 0x00, 0x07, 0x00, 0x00, 0x03, 0x00, 0x00, 0x00,
	0x02, 0x00, 0x00, 0x00, 0x00, 0x00, 0x37, 0x06, 0x00, 0x00, 0xf0, 0x1d, 0x00, 0x00, 0x01, 0x00,
	0x00, 0x00, 0x02, 0x00, 0x00, 0x00, 0x00, 0x00, 0x42, 0x06, 0x00, 0x00, 0xf8, 0x02, 0x00, 0x00,
	0x08, 0x00, 0x00, 0x00, 0x02, 0x00, 0x00, 0x00, 0x00, 0x00, 0x4e, 0x06, 0x00, 0x00, 0x80, 0x06,
	0x00, 0x00, 0x08, 0x00, 0x00, 0x00, 0x02, 0x00, 0x00, 0x00, 0x00, 0x00, 0x6a, 0x06, 0x00, 0x00,
	0x40, 0x00, 0x00, 0x00, 0x02, 0x00, 0x00, 0x00, 0x02, 0x00, 0x00, 0x00, 0x00, 0x00, 0x7c, 0x06,
	0x00, 0x00, 0x40, 0x02, 0x00, 0x00, 0x08, 0x00, 0x00, 0x00, 0x02, 0x00, 0x00, 0x00, 0x00, 0x00,
	0x9a, 0x06, 0x00, 0x00, 0x00, 0x00, 0x00, 0x00, 0x02, 0x00, 0x00, 0x00, 0x02, 0x00, 0x00, 0x00,
	0x00, 0x00, 0xa9, 0x06, 0x00, 0x00, 0x18, 0x07, 0x00, 0x00, 0x03, 0x00, 0x00, 0x00, 0x02, 0x00,
	0x00, 0x00, 0x00, 0x00, 0xb8, 0x06, 0x00, 0x00, 0xe8, 0x02, 0x00, 0x00, 0x08, 0x00, 0x00, 0x00,
	0x02, 0x00, 0x00, 0x00, 0x00, 0x00, 0xc4, 0x06, 0x00, 0x00, 0x28, 0x00, 0x00, 0x00, 0x08, 0x00,
	0x00, 0x00, 0x02, 0x00, 0x00, 0x00, 0x00, 0x00, 0xe0, 0x06, 0x00, 0x00, 0x48, 0x02, 0x00, 0x00,
	0x08, 0x00, 0x00, 0x00, 0x02, 0x00, 0x00, 0x00, 0x00, 0x00, 0xf9, 0x06, 0x00, 0x00, 0x08, 0x02,
	0x00, 0x00, 0x08, 0x00, 0x00, 0x00, 0x02, 0x00, 0x00, 0x00, 0x00, 0x00, 0x0b, 0x07, 0x00, 0x00,
	0x00, 0x03, 0x00, 0x00, 0x08, 0x00, 0x00, 0x00, 0x02, 0x00, 0x5f, 0x6c, 0x6f, 0x63, 0x6b, 0x00,
	0x00, 0x00, 0x38, 0x1d, 0x00, 0x00, 0x01, 0x00, 0x20, 0x00, 0x02, 0x00, 0x00, 0x00, 0x00, 0x00,
	0x18, 0x07, 0x00, 0x00, 0xe8, 0x1d, 0x00, 0x00, 0x01, 0x00, 0x00, 0x00, 0x02, 0x00, 0x00, 0x00,
	0x00, 0x00, 0x22, 0x07, 0x00, 0x00, 0x00, 0x00, 0x00, 0x00, 0x09, 0x00, 0x00, 0x00, 0x02, 0x00,
	0x00, 0x00, 0x00, 0x00, 0x31, 0x07, 0x00, 0x00, 0x50, 0x04, 0x00, 0x00, 0x03, 0x00, 0x00, 0x00,
	0x02, 0x00, 0x5f, 0x5f, 0x78, 0x6c, 0x5f, 0x61, 0x00, 0x00, 0x48, 0x07, 0x00, 0x00, 0x03, 0x00,
	0x00, 0x00, 0x02, 0x00, 0x00, 0x00, 0x00, 0x00, 0x50, 0x07, 0x00, 0x00, 0x10, 0x1e, 0x00, 0x00,
	0x01, 0x00, 0x00, 0x00, 0x02, 0x00, 0x00, 0x00, 0x00, 0x00, 0x5d, 0x07, 0x00, 0x00, 0x00, 0x07,
	0x00, 0x00, 0x03, 0x00, 0x00, 0x00, 0x02, 0x00, 0x00, 0x00, 0x00, 0x00, 0x71, 0x07, 0x00, 0x00,
	0xe8, 0x01, 0x00, 0x00, 0x08, 0x00, 0x00, 0x00, 0x02, 0x00, 0x00, 0x00, 0x00, 0x00, 0x8b, 0x07,
	0x00, 0x00, 0x60, 0x01, 0x00, 0x00, 0xff, 0xff, 0x00, 0x00, 0x02, 0x00, 0x00, 0x00, 0x00, 0x00,
	0xa3, 0x07, 0x00, 0x00, 0x00, 0x10, 0x00, 0x00, 0xff, 0xff, 0x00, 0x00, 0x02, 0x00, 0x00, 0x00,
	0x00, 0x00, 0xbc, 0x07, 0x00, 0x00, 0x00, 0x00, 0x00, 0x00, 0x02, 0x00, 0x00, 0x00, 0x02, 0x00,
	0x00, 0x00, 0x00, 0x00, 0xd2, 0x07, 0x00, 0x00, 0x40, 0x1e, 0x00, 0x00, 0x01, 0x00, 0x00, 0x00,
	0x02, 0x00, 0x00, 0x00, 0x00, 0x00, 0xde, 0x07, 0x00, 0x00, 0x20, 0x1d, 0x00, 0x00, 0x01, 0x00,
	0x20, 0x00, 0x02, 0x00, 0x00, 0x00, 0x00, 0x00, 0xe9, 0x07, 0x00, 0x00, 0x00, 0x00, 0x20, 0x00,
	0xff, 0xff, 0x00, 0x00, 0x02, 0x00, 0x00, 0x00, 0x00, 0x00, 0x03, 0x08, 0x00, 0x00, 0x05, 0x00,
	0x00, 0x00, 0xff, 0xff, 0x00, 0x00, 0x02, 0x00, 0x00, 0x00, 0x00, 0x00, 0x1f, 0x08, 0x00, 0x00,
	0x48, 0x07, 0x00, 0x00, 0x03, 0x00, 0x00, 0x00, 0x02, 0x00, 0x00, 0x00, 0x00, 0x00, 0x31, 0x08,
	0x00, 0x00, 0x18, 0x02, 0x00, 0x00, 0x08, 0x00, 0x00, 0x00, 0x02, 0x00, 0x5f, 0x5f, 0x78, 0x6c,
	0x5f, 0x64, 0x00, 0x00, 0x58, 0x07, 0x00, 0x00, 0x03, 0x00, 0x00, 0x00, 0x02, 0x00, 0x5f, 0x74,
	0x6c, 0x73, 0x5f, 0x65, 0x6e, 0x64, 0x08, 0x00, 0x00, 0x00, 0x09, 0x00, 0x00, 0x00, 0x02, 0x00,
	0x00, 0x00, 0x00, 0x00, 0x4d, 0x08, 0x00, 0x00, 0xd0, 0x03, 0x00, 0x00, 0x03, 0x00, 0x00, 0x00,
	0x02, 0x00, 0x00, 0x00, 0x00, 0x00, 0x63, 0x08, 0x00, 0x00, 0xb8, 0x1d, 0x00, 0x00, 0x01, 0x00,
	0x00, 0x00, 0x02, 0x00, 0x00, 0x00, 0x00, 0x00, 0x70, 0x08, 0x00, 0x00, 0x38, 0x07, 0x00, 0x00,
	0x03, 0x00, 0x00, 0x00, 0x02, 0x00, 0x00, 0x00, 0x00, 0x00, 0x82, 0x08, 0x00, 0x00, 0x70, 0x02,
	0x00, 0x00, 0x08, 0x00, 0x00, 0x00, 0x02, 0x00, 0x00, 0x00, 0x00, 0x00, 0x93, 0x08, 0x00, 0x00,
	0xd8, 0x02, 0x00, 0x00, 0x08, 0x00, 0x00, 0x00, 0x02, 0x00, 0x00, 0x00, 0x00, 0x00, 0xa4, 0x08,
	0x00, 0x00, 0x48, 0x07, 0x00, 0x00, 0x03, 0x00, 0x00, 0x00, 0x02, 0x00, 0x00, 0x00, 0x00, 0x00,
	0xb4, 0x08, 0x00, 0x00, 0x00, 0x00, 0x00, 0x00, 0x09, 0x00, 0x00, 0x00, 0x02, 0x00, 0x00, 0x00,
	0x00, 0x00, 0xbf, 0x08, 0x00, 0x00, 0xc0, 0x02, 0x00, 0x00, 0x08, 0x00, 0x00, 0x00, 0x02, 0x00,
	0x00, 0x00, 0x00, 0x00, 0xce, 0x08, 0x00, 0x00, 0x58, 0x03, 0x00, 0x00, 0x08, 0x00, 0x00, 0x00,
	0x02, 0x00, 0x6d, 0x65, 0x6d, 0x63, 0x70, 0x79, 0x00, 0x00, 0x68, 0x1d, 0x00, 0x00, 0x01, 0x00,
	0x20, 0x00, 0x02, 0x00, 0x00, 0x00, 0x00, 0x00, 0xde, 0x08, 0x00, 0x00, 0x10, 0x02, 0x00, 0x00,
	0x08, 0x00, 0x00, 0x00, 0x02, 0x00, 0x00, 0x00, 0x00, 0x00, 0xf3, 0x08, 0x00, 0x00, 0x58, 0x02,
	0x00, 0x00, 0x08, 0x00, 0x00, 0x00, 0x02, 0x00, 0x00, 0x00, 0x00, 0x00, 0x06, 0x09, 0x00, 0x00,
	0x0c, 0x06, 0x00, 0x00, 0x08, 0x00, 0x00, 0x00, 0x02, 0x00, 0x00, 0x00, 0x00, 0x00, 0x22, 0x09,
	0x00, 0x00, 0x00, 0x04, 0x00, 0x00, 0x03, 0x00, 0x00, 0x00, 0x02, 0x00, 0x00, 0x00, 0x00, 0x00,
	0x48, 0x09, 0x00, 0x00, 0x28, 0x1e, 0x00, 0x00, 0x01, 0x00, 0x00, 0x00, 0x02, 0x00, 0x5f, 0x43,
	0x52, 0x54, 0x5f, 0x4d, 0x54, 0x00, 0x30, 0x00, 0x00, 0x00, 0x02, 0x00, 0x00, 0x00, 0x02, 0x00,
	0x00, 0x00, 0x00, 0x00, 0x5c, 0x09, 0x00, 0x00, 0xc8, 0x1d, 0x00, 0x00, 0x01, 0x00, 0x00, 0x00,
	0x02, 0x00, 0x6c, 0x73, 0x74, 0x72, 0x63, 0x61, 0x74, 0x57, 0xa0, 0x1d, 0x00, 0x00, 0x01, 0x00,
	0x00, 0x00, 0x02, 0x00, 0x00, 0x00, 0x00, 0x00, 0x68, 0x09, 0x00, 0x00, 0x00, 0x00, 0x00, 0x00,
	0x06, 0x00, 0x00, 0x00, 0x02, 0x00, 0x00, 0x00, 0x00, 0x00, 0x76, 0x09, 0x00, 0x00, 0x80, 0x02,
	0x00, 0x00, 0x08, 0x00, 0x00, 0x00, 0x02, 0x00, 0x00, 0x00, 0x00, 0x00, 0x90, 0x09, 0x00, 0x00,
	0x00, 0x07, 0x00, 0x00, 0x03, 0x00, 0x00, 0x00, 0x02, 0x00, 0x00, 0x00, 0x00, 0x00, 0xb3, 0x09,
	0x00, 0x00, 0x00, 0x10, 0x00, 0x00, 0xff, 0xff, 0x00, 0x00, 0x02, 0x00, 0x00, 0x00, 0x00, 0x00,
	0xcb, 0x09, 0x00, 0x00, 0x50, 0x02, 0x00, 0x00, 0x08, 0x00, 0x00, 0x00, 0x02, 0x00, 0x00, 0x00,
	0x00, 0x00, 0xde, 0x09, 0x00, 0x00, 0x68, 0x02, 0x00, 0x00, 0x06, 0x00, 0x00, 0x00, 0x02, 0x00,
	0x00, 0x00, 0x00, 0x00, 0xf8, 0x09, 0x00, 0x00, 0x10, 0x03, 0x00, 0x00, 0x08, 0x00, 0x00, 0x00,
	0x02, 0x00, 0x00, 0x00, 0x00, 0x00, 0x03, 0x0a, 0x00, 0x00, 0x20, 0x04, 0x00, 0x00, 0x03, 0x00,
	0x00, 0x00, 0x02, 0x00, 0x00, 0x00, 0x00, 0x00, 0x1c, 0x0a, 0x00, 0x00, 0x60, 0x02, 0x00, 0x00,
	0x06, 0x00, 0x00, 0x00, 0x02, 0x00, 0x00, 0x00, 0x00, 0x00, 0x35, 0x0a, 0x00, 0x00, 0xc0, 0x1d,
	0x00, 0x00, 0x01, 0x00, 0x00, 0x00, 0x02, 0x00, 0x00, 0x00, 0x00, 0x00, 0x44, 0x0a, 0x00, 0x00,
	0x78, 0x07, 0x00, 0x00, 0x03, 0x00, 0x00, 0x00, 0x02, 0x00, 0x00, 0x00, 0x00, 0x00, 0x54, 0x0a,
	0x00, 0x00, 0x68, 0x07, 0x00, 0x00, 0x03, 0x00, 0x00, 0x00, 0x02, 0x00, 0x00, 0x00, 0x00, 0x00,
	0x66, 0x0a, 0x00, 0x00, 0x68, 0x02, 0x00, 0x00, 0x08, 0x00, 0x00, 0x00, 0x02, 0x00, 0x00, 0x00,
	0x00, 0x00, 0x81, 0x0a, 0x00, 0x00, 0x88, 0x02, 0x00, 0x00, 0x08, 0x00, 0x00, 0x00, 0x02, 0x00,
	0x00, 0x00, 0x00, 0x00, 0x90, 0x0a, 0x00, 0x00, 0x50, 0x03, 0x00, 0x00, 0x08, 0x00, 0x00, 0x00,
	0x02, 0x00, 0x52, 0x65, 0x61, 0x64, 0x46, 0x69, 0x6c, 0x65, 0xd8, 0x1d, 0x00, 0x00, 0x01, 0x00,
	0x00, 0x00, 0x02, 0x00, 0x61, 0x62, 0x6f, 0x72, 0x74, 0x00, 0x00, 0x00, 0x48, 0x1d, 0x00, 0x00,
	0x01, 0x00, 0x20, 0x00, 0x02, 0x00, 0x00, 0x00, 0x00, 0x00, 0xa0, 0x0a, 0x00, 0x00, 0xf0, 0x03,
	0x00, 0x00, 0x03, 0x00, 0x00, 0x00, 0x02, 0x00, 0x00, 0x00, 0x00, 0x00, 0xca, 0x0a, 0x00, 0x00,
	0x00, 0x00, 0x00, 0x00, 0x08, 0x00, 0x00, 0x00, 0x02, 0x00, 0x00, 0x00, 0x00, 0x00, 0xe4, 0x0a,
	0x00, 0x00, 0x68, 0x07, 0x00, 0x00, 0x03, 0x00, 0x00, 0x00, 0x02, 0x00, 0x00, 0x00, 0x00, 0x00,
	0xf4, 0x0a, 0x00, 0x00, 0x00, 0x02, 0x00, 0x00, 0x08, 0x00, 0x00, 0x00, 0x02, 0x00, 0x5f, 0x5f,
	0x64, 0x6c, 0x6c, 0x5f, 0x5f, 0x00, 0x00, 0x00, 0x00, 0x00, 0xff, 0xff, 0x00, 0x00, 0x02, 0x00,
	0x00, 0x00, 0x00, 0x00, 0x06, 0x0b, 0x00, 0x00, 0x00, 0x00, 0x00, 0x00, 0xff, 0xff, 0x00, 0x00,
	0x02, 0x00, 0x00, 0x00, 0x00, 0x00, 0x1b, 0x0b, 0x00, 0x00, 0x38, 0x1e, 0x00, 0x00, 0x01, 0x00,
	0x00, 0x00, 0x02, 0x00, 0x00, 0x00, 0x00, 0x00, 0x30, 0x0b, 0x00, 0x00, 0x80, 0x04, 0x00, 0x00,
	0x03, 0x00, 0x00, 0x00, 0x02, 0x00, 0x00, 0x00, 0x00, 0x00, 0x3f, 0x0b, 0x00, 0x00, 0xc0, 0x03,
	0x00, 0x00, 0x03, 0x00, 0x00, 0x00, 0x02, 0x00, 0x00, 0x00, 0x00, 0x00, 0x4f, 0x0b, 0x00, 0x00,
	0x00, 0x10, 0x00, 0x00, 0xff, 0xff, 0x00, 0x00, 0x02, 0x00, 0x00, 0x00, 0x00, 0x00, 0x65, 0x0b,
	0x00, 0x00, 0x24, 0x00, 0x00, 0x00, 0x02, 0x00, 0x00, 0x00, 0x02, 0x00, 0x00, 0x00, 0x00, 0x00,
	0x7d, 0x0b, 0x00, 0x00, 0xe0, 0x06, 0x00, 0x00, 0x08, 0x00, 0x00, 0x00, 0x02, 0x00, 0x63, 0x61,
	0x6c, 0x6c, 0x6f, 0x63, 0x00, 0x00, 0x50, 0x1d, 0x00, 0x00, 0x01, 0x00, 0x20, 0x00, 0x02, 0x00,
	0x00, 0x00, 0x00, 0x00, 0x97, 0x0b, 0x00, 0x00, 0x20, 0x02, 0x00, 0x00, 0x03, 0x00, 0x00, 0x00,
	0x02, 0x00, 0x00, 0x00, 0x00, 0x00, 0xa1, 0x0b, 0x00, 0x00, 0x68, 0x07, 0x00, 0x00, 0x03, 0x00,
	0x00, 0x00, 0x02, 0x00, 0x00, 0x00, 0x00, 0x00, 0xb3, 0x0b, 0x00, 0x00, 0x68, 0x03, 0x00, 0x00,
	0x08, 0x00, 0x00, 0x00, 0x02, 0x00, 0x00, 0x00, 0x00, 0x00, 0xbf, 0x0b, 0x00, 0x00, 0x18, 0x03,
	0x00, 0x00, 0x08, 0x00, 0x00, 0x00, 0x02, 0x00, 0x00, 0x00, 0x00, 0x00, 0xcc, 0x0b, 0x00, 0x00,
	0x00, 0x07, 0x00, 0x00, 0x03, 0x00, 0x00, 0x00, 0x02, 0x00, 0x66, 0x70, 0x72, 0x69, 0x6e, 0x74,
	0x66, 0x00, 0x58, 0x1d, 0x00, 0x00, 0x01, 0x00, 0x20, 0x00, 0x02, 0x00, 0x00, 0x00, 0x00, 0x00,
	0xea, 0x0b, 0x00, 0x00, 0xcc, 0x06, 0x00, 0x00, 0x08, 0x00, 0x00, 0x00, 0x02, 0x00, 0x53, 0x6c,
	0x65, 0x65, 0x70, 0x00, 0x00, 0x00, 0xd0, 0x1d, 0x00, 0x00, 0x01, 0x00, 0x00, 0x00, 0x02, 0x00,
	0x00, 0x00, 0x00, 0x00, 0x08, 0x0c, 0x00, 0x00, 0x78, 0x1e, 0x00, 0x00, 0x01, 0x00, 0x00, 0x00,
	0x02, 0x00, 0x00, 0x00, 0x00, 0x00, 0x1c, 0x0c, 0x00, 0x00, 0x80, 0x00, 0x00, 0x00, 0x02, 0x00,
	0x00, 0x00, 0x02, 0x00, 0x00, 0x00, 0x00, 0x00, 0x29, 0x0c, 0x00, 0x00, 0x00, 0x07, 0x00, 0x00,
	0x03, 0x00, 0x00, 0x00, 0x02, 0x00, 0x00, 0x00, 0x00, 0x00, 0x37, 0x0c, 0x00, 0x00, 0x14, 0x00,
	0x00, 0x00, 0x08, 0x00, 0x00, 0x00, 0x02, 0x00, 0x00, 0x00, 0x00, 0x00, 0x51, 0x0c, 0x00, 0x00,
	0x30, 0x03, 0x00, 0x00, 0x06, 0x00, 0x00, 0x00, 0x02, 0x00, 0x5f, 0x5f, 0x78, 0x69, 0x5f, 0x7a,
	0x00, 0x00, 0x40, 0x07, 0x00, 0x00, 0x03, 0x00, 0x00, 0x00, 0x02, 0x00, 0x00, 0x00, 0x00, 0x00,
	0x5d, 0x0c, 0x00, 0x00, 0x20, 0x00, 0x00, 0x00, 0x02, 0x00, 0x00, 0x00, 0x02, 0x00, 0x00, 0x00,
	0x00, 0x00, 0x75, 0x0c, 0x00, 0x00, 0x38, 0x07, 0x00, 0x00, 0x03, 0x00, 0x00, 0x00, 0x02, 0x00,
	0x00, 0x00, 0x00, 0x00, 0x85, 0x0c, 0x00, 0x00, 0x40, 0x04, 0x00, 0x00, 0x03, 0x00, 0x00, 0x00,
	0x02, 0x00, 0x00, 0x00, 0x00, 0x00, 0xa3, 0x0c, 0x00, 0x00, 0x28, 0x02, 0x00, 0x00, 0x08, 0x00,
	0x00, 0x00, 0x02, 0x00, 0x00, 0x00, 0x00, 0x00, 0xbe, 0x0c, 0x00, 0x00, 0x88, 0x1e, 0x00, 0x00,
	0x01, 0x00, 0x00, 0x00, 0x02, 0x00, 0x00, 0x00, 0x00, 0x00, 0xc8, 0x0c, 0x00, 0x00, 0x6c, 0x02,
	0x00, 0x00, 0x06, 0x00, 0x00, 0x00, 0x02, 0x00, 0x00, 0x00, 0x00, 0x00, 0xd3, 0x0c, 0x00, 0x00,
	0x58, 0x02, 0x00, 0x00, 0x06, 0x00, 0x00, 0x00, 0x02, 0x00, 0x00, 0x00, 0x00, 0x00, 0xea, 0x0c,
	0x00, 0x00, 0x28, 0x07, 0x00, 0x00, 0x03, 0x00, 0x00, 0x00, 0x02, 0x00, 0x00, 0x00, 0x00, 0x00,
	0xfc, 0x0c, 0x00, 0x00, 0x38, 0x02, 0x00, 0x00, 0x08, 0x00, 0x00, 0x00, 0x02, 0x00, 0x73, 0x74,
	0x72, 0x6e, 0x63, 0x6d, 0x70, 0x00, 0x88, 0x1d, 0x00, 0x00, 0x01, 0x00, 0x20, 0x00, 0x02, 0x00,
	0x00, 0x00, 0x00, 0x00, 0x16, 0x0d, 0x00, 0x00, 0x00, 0x07, 0x00, 0x00, 0x03, 0x00, 0x00, 0x00,
	0x02, 0x00, 0x00, 0x00, 0x00, 0x00, 0x25, 0x0d, 0x00, 0x00, 0x10, 0x04, 0x00, 0x00, 0x03, 0x00,
	0x00, 0x00, 0x02, 0x00, 0x00, 0x00, 0x00, 0x00, 0x45, 0x0d, 0x00, 0x00, 0x68, 0x00, 0x00, 0x00,
	0x02, 0x00, 0x00, 0x00, 0x02, 0x00, 0x72, 0x65, 0x61, 0x6c, 0x6c, 0x6f, 0x63, 0x00, 0x70, 0x1d,
	0x00, 0x00, 0x01, 0x00, 0x20, 0x00, 0x02, 0x00, 0x00, 0x00, 0x00, 0x00, 0x65, 0x0d, 0x00, 0x00,
	0x18, 0x1e, 0x00, 0x00, 0x01, 0x00, 0x00, 0x00, 0x02, 0x00, 0x00, 0x00, 0x00, 0x00, 0x78, 0x0d,
	0x00, 0x00, 0xe0, 0x03, 0x00, 0x00, 0x03, 0x00, 0x00, 0x00, 0x02, 0x00, 0x00, 0x00, 0x00, 0x00,
	0x8c, 0x0d, 0x00, 0x00, 0x30, 0x03, 0x00, 0x00, 0x08, 0x00, 0x00, 0x00, 0x02, 0x00, 0x00, 0x00,
	0x00, 0x00, 0x99, 0x0d, 0x00, 0x00, 0x20, 0x02, 0x00, 0x00, 0x08, 0x00, 0x00, 0x00, 0x02, 0x00,
	0x00, 0x00, 0x00, 0x00, 0xab, 0x0d, 0x00, 0x00, 0x00, 0x02, 0x00, 0x00, 0xff, 0xff, 0x00, 0x00,
	0x02, 0x00, 0x00, 0x00, 0x00, 0x00, 0xbe, 0x0d, 0x00, 0x00, 0xa8, 0x1d, 0x00, 0x00, 0x01, 0x00,
	0x00, 0x00, 0x02, 0x00, 0x00, 0x00, 0x00, 0x00, 0xc8, 0x0d, 0x00, 0x00, 0x60, 0x02, 0x00, 0x00,
	0x08, 0x00, 0x00, 0x00, 0x02, 0x00, 0x00, 0x00, 0x00, 0x00, 0xe8, 0x0d, 0x00, 0x00, 0x60, 0x1e,
	0x00, 0x00, 0x01, 0x00, 0x00, 0x00, 0x02, 0x00, 0x00, 0x00, 0x00, 0x00, 0xf4, 0x0d, 0x00, 0x00,
	0x20, 0x1e, 0x00, 0x00, 0x01, 0x00, 0x00, 0x00, 0x02, 0x00, 0x00, 0x00, 0x00, 0x00, 0x0c, 0x0e,
	0x00, 0x00, 0xf0, 0x01, 0x00, 0x00, 0x08, 0x00, 0x00, 0x00, 0x02, 0x00, 0x00, 0x00, 0x00, 0x00,
	0x23, 0x0e, 0x00, 0x00, 0x20, 0x03, 0x00, 0x00, 0x08, 0x00, 0x00, 0x00, 0x02, 0x00, 0x00, 0x00,
	0x00, 0x00, 0x31, 0x0e, 0x00, 0x00, 0x00, 0x1e, 0x00, 0x00, 0x01, 0x00, 0x00, 0x00, 0x02, 0x00,
	0x00, 0x00, 0x00, 0x00, 0x4b, 0x0e, 0x00, 0x00, 0x40, 0x03, 0x00, 0x00, 0x08, 0x00, 0x00, 0x00,
	0x02, 0x00, 0x00, 0x00, 0x00, 0x00, 0x5a, 0x0e, 0x00, 0x00, 0x04, 0x00, 0x00, 0x00, 0xff, 0xff,
	0x00, 0x00, 0x02, 0x00, 0x00, 0x00, 0x00, 0x00, 0x6f, 0x0e, 0x00, 0x00, 0xe8, 0x01, 0x00, 0x00,
	0x08, 0x00, 0x00, 0x00, 0x02, 0x00, 0x5f, 0x5f, 0x78, 0x6c, 0x5f, 0x7a, 0x00, 0x00, 0x60, 0x07,
	0x00, 0x00, 0x03, 0x00, 0x00, 0x00, 0x02, 0x00, 0x5f, 0x5f, 0x65, 0x6e, 0x64, 0x5f, 0x5f, 0x00,
	0x00, 0x00, 0x00, 0x00, 0x00, 0x00, 0x00, 0x00, 0x02, 0x00, 0x00, 0x00, 0x00, 0x00, 0x7d, 0x0e,
	0x00, 0x00, 0x08, 0x1e, 0x00, 0x00, 0x01, 0x00, 0x00, 0x00, 0x02, 0x00, 0x00, 0x00, 0x00, 0x00,
	0x8a, 0x0e, 0x00, 0x00, 0x18, 0x07, 0x00, 0x00, 0x03, 0x00, 0x00, 0x00, 0x02, 0x00, 0x00, 0x00,
	0x00, 0x00, 0x98, 0x0e, 0x00, 0x00, 0x70, 0x00, 0x00, 0x00, 0x02, 0x00, 0x00, 0x00, 0x02, 0x00,
	0x5f, 0x5f, 0x78, 0x69, 0x5f, 0x61, 0x00, 0x00, 0x38, 0x07, 0x00, 0x00, 0x03, 0x00, 0x00, 0x00,
	0x02, 0x00, 0x00, 0x00, 0x00, 0x00, 0xb7, 0x0e, 0x00, 0x00, 0x90, 0x02, 0x00, 0x00, 0x08, 0x00,
	0x00, 0x00, 0x02, 0x00, 0x00, 0x00, 0x00, 0x00, 0xc3, 0x0e, 0x00, 0x00, 0x00, 0x07, 0x00, 0x00,
	0x03, 0x00, 0x00, 0x00, 0x02, 0x00, 0x00, 0x00, 0x00, 0x00, 0xe4, 0x0e, 0x00, 0x00, 0xf8, 0x1d,
	0x00, 0x00, 0x01, 0x00, 0x00, 0x00, 0x02, 0x00, 0x5f, 0x5f, 0x78, 0x63, 0x5f, 0x61, 0x00, 0x00,
	0x28, 0x07, 0x00, 0x00, 0x03, 0x00, 0x00, 0x00, 0x02, 0x00, 0x00, 0x00, 0x00, 0x00, 0xf9, 0x0e,
	0x00, 0x00, 0x00, 0x00, 0x10, 0x00, 0xff, 0xff, 0x00, 0x00, 0x02, 0x00, 0x00, 0x00, 0x00, 0x00,
	0x12, 0x0f, 0x00, 0x00, 0x68, 0x07, 0x00, 0x00, 0x03, 0x00, 0x00, 0x00, 0x02, 0x00, 0x00, 0x00,
	0x00, 0x00, 0x24, 0x0f, 0x00, 0x00, 0x03, 0x00, 0x00, 0x00, 0xff, 0xff, 0x00, 0x00, 0x02, 0x00,
	0x00, 0x00, 0x00, 0x00, 0x32, 0x0f, 0x00, 0x00, 0x28, 0x1d, 0x00, 0x00, 0x01, 0x00, 0x20, 0x00,
	0x02, 0x00, 0x00, 0x00, 0x00, 0x00, 0x3d, 0x0f, 0x00, 0x00, 0x98, 0x02, 0x00, 0x00, 0x08, 0x00,
	0x00, 0x00, 0x02, 0x00, 0x00, 0x00, 0x00, 0x00, 0x4f, 0x0f, 0x00, 0x00, 0x30, 0x1e, 0x00, 0x00,
	0x01, 0x00, 0x00, 0x00, 0x02, 0x00, 0x00, 0x00, 0x00, 0x00, 0x61, 0x0f, 0x00, 0x00, 0x60, 0x00,
	0x00, 0x00, 0x02, 0x00, 0x00, 0x00, 0x02, 0x00, 0x00, 0x00, 0x00, 0x00, 0x7d, 0x0f, 0x00, 0x00,
	0x08, 0x03, 0x00, 0x00, 0x08, 0x00, 0x00, 0x00, 0x02, 0x00, 0x00, 0x00, 0x00, 0x00, 0x8b, 0x0f,
	0x00, 0x00, 0xb8, 0x02, 0x00, 0x00, 0x08, 0x00, 0x00, 0x00, 0x02, 0x00, 0x00, 0x00, 0x00, 0x00,
	0x9b, 0x0f, 0x00, 0x00, 0xe0, 0x1d, 0x00, 0x00, 0x01, 0x00, 0x00, 0x00, 0x02, 0x00, 0x00, 0x00,
	0x00, 0x00, 0xaf, 0x0f, 0x00, 0x00, 0x00, 0x07, 0x00, 0x00, 0x03, 0x00, 0x00, 0x00, 0x02, 0x00,
	0x00, 0x00, 0x00, 0x00, 0xce, 0x0f, 0x00, 0x00, 0xa0, 0x02, 0x00, 0x00, 0x08, 0x00, 0x00, 0x00,
	0x02, 0x00, 0x5f, 0x5f, 0x78, 0x6c, 0x5f, 0x63, 0x00, 0x00, 0x50, 0x07, 0x00, 0x00, 0x03, 0x00,
	0x00, 0x00, 0x02, 0x00, 0x00, 0x00, 0x00, 0x00, 0xe3, 0x0f, 0x00, 0x00, 0x10, 0x00, 0x00, 0x00,
	0x09, 0x00, 0x00, 0x00, 0x02, 0x00, 0x00, 0x00, 0x00, 0x00, 0xf0, 0x0f, 0x00, 0x00, 0x50, 0x1e,
	0x00, 0x00, 0x01, 0x00, 0x00, 0x00, 0x02, 0x00, 0x00, 0x00, 0x00, 0x00, 0xff, 0x0f, 0x00, 0x00,
	0xa8, 0x02, 0x00, 0x00, 0x08, 0x00, 0x00, 0x00, 0x02, 0x00, 0x00, 0x00, 0x00, 0x00, 0x12, 0x10,
	0x00, 0x00, 0xe0, 0x02, 0x00, 0x00, 0x08, 0x00, 0x00, 0x00, 0x02, 0x00, 0x00, 0x00, 0x00, 0x00,
	0x22, 0x10, 0x00, 0x00, 0x64, 0x02, 0x00, 0x00, 0x06, 0x00, 0x00, 0x00, 0x02, 0x00, 0x00, 0x00,
	0x00, 0x00, 0x3b, 0x10, 0x00, 0x00, 0xd0, 0x02, 0x00, 0x00, 0x08, 0x00, 0x00, 0x00, 0x02, 0x00,
	0x00, 0x00, 0x00, 0x00, 0x4c, 0x10, 0x00, 0x00, 0x80, 0x1e, 0x00, 0x00, 0x01, 0x00, 0x00, 0x00,
	0x02, 0x00, 0x00, 0x00, 0x00, 0x00, 0x56, 0x10, 0x00, 0x00, 0x00, 0x02, 0x00, 0x00, 0x03, 0x00,
	0x00, 0x00, 0x02, 0x00, 0x00, 0x00, 0x00, 0x00, 0x6e, 0x10, 0x00, 0x00, 0x3c, 0x00, 0x00, 0x00,
	0x08, 0x00, 0x00, 0x00, 0x02, 0x00, 0x00, 0x00, 0x00, 0x00, 0x86, 0x10, 0x00, 0x00, 0x30, 0x1d,
	0x00, 0x00, 0x01, 0x00, 0x20, 0x00, 0x02, 0x00, 0x00, 0x00, 0x00, 0x00, 0x90, 0x10, 0x00, 0x00,
	0xb0, 0x02, 0x00, 0x00, 0x08, 0x00, 0x00, 0x00, 0x02, 0x00, 0x00, 0x00, 0x00, 0x00, 0xaa, 0x10,
	0x00, 0x00, 0x38, 0x03, 0x00, 0x00, 0x08, 0x00, 0x00, 0x00, 0x02, 0x00, 0x00, 0x00, 0x00, 0x00,
	0xb8, 0x10, 0x00, 0x00, 0x50, 0x00, 0x00, 0x00, 0x02, 0x00, 0x00, 0x00, 0x02, 0x00, 0x00, 0x00,
	0x00, 0x00, 0xce, 0x10, 0x00, 0x00, 0x00, 0x00, 0x00, 0x00, 0xff, 0xff, 0x00, 0x00, 0x02, 0x00,
	0x00, 0x00, 0x00, 0x00, 0xe6, 0x10, 0x00, 0x00, 0xb0, 0x1d, 0x00, 0x00, 0x01, 0x00, 0x00, 0x00,
	0x02, 0x00, 0x00, 0x00, 0x00, 0x00, 0xfa, 0x10, 0x00, 0x00, 0x00, 0x00, 0x00, 0x00, 0xff, 0xff,
	0x00, 0x00, 0x02, 0x00, 0x00, 0x00, 0x00, 0x00, 0x0b, 0x11, 0x00, 0x00, 0x28, 0x03, 0x00, 0x00,
	0x08, 0x00, 0x00, 0x00, 0x02, 0x00, 0x00, 0x00, 0x00, 0x00, 0x18, 0x11, 0x00, 0x00, 0x30, 0x1b,
	0x00, 0x00, 0x01, 0x00, 0x00, 0x00, 0x02, 0x00, 0x00, 0x00, 0x00, 0x00, 0x25, 0x11, 0x00, 0x00,
	0x50, 0x02, 0x00, 0x00, 0x06, 0x00, 0x00, 0x00, 0x02, 0x00, 0x00, 0x00, 0x00, 0x00, 0x3b, 0x11,
	0x00, 0x00, 0x30, 0x04, 0x00, 0x00, 0x03, 0x00, 0x00, 0x00, 0x02, 0x00, 0x00, 0x00, 0x00, 0x00,
	0x5b, 0x11, 0x00, 0x00, 0x58, 0x1e, 0x00, 0x00, 0x01, 0x00, 0x00, 0x00, 0x02, 0x00, 0x00, 0x00,
	0x00, 0x00, 0x67, 0x11, 0x00, 0x00, 0x00, 0x07, 0x00, 0x00, 0x03, 0x00, 0x00, 0x00, 0x02, 0x00,
	0x00, 0x00, 0x00, 0x00, 0x79, 0x11, 0x00, 0x00, 0x02, 0x00, 0x00, 0x00, 0xff, 0xff, 0x00, 0x00,
	0x02, 0x00, 0x00, 0x00, 0x00, 0x00, 0x95, 0x11, 0x00, 0x00, 0x00, 0x00, 0x00, 0x00, 0xff, 0xff,
	0x00, 0x00, 0x02, 0x00, 0x00, 0x00, 0x00, 0x00, 0xad, 0x11, 0x00, 0x00, 0xf0, 0x02, 0x00, 0x00,
	0x08, 0x00, 0x00, 0x00, 0x02, 0x00, 0x00, 0x00, 0x00, 0x00, 0xbb, 0x11, 0x00, 0x00, 0x60, 0x04,
	0x00, 0x00, 0x03, 0x00, 0x00, 0x00, 0x02, 0x00, 0x73, 0x74, 0x72, 0x6c, 0x65, 0x6e, 0x00, 0x00,
	0x80, 0x1d, 0x00, 0x00, 0x01, 0x00, 0x20, 0x00, 0x02, 0x00, 0x00, 0x00, 0x00, 0x00, 0xca, 0x11,
	0x00, 0x00, 0x90, 0x04, 0x00, 0x00, 0x03, 0x00, 0x00, 0x00, 0x02, 0x00, 0x73, 0x74, 0x72, 0x63,
	0x68, 0x72, 0x00, 0x00, 0x78, 0x1d, 0x00, 0x00, 0x01, 0x00, 0x20, 0x00, 0x02, 0x00, 0x00, 0x00,
	0x00, 0x00, 0xd9, 0x11, 0x00, 0x00, 0x48, 0x1e, 0x00, 0x00, 0x01, 0x00, 0x00, 0x00, 0x02, 0x00,
	0x00, 0x00, 0x00, 0x00, 0xef, 0x11, 0x00, 0x00, 0x00, 0x07, 0x00, 0x00, 0x03, 0x00, 0x00, 0x00,
	0x02, 0x00, 0x5f, 0x75, 0x6e, 0x6c, 0x6f, 0x63, 0x6b, 0x00, 0x40, 0x1d, 0x00, 0x00, 0x01, 0x00,
	0x20, 0x00, 0x02, 0x00, 0x00, 0x00, 0x00, 0x00, 0x11, 0x12, 0x00, 0x00, 0x78, 0x02, 0x00, 0x00,
	0x08, 0x00, 0x00, 0x00, 0x02, 0x00, 0x00, 0x00, 0x00, 0x00, 0x21, 0x12, 0x00, 0x00, 0x30, 0x02,
	0x00, 0x00, 0x08, 0x00, 0x00, 0x00, 0x02, 0x00, 0x00, 0x00, 0x00, 0x00, 0x39, 0x12, 0x00, 0x00,
	0x70, 0x04, 0x00, 0x00, 0x03, 0x00, 0x00, 0x00, 0x02, 0x00, 0x00, 0x00, 0x00, 0x00, 0x48, 0x12,
	0x00, 0x00, 0x68, 0x07, 0x00, 0x00, 0x03, 0x00, 0x00, 0x00, 0x02, 0x00, 0x00, 0x00, 0x00, 0x00,
	0x58, 0x12, 0x00, 0x00, 0x70, 0x1e, 0x00, 0x00, 0x01, 0x00, 0x00, 0x00, 0x02, 0x00, 0x76, 0x66,
	0x70, 0x72, 0x69, 0x6e, 0x74, 0x66, 0x90, 0x1d, 0x00, 0x00, 0x01, 0x00, 0x20, 0x00, 0x02, 0x00,
	0x66, 0x72, 0x65, 0x65, 0x00, 0x00, 0x00, 0x00, 0x60, 0x1d, 0x00, 0x00, 0x01, 0x00, 0x20, 0x00,
	0x02, 0x00, 0x00, 0x00, 0x00, 0x00, 0x69, 0x12, 0x00, 0x00, 0x70, 0x02, 0x00, 0x00, 0x06, 0x00,
	0x00, 0x00, 0x02, 0x00, 0x7a, 0x12, 0x00, 0x00, 0x2e, 0x64, 0x65, 0x62, 0x75, 0x67, 0x5f, 0x61,
	0x72, 0x61, 0x6e, 0x67, 0x65, 0x73, 0x00, 0x2e, 0x64, 0x65, 0x62, 0x75, 0x67, 0x5f, 0x69, 0x6e,
	0x66, 0x6f, 0x00, 0x2e, 0x64, 0x65, 0x62, 0x75, 0x67, 0x5f, 0x61, 0x62, 0x62, 0x72, 0x65, 0x76,
	0x00, 0x2e, 0x64, 0x65, 0x62, 0x75, 0x67, 0x5f, 0x6c, 0x69, 0x6e, 0x65, 0x00, 0x2e, 0x64, 0x65,
	0x62, 0x75, 0x67, 0x5f, 0x66, 0x72, 0x61, 0x6d, 0x65, 0x00, 0x2e, 0x64, 0x65, 0x62, 0x75, 0x67,
	0x5f, 0x73, 0x74, 0x72, 0x00, 0x2e, 0x64, 0x65, 0x62, 0x75, 0x67, 0x5f, 0x6c, 0x69, 0x6e, 0x65,
	0x5f, 0x73, 0x74, 0x72, 0x00, 0x5f, 0x43, 0x52, 0x54, 0x5f, 0x49, 0x4e, 0x49, 0x54, 0x00, 0x5f,
	0x5f, 0x70, 0x72, 0x6f, 0x63, 0x5f, 0x61, 0x74, 0x74, 0x61, 0x63, 0x68, 0x65, 0x64, 0x00, 0x2e,
	0x72, 0x64, 0x61, 0x74, 0x61, 0x24, 0x2e, 0x72, 0x65, 0x66, 0x70, 0x74, 0x72, 0x2e, 0x5f, 0x5f,
	0x6e, 0x61, 0x74, 0x69, 0x76, 0x65, 0x5f, 0x73, 0x74, 0x61, 0x72, 0x74, 0x75, 0x70, 0x5f, 0x6c,
	0x6f, 0x63, 0x6b, 0x00, 0x2e, 0x72, 0x64, 0x61, 0x74, 0x61, 0x24, 0x2e, 0x72, 0x65, 0x66, 0x70,
	0x74, 0x72, 0x2e, 0x5f, 0x5f, 0x6e, 0x61, 0x74, 0x69, 0x76, 0x65, 0x5f, 0x73, 0x74, 0x61, 0x72,
	0x74, 0x75, 0x70, 0x5f, 0x73, 0x74, 0x61, 0x74, 0x65, 0x00, 0x61, 0x74, 0x65, 0x78, 0x69, 0x74,
	0x5f, 0x74, 0x61, 0x62, 0x6c, 0x65, 0x00, 0x2e, 0x72, 0x64, 0x61, 0x74, 0x61, 0x24, 0x2e, 0x72,
	0x65, 0x66, 0x70, 0x74, 0x72, 0x2e, 0x5f, 0x5f, 0x78, 0x69, 0x5f, 0x7a, 0x00, 0x2e, 0x72, 0x64,
	0x61, 0x74, 0x61, 0x24, 0x2e, 0x72, 0x65, 0x66, 0x70, 0x74, 0x72, 0x2e, 0x5f, 0x5f, 0x78, 0x69,
	0x5f, 0x61, 0x00, 0x2e, 0x72, 0x64, 0x61, 0x74, 0x61, 0x24, 0x2e, 0x72, 0x65, 0x66, 0x70, 0x74,
	0x72, 0x2e, 0x5f, 0x5f, 0x78, 0x63, 0x5f, 0x7a, 0x00, 0x2e, 0x72, 0x64, 0x61, 0x74, 0x61, 0x24,
	0x2e, 0x72, 0x65, 0x66, 0x70, 0x74, 0x72, 0x2e, 0x5f, 0x5f, 0x78, 0x63, 0x5f, 0x61, 0x00, 0x2e,
	0x72, 0x64, 0x61, 0x74, 0x61, 0x24, 0x2e, 0x72, 0x65, 0x66, 0x70, 0x74, 0x72, 0x2e, 0x5f, 0x5f,
	0x64, 0x79, 0x6e, 0x5f, 0x74, 0x6c, 0x73, 0x5f, 0x69, 0x6e, 0x69, 0x74, 0x5f, 0x63, 0x61, 0x6c,
	0x6c, 0x62, 0x61, 0x63, 0x6b, 0x00, 0x44, 0x6c, 0x6c, 0x4d, 0x61, 0x69, 0x6e, 0x43, 0x52, 0x54,
	0x53, 0x74, 0x61, 0x72, 0x74, 0x75, 0x70, 0x00, 0x2e, 0x72, 0x64, 0x61, 0x74, 0x61, 0x24, 0x2e,
	0x72, 0x65, 0x66, 0x70, 0x74, 0x72, 0x2e, 0x5f, 0x5f, 0x6e, 0x61, 0x74, 0x69, 0x76, 0x65, 0x5f,
	0x64, 0x6c, 0x6c, 0x6d, 0x61, 0x69, 0x6e, 0x5f, 0x72, 0x65, 0x61, 0x73, 0x6f, 0x6e, 0x00, 0x2e,
	0x72, 0x64, 0x61, 0x74, 0x61, 0x24, 0x2e, 0x72, 0x65, 0x66, 0x70, 0x74, 0x72, 0x2e, 0x5f, 0x5f,
	0x6d, 0x69, 0x6e, 0x67, 0x77, 0x5f, 0x61, 0x70, 0x70, 0x5f, 0x74, 0x79, 0x70, 0x65, 0x00, 0x2e,
	0x72, 0x64, 0x61, 0x74, 0x61, 0x24, 0x7a, 0x7a, 0x7a, 0x00, 0x5f, 0x5f, 0x67, 0x63, 0x63, 0x5f,
	0x72, 0x65, 0x67, 0x69, 0x73, 0x74, 0x65, 0x72, 0x5f, 0x66, 0x72, 0x61, 0x6d, 0x65, 0x00, 0x5f,
	0x5f, 0x67, 0x63, 0x63, 0x5f, 0x64, 0x65, 0x72, 0x65, 0x67, 0x69, 0x73, 0x74, 0x65, 0x72, 0x5f,
	0x66, 0x72, 0x61, 0x6d, 0x65, 0x00, 0x44, 0x6c, 0x6c, 0x47, 0x65, 0x74, 0x43, 0x6c, 0x61, 0x73,
	0x73, 0x4f, 0x62, 0x6a, 0x65, 0x63, 0x74, 0x00, 0x44, 0x6c, 0x6c, 0x43, 0x61, 0x6e, 0x55, 0x6e,
	0x6c, 0x6f, 0x61, 0x64, 0x4e, 0x6f, 0x77, 0x00, 0x44, 0x6c, 0x6c, 0x52, 0x65, 0x67, 0x69, 0x73,
	0x74, 0x65, 0x72, 0x53, 0x65, 0x72, 0x76, 0x65, 0x72, 0x00, 0x44, 0x6c, 0x6c, 0x55, 0x6e, 0x72,
	0x65, 0x67, 0x69, 0x73, 0x74, 0x65, 0x72, 0x53, 0x65, 0x72, 0x76, 0x65, 0x72, 0x00, 0x5f, 0x5f,
	0x64, 0x6f, 0x5f, 0x67, 0x6c, 0x6f, 0x62, 0x61, 0x6c, 0x5f, 0x64, 0x74, 0x6f, 0x72, 0x73, 0x00,
	0x5f, 0x5f, 0x64, 0x6f, 0x5f, 0x67, 0x6c, 0x6f, 0x62, 0x61, 0x6c, 0x5f, 0x63, 0x74, 0x6f, 0x72,
	0x73, 0x00, 0x2e, 0x72, 0x64, 0x61, 0x74, 0x61, 0x24, 0x2e, 0x72, 0x65, 0x66, 0x70, 0x74, 0x72,
	0x2e, 0x5f, 0x5f, 0x43, 0x54, 0x4f, 0x52, 0x5f, 0x4c, 0x49, 0x53, 0x54, 0x5f, 0x5f, 0x00, 0x69,
	0x6e, 0x69, 0x74, 0x69, 0x61, 0x6c, 0x69, 0x7a, 0x65, 0x64, 0x00, 0x5f, 0x5f, 0x64, 0x79, 0x6e,
	0x5f, 0x74, 0x6c, 0x73, 0x5f, 0x64, 0x74, 0x6f, 0x72, 0x00, 0x5f, 0x5f, 0x64, 0x79, 0x6e, 0x5f,
	0x74, 0x6c, 0x73, 0x5f, 0x69, 0x6e, 0x69, 0x74, 0x00, 0x2e, 0x72, 0x64, 0x61, 0x74, 0x61, 0x24,
	0x2e, 0x72, 0x65, 0x66, 0x70, 0x74, 0x72, 0x2e, 0x5f, 0x43, 0x52, 0x54, 0x5f, 0x4d, 0x54, 0x00,
	0x5f, 0x5f, 0x74, 0x6c, 0x72, 0x65, 0x67, 0x64, 0x74, 0x6f, 0x72, 0x00, 0x5f, 0x5f, 0x72, 0x65,
	0x70, 0x6f, 0x72, 0x74, 0x5f, 0x65, 0x72, 0x72, 0x6f, 0x72, 0x00, 0x6d, 0x61, 0x72, 0x6b, 0x5f,
	0x73, 0x65, 0x63, 0x74, 0x69, 0x6f, 0x6e, 0x5f, 0x77, 0x72, 0x69, 0x74, 0x61, 0x62, 0x6c, 0x65,
	0x00, 0x6d, 0x61, 0x78, 0x53, 0x65, 0x63, 0x74, 0x69, 0x6f, 0x6e, 0x73, 0x00, 0x5f, 0x70, 0x65,
	0x69, 0x33, 0x38, 0x36, 0x5f, 0x72, 0x75, 0x6e, 0x74, 0x69, 0x6d, 0x65, 0x5f, 0x72, 0x65, 0x6c,
	0x6f, 0x63, 0x61, 0x74, 0x6f, 0x72, 0x00, 0x77, 0x61, 0x73, 0x5f, 0x69, 0x6e, 0x69, 0x74, 0x2e,
	0x30, 0x00, 0x2e, 0x72, 0x64, 0x61, 0x74, 0x61, 0x24, 0x2e, 0x72, 0x65, 0x66, 0x70, 0x74, 0x72,
	0x2e, 0x5f, 0x5f, 0x52, 0x55, 0x4e, 0x54, 0x49, 0x4d, 0x45, 0x5f, 0x50, 0x53, 0x45, 0x55, 0x44,
	0x4f, 0x5f, 0x52, 0x45, 0x4c, 0x4f, 0x43, 0x5f, 0x4c, 0x49, 0x53, 0x54, 0x5f, 0x45, 0x4e, 0x44,
	0x5f, 0x5f, 0x00, 0x2e, 0x72, 0x64, 0x61, 0x74, 0x61, 0x24, 0x2e, 0x72, 0x65, 0x66, 0x70, 0x74,
	0x72, 0x2e, 0x5f, 0x5f, 0x52, 0x55, 0x4e, 0x54, 0x49, 0x4d, 0x45, 0x5f, 0x50, 0x53, 0x45, 0x55,
	0x44, 0x4f, 0x5f, 0x52, 0x45, 0x4c, 0x4f, 0x43, 0x5f, 0x4c, 0x49, 0x53, 0x54, 0x5f, 0x5f, 0x00,
	0x2e, 0x72, 0x64, 0x61, 0x74, 0x61, 0x24, 0x2e, 0x72, 0x65, 0x66, 0x70, 0x74, 0x72, 0x2e, 0x5f,
	0x5f, 0x49, 0x6d, 0x61, 0x67, 0x65, 0x42, 0x61, 0x73, 0x65, 0x00, 0x5f, 0x5f, 0x6d, 0x69, 0x6e,
	0x67, 0x77, 0x74, 0x68, 0x72, 0x5f, 0x72, 0x75, 0x6e, 0x5f, 0x6b, 0x65, 0x79, 0x5f, 0x64, 0x74,
	0x6f, 0x72, 0x73, 0x2e, 0x70, 0x61, 0x72, 0x74, 0x2e, 0x30, 0x00, 0x5f, 0x5f, 0x6d, 0x69, 0x6e,
	0x67, 0x77, 0x74, 0x68, 0x72, 0x5f, 0x63, 0x73, 0x00, 0x6b, 0x65, 0x79, 0x5f, 0x64, 0x74, 0x6f,
	0x72, 0x5f, 0x6c, 0x69, 0x73, 0x74, 0x00, 0x5f, 0x5f, 0x5f, 0x77, 0x36, 0x34, 0x5f, 0x6d, 0x69,
	0x6e, 0x67, 0x77, 0x74, 0x68, 0x72, 0x5f, 0x61, 0x64, 0x64, 0x5f, 0x6b, 0x65, 0x79, 0x5f, 0x64,
	0x74, 0x6f, 0x72, 0x00, 0x5f, 0x5f, 0x6d, 0x69, 0x6e, 0x67, 0x77, 0x74, 0x68, 0x72, 0x5f, 0x63,
	0x73, 0x5f, 0x69, 0x6e, 0x69, 0x74, 0x00, 0x5f, 0x5f, 0x5f, 0x77, 0x36, 0x34, 0x5f, 0x6d, 0x69,
	0x6e, 0x67, 0x77, 0x74, 0x68, 0x72, 0x5f, 0x72, 0x65, 0x6d, 0x6f, 0x76, 0x65, 0x5f, 0x6b, 0x65,
	0x79, 0x5f, 0x64, 0x74, 0x6f, 0x72, 0x00, 0x5f, 0x5f, 0x6d, 0x69, 0x6e, 0x67, 0x77, 0x5f, 0x54,
	0x4c, 0x53, 0x63, 0x61, 0x6c, 0x6c, 0x62, 0x61, 0x63, 0x6b, 0x00, 0x70, 0x73, 0x65, 0x75, 0x64,
	0x6f, 0x2d, 0x72, 0x65, 0x6c, 0x6f, 0x63, 0x2d, 0x6c, 0x69, 0x73, 0x74, 0x2e, 0x63, 0x00, 0x5f,
	0x56, 0x61, 0x6c, 0x69, 0x64, 0x61, 0x74, 0x65, 0x49, 0x6d, 0x61, 0x67, 0x65, 0x42, 0x61, 0x73,
	0x65, 0x00, 0x5f, 0x46, 0x69, 0x6e, 0x64, 0x50, 0x45, 0x53, 0x65, 0x63, 0x74, 0x69, 0x6f, 0x6e,
	0x00, 0x5f, 0x46, 0x69, 0x6e, 0x64, 0x50, 0x45, 0x53, 0x65, 0x63, 0x74, 0x69, 0x6f, 0x6e, 0x42,
	0x79, 0x4e, 0x61, 0x6d, 0x65, 0x00, 0x5f, 0x5f, 0x6d, 0x69, 0x6e, 0x67, 0x77, 0x5f, 0x47, 0x65,
	0x74, 0x53, 0x65, 0x63, 0x74, 0x69, 0x6f, 0x6e, 0x46, 0x6f, 0x72, 0x41, 0x64, 0x64, 0x72, 0x65,
	0x73, 0x73, 0x00, 0x5f, 0x5f, 0x6d, 0x69, 0x6e, 0x67, 0x77, 0x5f, 0x47, 0x65, 0x74, 0x53, 0x65,
	0x63, 0x74, 0x69, 0x6f, 0x6e, 0x43, 0x6f, 0x75, 0x6e, 0x74, 0x00, 0x5f, 0x46, 0x69, 0x6e, 0x64,
	0x50, 0x45, 0x53, 0x65, 0x63, 0x74, 0x69, 0x6f, 0x6e, 0x45, 0x78, 0x65, 0x63, 0x00, 0x5f, 0x47,
	0x65, 0x74, 0x50, 0x45, 0x49, 0x6d, 0x61, 0x67, 0x65, 0x42, 0x61, 0x73, 0x65, 0x00, 0x5f, 0x49,
	0x73, 0x4e, 0x6f, 0x6e, 0x77, 0x72, 0x69, 0x74, 0x61, 0x62, 0x6c, 0x65, 0x49, 0x6e, 0x43, 0x75,
	0x72, 0x72, 0x65, 0x6e, 0x74, 0x49, 0x6d, 0x61, 0x67, 0x65, 0x00, 0x5f, 0x5f, 0x6d, 0x69, 0x6e,
	0x67, 0x77, 0x5f, 0x65, 0x6e, 0x75, 0x6d, 0x5f, 0x69, 0x6d, 0x70, 0x6f, 0x72, 0x74, 0x5f, 0x6c,
	0x69, 0x62, 0x72, 0x61, 0x72, 0x79, 0x5f, 0x6e, 0x61, 0x6d, 0x65, 0x73, 0x00, 0x2e, 0x64, 0x65,
	0x62, 0x75, 0x67, 0x5f, 0x69, 0x6e, 0x66, 0x6f, 0x00, 0x2e, 0x64, 0x65, 0x62, 0x75, 0x67, 0x5f,
	0x61, 0x62, 0x62, 0x72, 0x65, 0x76, 0x00, 0x2e, 0x64, 0x65, 0x62, 0x75, 0x67, 0x5f, 0x6c, 0x69,
	0x6e, 0x65, 0x00, 0x2e, 0x64, 0x65, 0x62, 0x75, 0x67, 0x5f, 0x6c, 0x69, 0x6e, 0x65, 0x5f, 0x73,
	0x74, 0x72, 0x00, 0x2e, 0x64, 0x65, 0x62, 0x75, 0x67, 0x5f, 0x61, 0x72, 0x61, 0x6e, 0x67, 0x65,
	0x73, 0x00, 0x2e, 0x64, 0x65, 0x62, 0x75, 0x67, 0x5f, 0x73, 0x74, 0x72, 0x00, 0x2e, 0x64, 0x65,
	0x62, 0x75, 0x67, 0x5f, 0x66, 0x72, 0x61, 0x6d, 0x65, 0x00, 0x5f, 0x69, 0x6e, 0x69, 0x74, 0x74,
	0x65, 0x72, 0x6d, 0x5f, 0x65, 0x00, 0x5f, 0x5f, 0x61, 0x63, 0x72, 0x74, 0x5f, 0x69, 0x6f, 0x62,
	0x5f, 0x66, 0x75, 0x6e, 0x63, 0x00, 0x5f, 0x69, 0x6e, 0x69, 0x74, 0x69, 0x61, 0x6c, 0x69, 0x7a,
	0x65, 0x5f, 0x6f, 0x6e, 0x65, 0x78, 0x69, 0x74, 0x5f, 0x74, 0x61, 0x62, 0x6c, 0x65, 0x00, 0x5f,
	0x72, 0x65, 0x67, 0x69, 0x73, 0x74, 0x65, 0x72, 0x5f, 0x6f, 0x6e, 0x65, 0x78, 0x69, 0x74, 0x5f,
	0x66, 0x75, 0x6e, 0x63, 0x74, 0x69, 0x6f, 0x6e, 0x00, 0x5f, 0x65, 0x78, 0x65, 0x63, 0x75, 0x74,
	0x65, 0x5f, 0x6f, 0x6e, 0x65, 0x78, 0x69, 0x74, 0x5f, 0x74, 0x61, 0x62, 0x6c, 0x65, 0x00, 0x72,
	0x65, 0x67, 0x69, 0x73, 0x74, 0x65, 0x72, 0x5f, 0x66, 0x72, 0x61, 0x6d, 0x65, 0x5f, 0x63, 0x74,
	0x6f, 0x72, 0x00, 0x2e, 0x74, 0x65, 0x78, 0x74, 0x2e, 0x73, 0x74, 0x61, 0x72, 0x74, 0x75, 0x70,
	0x00, 0x2e, 0x78, 0x64, 0x61, 0x74, 0x61, 0x2e, 0x73, 0x74, 0x61, 0x72, 0x74, 0x75, 0x70, 0x00,
	0x2e, 0x70, 0x64, 0x61, 0x74, 0x61, 0x2e, 0x73, 0x74, 0x61, 0x72, 0x74, 0x75, 0x70, 0x00, 0x2e,
	0x63, 0x74, 0x6f, 0x72, 0x73, 0x2e, 0x36, 0x35, 0x35, 0x33, 0x35, 0x00, 0x5f, 0x5f, 0x5f, 0x52,
	0x55, 0x4e, 0x54, 0x49, 0x4d, 0x45, 0x5f, 0x50, 0x53, 0x45, 0x55, 0x44, 0x4f, 0x5f, 0x52, 0x45,
	0x4c, 0x4f, 0x43, 0x5f, 0x4c, 0x49, 0x53, 0x54, 0x5f, 0x5f, 0x00, 0x4c, 0x6f, 0x63, 0x61, 0x6c,
	0x41, 0x6c, 0x6c, 0x6f, 0x63, 0x00, 0x5f, 0x5f, 0x69, 0x6d, 0x70, 0x5f, 0x61, 0x62, 0x6f, 0x72,
	0x74, 0x00, 0x5f, 0x5f, 0x6c, 0x69, 0x62, 0x36, 0x34, 0x5f, 0x6c, 0x69, 0x62, 0x6b, 0x65, 0x72,
	0x6e, 0x65, 0x6c, 0x33, 0x32, 0x5f, 0x61, 0x5f, 0x69, 0x6e, 0x61, 0x6d, 0x65, 0x00, 0x5f, 0x5f,
	0x69, 0x6d, 0x70, 0x5f, 0x5f, 0x69, 0x6e, 0x69, 0x74, 0x74, 0x65, 0x72, 0x6d, 0x5f, 0x65, 0x00,
	0x5f, 0x5f, 0x69, 0x6d, 0x70, 0x5f, 0x47, 0x65, 0x74, 0x45, 0x6e, 0x76, 0x69, 0x72, 0x6f, 0x6e,
	0x6d, 0x65, 0x6e, 0x74, 0x56, 0x61, 0x72, 0x69, 0x61, 0x62, 0x6c, 0x65, 0x57, 0x00, 0x5f, 0x5f,
	0x64, 0x61, 0x74, 0x61, 0x5f, 0x73, 0x74, 0x61, 0x72, 0x74, 0x5f, 0x5f, 0x00, 0x5f, 0x5f, 0x5f,
	0x44, 0x54, 0x4f, 0x52, 0x5f, 0x4c, 0x49, 0x53, 0x54, 0x5f, 0x5f, 0x00, 0x5f, 0x5f, 0x69, 0x6d,
	0x70, 0x5f, 0x5f, 0x6c, 0x6f, 0x63, 0x6b, 0x00, 0x5f, 0x68, 0x65, 0x61, 0x64, 0x5f, 0x6c, 0x69,
	0x62, 0x36, 0x34, 0x5f, 0x6c, 0x69, 0x62, 0x6d, 0x73, 0x76, 0x63, 0x72, 0x74, 0x5f, 0x64, 0x65,
	0x66, 0x5f, 0x61, 0x00, 0x5f, 0x5f, 0x69, 0x6d, 0x70, 0x5f, 0x47, 0x65, 0x74, 0x45, 0x78, 0x69,
	0x74, 0x43, 0x6f, 0x64, 0x65, 0x50, 0x72, 0x6f, 0x63, 0x65, 0x73, 0x73, 0x00, 0x5f, 0x5f, 0x69,
	0x6d, 0x70, 0x5f, 0x43, 0x72, 0x65, 0x61, 0x74, 0x65, 0x46, 0x69, 0x6c, 0x65, 0x57, 0x00, 0x5f,
	0x5f, 0x69, 0x6d, 0x70, 0x5f, 0x63, 0x61, 0x6c, 0x6c, 0x6f, 0x63, 0x00, 0x4c, 0x6f, 0x63, 0x61,
	0x6c, 0x46, 0x72, 0x65, 0x65, 0x00, 0x5f, 0x5f, 0x5f, 0x74, 0x6c, 0x73, 0x5f, 0x73, 0x74, 0x61,
	0x72, 0x74, 0x5f, 0x5f, 0x00, 0x2e, 0x72, 0x65, 0x66, 0x70, 0x74, 0x72, 0x2e, 0x5f, 0x5f, 0x6e,
	0x61, 0x74, 0x69, 0x76, 0x65, 0x5f, 0x73, 0x74, 0x61, 0x72, 0x74, 0x75, 0x70, 0x5f, 0x73, 0x74,
	0x61, 0x74, 0x65, 0x00, 0x47, 0x65, 0x74, 0x4c, 0x61, 0x73, 0x74, 0x45, 0x72, 0x72, 0x6f, 0x72,
	0x00, 0x5f, 0x5f, 0x72, 0x74, 0x5f, 0x70, 0x73, 0x72, 0x65, 0x6c, 0x6f, 0x63, 0x73, 0x5f, 0x73,
	0x74, 0x61, 0x72, 0x74, 0x00, 0x5f, 0x5f, 0x69, 0x6d, 0x70, 0x5f, 0x47, 0x65, 0x74, 0x54, 0x6f,
	0x6b, 0x65, 0x6e, 0x49, 0x6e, 0x66, 0x6f, 0x72, 0x6d, 0x61, 0x74, 0x69, 0x6f, 0x6e, 0x00, 0x5f,
	0x5f, 0x64, 0x6c, 0x6c, 0x5f, 0x63, 0x68, 0x61, 0x72, 0x61, 0x63, 0x74, 0x65, 0x72, 0x69, 0x73,
	0x74, 0x69, 0x63, 0x73, 0x5f, 0x5f, 0x00, 0x5f, 0x5f, 0x73, 0x69, 0x7a, 0x65, 0x5f, 0x6f, 0x66,
	0x5f, 0x73, 0x74, 0x61, 0x63, 0x6b, 0x5f, 0x63, 0x6f, 0x6d, 0x6d, 0x69, 0x74, 0x5f, 0x5f, 0x00,
	0x5f, 0x5f, 0x6d, 0x69, 0x6e, 0x67, 0x77, 0x5f, 0x6d, 0x6f, 0x64, 0x75, 0x6c, 0x65, 0x5f, 0x69,
	0x73, 0x5f, 0x64, 0x6c, 0x6c, 0x00, 0x44, 0x65, 0x6c, 0x65, 0x74, 0x65, 0x46, 0x69, 0x6c, 0x65,
	0x57, 0x00, 0x5f, 0x5f, 0x69, 0x6f, 0x62, 0x5f, 0x66, 0x75, 0x6e, 0x63, 0x00, 0x5f, 0x5f, 0x73,
	0x69, 0x7a, 0x65, 0x5f, 0x6f, 0x66, 0x5f, 0x73, 0x74, 0x61, 0x63, 0x6b, 0x5f, 0x72, 0x65, 0x73,
	0x65, 0x72, 0x76, 0x65, 0x5f, 0x5f, 0x00, 0x5f, 0x5f, 0x6d, 0x61, 0x6a, 0x6f, 0x72, 0x5f, 0x73,
	0x75, 0x62, 0x73, 0x79, 0x73, 0x74, 0x65, 0x6d, 0x5f, 0x76, 0x65, 0x72, 0x73, 0x69, 0x6f, 0x6e,
	0x5f, 0x5f, 0x00, 0x5f, 0x5f, 0x5f, 0x63, 0x72, 0x74, 0x5f, 0x78, 0x6c, 0x5f, 0x73, 0x74, 0x61,
	0x72, 0x74, 0x5f, 0x5f, 0x00, 0x5f, 0x5f, 0x69, 0x6d, 0x70, 0x5f, 0x44, 0x65, 0x6c, 0x65, 0x74,
	0x65, 0x43, 0x72, 0x69, 0x74, 0x69, 0x63, 0x61, 0x6c, 0x53, 0x65, 0x63, 0x74, 0x69, 0x6f, 0x6e,
	0x00, 0x2e, 0x72, 0x65, 0x66, 0x70, 0x74, 0x72, 0x2e, 0x5f, 0x5f, 0x43, 0x54, 0x4f, 0x52, 0x5f,
	0x4c, 0x49, 0x53, 0x54, 0x5f, 0x5f, 0x00, 0x56, 0x69, 0x72, 0x74, 0x75, 0x61, 0x6c, 0x51, 0x75,
	0x65, 0x72, 0x79, 0x00, 0x5f, 0x5f, 0x5f, 0x63, 0x72, 0x74, 0x5f, 0x78, 0x69, 0x5f, 0x73, 0x74,
	0x61, 0x72, 0x74, 0x5f, 0x5f, 0x00, 0x5f, 0x5f, 0x69, 0x6d, 0x70, 0x5f, 0x4c, 0x6f, 0x63, 0x61,
	0x6c, 0x41, 0x6c, 0x6c, 0x6f, 0x63, 0x00, 0x5f, 0x5f, 0x69, 0x6d, 0x70, 0x5f, 0x5f, 0x61, 0x6d,
	0x73, 0x67, 0x5f, 0x65, 0x78, 0x69, 0x74, 0x00, 0x5f, 0x5f, 0x5f, 0x63, 0x72, 0x74, 0x5f, 0x78,
	0x69, 0x5f, 0x65, 0x6e, 0x64, 0x5f, 0x5f, 0x00, 0x5f, 0x74, 0x6c, 0x73, 0x5f, 0x73, 0x74, 0x61,
	0x72, 0x74, 0x00, 0x5f, 0x5f, 0x69, 0x6d, 0x70, 0x5f, 0x6c, 0x73, 0x74, 0x72, 0x63, 0x61, 0x74,
	0x57, 0x00, 0x5f, 0x5f, 0x69, 0x6d, 0x70, 0x5f, 0x77, 0x73, 0x70, 0x72, 0x69, 0x6e, 0x74, 0x66,
	0x57, 0x00, 0x5f, 0x5f, 0x69, 0x6d, 0x70, 0x5f, 0x43, 0x72, 0x65, 0x61, 0x74, 0x65, 0x50, 0x72,
	0x6f, 0x63, 0x65, 0x73, 0x73, 0x57, 0x00, 0x5f, 0x5f, 0x69, 0x6d, 0x70, 0x5f, 0x47, 0x65, 0x74,
	0x54, 0x65, 0x6d, 0x70, 0x50, 0x61, 0x74, 0x68, 0x57, 0x00, 0x5f, 0x5f, 0x6c, 0x69, 0x62, 0x36,
	0x34, 0x5f, 0x6c, 0x69, 0x62, 0x61, 0x64, 0x76, 0x61, 0x70, 0x69, 0x33, 0x32, 0x5f, 0x61, 0x5f,
	0x69, 0x6e, 0x61, 0x6d, 0x65, 0x00, 0x2e, 0x72, 0x65, 0x66, 0x70, 0x74, 0x72, 0x2e, 0x5f, 0x5f,
	0x52, 0x55, 0x4e, 0x54, 0x49, 0x4d, 0x45, 0x5f, 0x50, 0x53, 0x45, 0x55, 0x44, 0x4f, 0x5f, 0x52,
	0x45, 0x4c, 0x4f, 0x43, 0x5f, 0x4c, 0x49, 0x53, 0x54, 0x5f, 0x5f, 0x00, 0x47, 0x65, 0x74, 0x43,
	0x75, 0x72, 0x72, 0x65, 0x6e, 0x74, 0x50, 0x72, 0x6f, 0x63, 0x65, 0x73, 0x73, 0x49, 0x64, 0x00,
	0x54, 0x6c, 0x73, 0x47, 0x65, 0x74, 0x56, 0x61, 0x6c, 0x75, 0x65, 0x00, 0x5f, 0x5f, 0x62, 0x73,
	0x73, 0x5f, 0x73, 0x74, 0x61, 0x72, 0x74, 0x5f, 0x5f, 0x00, 0x5f, 0x5f, 0x69, 0x6d, 0x70, 0x5f,
	0x4d, 0x75, 0x6c, 0x74, 0x69, 0x42, 0x79, 0x74, 0x65, 0x54, 0x6f, 0x57, 0x69, 0x64, 0x65, 0x43,
	0x68, 0x61, 0x72, 0x00, 0x5f, 0x5f, 0x5f, 0x52, 0x55, 0x4e, 0x54, 0x49, 0x4d, 0x45, 0x5f, 0x50,
	0x53, 0x45, 0x55, 0x44, 0x4f, 0x5f, 0x52, 0x45, 0x4c, 0x4f, 0x43, 0x5f, 0x4c, 0x49, 0x53, 0x54,
	0x5f, 0x45, 0x4e, 0x44, 0x5f, 0x5f, 0x00, 0x5f, 0x5f, 0x73, 0x69, 0x7a, 0x65, 0x5f, 0x6f, 0x66,
	0x5f, 0x68, 0x65, 0x61, 0x70, 0x5f, 0x63, 0x6f, 0x6d, 0x6d, 0x69, 0x74, 0x5f, 0x5f, 0x00, 0x5f,
	0x5f, 0x69, 0x6d, 0x70, 0x5f, 0x47, 0x65, 0x74, 0x4c, 0x61, 0x73, 0x74, 0x45, 0x72, 0x72, 0x6f,
	0x72, 0x00, 0x5f, 0x5f, 0x6d, 0x69, 0x6e, 0x67, 0x77, 0x5f, 0x69, 0x6e, 0x69, 0x74, 0x6c, 0x74,
	0x73, 0x64, 0x72, 0x6f, 0x74, 0x5f, 0x66, 0x6f, 0x72, 0x63, 0x65, 0x00, 0x5f, 0x5f, 0x69, 0x6d,
	0x70, 0x5f, 0x66, 0x72, 0x65, 0x65, 0x00, 0x2e, 0x72, 0x65, 0x66, 0x70, 0x74, 0x72, 0x2e, 0x5f,
	0x5f, 0x6d, 0x69, 0x6e, 0x67, 0x77, 0x5f, 0x61, 0x70, 0x70, 0x5f, 0x74, 0x79, 0x70, 0x65, 0x00,
	0x5f, 0x5f, 0x6d, 0x69, 0x6e, 0x67, 0x77, 0x5f, 0x69, 0x6e, 0x69, 0x74, 0x6c, 0x74, 0x73, 0x73,
	0x75, 0x6f, 0x5f, 0x66, 0x6f, 0x72, 0x63, 0x65, 0x00, 0x56, 0x69, 0x72, 0x74, 0x75, 0x61, 0x6c,
	0x50, 0x72, 0x6f, 0x74, 0x65, 0x63, 0x74, 0x00, 0x5f, 0x5f, 0x5f, 0x63, 0x72, 0x74, 0x5f, 0x78,
	0x64, 0x5f, 0x65, 0x6e, 0x64, 0x5f, 0x5f, 0x00, 0x5f, 0x5f, 0x5f, 0x63, 0x72, 0x74, 0x5f, 0x78,
	0x70, 0x5f, 0x73, 0x74, 0x61, 0x72, 0x74, 0x5f, 0x5f, 0x00, 0x5f, 0x5f, 0x69, 0x6d, 0x70, 0x5f,
	0x4c, 0x65, 0x61, 0x76, 0x65, 0x43, 0x72, 0x69, 0x74, 0x69, 0x63, 0x61, 0x6c, 0x53, 0x65, 0x63,
	0x74, 0x69, 0x6f, 0x6e, 0x00, 0x5f, 0x5f, 0x69, 0x6d, 0x70, 0x5f, 0x52, 0x65, 0x61, 0x64, 0x46,
	0x69, 0x6c, 0x65, 0x00, 0x5f, 0x5f, 0x69, 0x6d, 0x70, 0x5f, 0x77, 0x73, 0x70, 0x72, 0x69, 0x6e,
	0x74, 0x66, 0x41, 0x00, 0x2e, 0x72, 0x65, 0x66, 0x70, 0x74, 0x72, 0x2e, 0x5f, 0x5f, 0x52, 0x55,
	0x4e, 0x54, 0x49, 0x4d, 0x45, 0x5f, 0x50, 0x53, 0x45, 0x55, 0x44, 0x4f, 0x5f, 0x52, 0x45, 0x4c,
	0x4f, 0x43, 0x5f, 0x4c, 0x49, 0x53, 0x54, 0x5f, 0x45, 0x4e, 0x44, 0x5f, 0x5f, 0x00, 0x5f, 0x68,
	0x65, 0x61, 0x64, 0x5f, 0x6c, 0x69, 0x62, 0x36, 0x34, 0x5f, 0x6c, 0x69, 0x62, 0x61, 0x64, 0x76,
	0x61, 0x70, 0x69, 0x33, 0x32, 0x5f, 0x61, 0x00, 0x5f, 0x5f, 0x5f, 0x63, 0x72, 0x74, 0x5f, 0x78,
	0x70, 0x5f, 0x65, 0x6e, 0x64, 0x5f, 0x5f, 0x00, 0x5f, 0x5f, 0x69, 0x6d, 0x70, 0x5f, 0x43, 0x6c,
	0x6f, 0x73, 0x65, 0x48, 0x61, 0x6e, 0x64, 0x6c, 0x65, 0x00, 0x5f, 0x5f, 0x6d, 0x69, 0x6e, 0x6f,
	0x72, 0x5f, 0x6f, 0x73, 0x5f, 0x76, 0x65, 0x72, 0x73, 0x69, 0x6f, 0x6e, 0x5f, 0x5f, 0x00, 0x45,
	0x6e, 0x74, 0x65, 0x72, 0x43, 0x72, 0x69, 0x74, 0x69, 0x63, 0x61, 0x6c, 0x53, 0x65, 0x63, 0x74,
	0x69, 0x6f, 0x6e, 0x00, 0x2e, 0x72, 0x65, 0x66, 0x70, 0x74, 0x72, 0x2e, 0x5f, 0x5f, 0x78, 0x69,
	0x5f, 0x61, 0x00, 0x2e, 0x72, 0x65, 0x66, 0x70, 0x74, 0x72, 0x2e, 0x5f, 0x43, 0x52, 0x54, 0x5f,
	0x4d, 0x54, 0x00, 0x5f, 0x5f, 0x73, 0x65, 0x63, 0x74, 0x69, 0x6f, 0x6e, 0x5f, 0x61, 0x6c, 0x69,
	0x67, 0x6e, 0x6d, 0x65, 0x6e, 0x74, 0x5f, 0x5f, 0x00, 0x5f, 0x5f, 0x6e, 0x61, 0x74, 0x69, 0x76,
	0x65, 0x5f, 0x64, 0x6c, 0x6c, 0x6d, 0x61, 0x69, 0x6e, 0x5f, 0x72, 0x65, 0x61, 0x73, 0x6f, 0x6e,
	0x00, 0x5f, 0x5f, 0x6c, 0x69, 0x62, 0x36, 0x34, 0x5f, 0x6c, 0x69, 0x62, 0x75, 0x73, 0x65, 0x72,
	0x33, 0x32, 0x5f, 0x61, 0x5f, 0x69, 0x6e, 0x61, 0x6d, 0x65, 0x00, 0x5f, 0x74, 0x6c, 0x73, 0x5f,
	0x75, 0x73, 0x65, 0x64, 0x00, 0x5f, 0x5f, 0x5f, 0x63, 0x72, 0x74, 0x5f, 0x78, 0x64, 0x5f, 0x73,
	0x74, 0x61, 0x72, 0x74, 0x5f, 0x5f, 0x00, 0x5f, 0x5f, 0x49, 0x41, 0x54, 0x5f, 0x65, 0x6e, 0x64,
	0x5f, 0x5f, 0x00, 0x5f, 0x5f, 0x69, 0x6d, 0x70, 0x5f, 0x6d, 0x65, 0x6d, 0x63, 0x70, 0x79, 0x00,
	0x5f, 0x5f, 0x52, 0x55, 0x4e, 0x54, 0x49, 0x4d, 0x45, 0x5f, 0x50, 0x53, 0x45, 0x55, 0x44, 0x4f,
	0x5f, 0x52, 0x45, 0x4c, 0x4f, 0x43, 0x5f, 0x4c, 0x49, 0x53, 0x54, 0x5f, 0x5f, 0x00, 0x5f, 0x5f,
	0x6c, 0x69, 0x62, 0x36, 0x34, 0x5f, 0x6c, 0x69, 0x62, 0x6d, 0x73, 0x76, 0x63, 0x72, 0x74, 0x5f,
	0x64, 0x65, 0x66, 0x5f, 0x61, 0x5f, 0x69, 0x6e, 0x61, 0x6d, 0x65, 0x00, 0x47, 0x65, 0x74, 0x54,
	0x6f, 0x6b, 0x65, 0x6e, 0x49, 0x6e, 0x66, 0x6f, 0x72, 0x6d, 0x61, 0x74, 0x69, 0x6f, 0x6e, 0x00,
	0x5f, 0x5f, 0x64, 0x61, 0x74, 0x61, 0x5f, 0x65, 0x6e, 0x64, 0x5f, 0x5f, 0x00, 0x5f, 0x5f, 0x43,
	0x54, 0x4f, 0x52, 0x5f, 0x4c, 0x49, 0x53, 0x54, 0x5f, 0x5f, 0x00, 0x5f, 0x68, 0x65, 0x61, 0x64,
	0x5f, 0x6c, 0x69, 0x62, 0x36, 0x34, 0x5f, 0x6c, 0x69, 0x62, 0x6b, 0x65, 0x72, 0x6e, 0x65, 0x6c,
	0x33, 0x32, 0x5f, 0x61, 0x00, 0x5f, 0x5f, 0x62, 0x73, 0x73, 0x5f, 0x65, 0x6e, 0x64, 0x5f, 0x5f,
	0x00, 0x5f, 0x5f, 0x6e, 0x61, 0x74, 0x69, 0x76, 0x65, 0x5f, 0x76, 0x63, 0x63, 0x6c, 0x72, 0x69,
	0x74, 0x5f, 0x72, 0x65, 0x61, 0x73, 0x6f, 0x6e, 0x00, 0x5f, 0x5f, 0x5f, 0x63, 0x72, 0x74, 0x5f,
	0x78, 0x63, 0x5f, 0x65, 0x6e, 0x64, 0x5f, 0x5f, 0x00, 0x2e, 0x72, 0x65, 0x66, 0x70, 0x74, 0x72,
	0x2e, 0x5f, 0x5f, 0x6e, 0x61, 0x74, 0x69, 0x76, 0x65, 0x5f, 0x73, 0x74, 0x61, 0x72, 0x74, 0x75,
	0x70, 0x5f, 0x6c, 0x6f, 0x63, 0x6b, 0x00, 0x5f, 0x5f, 0x69, 0x6d, 0x70, 0x5f, 0x45, 0x6e, 0x74,
	0x65, 0x72, 0x43, 0x72, 0x69, 0x74, 0x69, 0x63, 0x61, 0x6c, 0x53, 0x65, 0x63, 0x74, 0x69, 0x6f,
	0x6e, 0x00, 0x77, 0x73, 0x70, 0x72, 0x69, 0x6e, 0x74, 0x66, 0x41, 0x00, 0x5f, 0x74, 0x6c, 0x73,
	0x5f, 0x69, 0x6e, 0x64, 0x65, 0x78, 0x00, 0x5f, 0x5f, 0x6e, 0x61, 0x74, 0x69, 0x76, 0x65, 0x5f,
	0x73, 0x74, 0x61, 0x72, 0x74, 0x75, 0x70, 0x5f, 0x73, 0x74, 0x61, 0x74, 0x65, 0x00, 0x5f, 0x5f,
	0x5f, 0x63, 0x72, 0x74, 0x5f, 0x78, 0x63, 0x5f, 0x73, 0x74, 0x61, 0x72, 0x74, 0x5f, 0x5f, 0x00,
	0x5f, 0x5f, 0x69, 0x6d, 0x70, 0x5f, 0x47, 0x65, 0x74, 0x43, 0x75, 0x72, 0x72, 0x65, 0x6e, 0x74,
	0x50, 0x72, 0x6f, 0x63, 0x65, 0x73, 0x73, 0x49, 0x64, 0x00, 0x5f, 0x5f, 0x5f, 0x43, 0x54, 0x4f,
	0x52, 0x5f, 0x4c, 0x49, 0x53, 0x54, 0x5f, 0x5f, 0x00, 0x2e, 0x72, 0x65, 0x66, 0x70, 0x74, 0x72,
	0x2e, 0x5f, 0x5f, 0x64, 0x79, 0x6e, 0x5f, 0x74, 0x6c, 0x73, 0x5f, 0x69, 0x6e, 0x69, 0x74, 0x5f,
	0x63, 0x61, 0x6c, 0x6c, 0x62, 0x61, 0x63, 0x6b, 0x00, 0x5f, 0x5f, 0x69, 0x6d, 0x70, 0x5f, 0x5f,
	0x72, 0x65, 0x67, 0x69, 0x73, 0x74, 0x65, 0x72, 0x5f, 0x6f, 0x6e, 0x65, 0x78, 0x69, 0x74, 0x5f,
	0x66, 0x75, 0x6e, 0x63, 0x74, 0x69, 0x6f, 0x6e, 0x00, 0x47, 0x65, 0x74, 0x45, 0x78, 0x69, 0x74,
	0x43, 0x6f, 0x64, 0x65, 0x50, 0x72, 0x6f, 0x63, 0x65, 0x73, 0x73, 0x00, 0x2e, 0x72, 0x65, 0x66,
	0x70, 0x74, 0x72, 0x2e, 0x5f, 0x5f, 0x49, 0x6d, 0x61, 0x67, 0x65, 0x42, 0x61, 0x73, 0x65, 0x00,
	0x5f, 0x5f, 0x69, 0x6d, 0x70, 0x5f, 0x73, 0x74, 0x72, 0x6c, 0x65, 0x6e, 0x00, 0x5f, 0x5f, 0x69,
	0x6d, 0x70, 0x5f, 0x44, 0x65, 0x6c, 0x65, 0x74, 0x65, 0x46, 0x69, 0x6c, 0x65, 0x57, 0x00, 0x5f,
	0x5f, 0x66, 0x69, 0x6c, 0x65, 0x5f, 0x61, 0x6c, 0x69, 0x67, 0x6e, 0x6d, 0x65, 0x6e, 0x74, 0x5f,
	0x5f, 0x00, 0x57, 0x72, 0x69, 0x74, 0x65, 0x46, 0x69, 0x6c, 0x65, 0x00, 0x5f, 0x5f, 0x69, 0x6d,
	0x70, 0x5f, 0x49, 0x6e, 0x69, 0x74, 0x69, 0x61, 0x6c, 0x69, 0x7a, 0x65, 0x43, 0x72, 0x69, 0x74,
	0x69, 0x63, 0x61, 0x6c, 0x53, 0x65, 0x63, 0x74, 0x69, 0x6f, 0x6e, 0x00, 0x43, 0x6c, 0x6f, 0x73,
	0x65, 0x48, 0x61, 0x6e, 0x64, 0x6c, 0x65, 0x00, 0x47, 0x65, 0x74, 0x45, 0x6e, 0x76, 0x69, 0x72,
	0x6f, 0x6e, 0x6d, 0x65, 0x6e, 0x74, 0x56, 0x61, 0x72, 0x69, 0x61, 0x62, 0x6c, 0x65, 0x57, 0x00,
	0x5f, 0x5f, 0x69, 0x6d, 0x70, 0x5f, 0x4f, 0x70, 0x65, 0x6e, 0x50, 0x72, 0x6f, 0x63, 0x65, 0x73,
	0x73, 0x54, 0x6f, 0x6b, 0x65, 0x6e, 0x00, 0x5f, 0x5f, 0x69, 0x6d, 0x70, 0x5f, 0x72, 0x65, 0x61,
	0x6c, 0x6c, 0x6f, 0x63, 0x00, 0x49, 0x6e, 0x69, 0x74, 0x69, 0x61, 0x6c, 0x69, 0x7a, 0x65, 0x43,
	0x72, 0x69, 0x74, 0x69, 0x63, 0x61, 0x6c, 0x53, 0x65, 0x63, 0x74, 0x69, 0x6f, 0x6e, 0x00, 0x5f,
	0x5f, 0x69, 0x6d, 0x70, 0x5f, 0x76, 0x66, 0x70, 0x72, 0x69, 0x6e, 0x74, 0x66, 0x00, 0x5f, 0x5f,
	0x6d, 0x61, 0x6a, 0x6f, 0x72, 0x5f, 0x6f, 0x73, 0x5f, 0x76, 0x65, 0x72, 0x73, 0x69, 0x6f, 0x6e,
	0x5f, 0x5f, 0x00, 0x5f, 0x5f, 0x49, 0x41, 0x54, 0x5f, 0x73, 0x74, 0x61, 0x72, 0x74, 0x5f, 0x5f,
	0x00, 0x47, 0x65, 0x74, 0x54, 0x65, 0x6d, 0x70, 0x50, 0x61, 0x74, 0x68, 0x57, 0x00, 0x5f, 0x5f,
	0x44, 0x54, 0x4f, 0x52, 0x5f, 0x4c, 0x49, 0x53, 0x54, 0x5f, 0x5f, 0x00, 0x5f, 0x5f, 0x69, 0x6d,
	0x70, 0x5f, 0x5f, 0x69, 0x6e, 0x69, 0x74, 0x69, 0x61, 0x6c, 0x69, 0x7a, 0x65, 0x5f, 0x6f, 0x6e,
	0x65, 0x78, 0x69, 0x74, 0x5f, 0x74, 0x61, 0x62, 0x6c, 0x65, 0x00, 0x5f, 0x5f, 0x69, 0x6d, 0x70,
	0x5f, 0x53, 0x6c, 0x65, 0x65, 0x70, 0x00, 0x5f, 0x5f, 0x44, 0x45, 0x4c, 0x41, 0x59, 0x5f, 0x49,
	0x4d, 0x50, 0x4f, 0x52, 0x54, 0x5f, 0x44, 0x49, 0x52, 0x45, 0x43, 0x54, 0x4f, 0x52, 0x59, 0x5f,
	0x73, 0x74, 0x61, 0x72, 0x74, 0x5f, 0x5f, 0x00, 0x4c, 0x65, 0x61, 0x76, 0x65, 0x43, 0x72, 0x69,
	0x74, 0x69, 0x63, 0x61, 0x6c, 0x53, 0x65, 0x63, 0x74, 0x69, 0x6f, 0x6e, 0x00, 0x5f, 0x5f, 0x73,
	0x69, 0x7a, 0x65, 0x5f, 0x6f, 0x66, 0x5f, 0x68, 0x65, 0x61, 0x70, 0x5f, 0x72, 0x65, 0x73, 0x65,
	0x72, 0x76, 0x65, 0x5f, 0x5f, 0x00, 0x5f, 0x5f, 0x5f, 0x63, 0x72, 0x74, 0x5f, 0x78, 0x74, 0x5f,
	0x73, 0x74, 0x61, 0x72, 0x74, 0x5f, 0x5f, 0x00, 0x5f, 0x5f, 0x73, 0x75, 0x62, 0x73, 0x79, 0x73,
	0x74, 0x65, 0x6d, 0x5f, 0x5f, 0x00, 0x5f, 0x61, 0x6d, 0x73, 0x67, 0x5f, 0x65, 0x78, 0x69, 0x74,
	0x00, 0x5f, 0x5f, 0x69, 0x6d, 0x70, 0x5f, 0x54, 0x6c, 0x73, 0x47, 0x65, 0x74, 0x56, 0x61, 0x6c,
	0x75, 0x65, 0x00, 0x47, 0x65, 0x74, 0x43, 0x75, 0x72, 0x72, 0x65, 0x6e, 0x74, 0x50, 0x72, 0x6f,
	0x63, 0x65, 0x73, 0x73, 0x00, 0x5f, 0x5f, 0x69, 0x6d, 0x70, 0x5f, 0x5f, 0x65, 0x78, 0x65, 0x63,
	0x75, 0x74, 0x65, 0x5f, 0x6f, 0x6e, 0x65, 0x78, 0x69, 0x74, 0x5f, 0x74, 0x61, 0x62, 0x6c, 0x65,
	0x00, 0x5f, 0x5f, 0x69, 0x6d, 0x70, 0x5f, 0x66, 0x70, 0x72, 0x69, 0x6e, 0x74, 0x66, 0x00, 0x5f,
	0x5f, 0x69, 0x6d, 0x70, 0x5f, 0x57, 0x72, 0x69, 0x74, 0x65, 0x46, 0x69, 0x6c, 0x65, 0x00, 0x4d,
	0x75, 0x6c, 0x74, 0x69, 0x42, 0x79, 0x74, 0x65, 0x54, 0x6f, 0x57, 0x69, 0x64, 0x65, 0x43, 0x68,
	0x61, 0x72, 0x00, 0x5f, 0x5f, 0x44, 0x45, 0x4c, 0x41, 0x59, 0x5f, 0x49, 0x4d, 0x50, 0x4f, 0x52,
	0x54, 0x5f, 0x44, 0x49, 0x52, 0x45, 0x43, 0x54, 0x4f, 0x52, 0x59, 0x5f, 0x65, 0x6e, 0x64, 0x5f,
	0x5f, 0x00, 0x5f, 0x5f, 0x69, 0x6d, 0x70, 0x5f, 0x56, 0x69, 0x72, 0x74, 0x75, 0x61, 0x6c, 0x50,
	0x72, 0x6f, 0x74, 0x65, 0x63, 0x74, 0x00, 0x5f, 0x5f, 0x5f, 0x74, 0x6c, 0x73, 0x5f, 0x65, 0x6e,
	0x64, 0x5f, 0x5f, 0x00, 0x43, 0x72, 0x65, 0x61, 0x74, 0x65, 0x50, 0x72, 0x6f, 0x63, 0x65, 0x73,
	0x73, 0x57, 0x00, 0x5f, 0x5f, 0x69, 0x6d, 0x70, 0x5f, 0x56, 0x69, 0x72, 0x74, 0x75, 0x61, 0x6c,
	0x51, 0x75, 0x65, 0x72, 0x79, 0x00, 0x5f, 0x5f, 0x69, 0x6d, 0x70, 0x5f, 0x5f, 0x69, 0x6e, 0x69,
	0x74, 0x74, 0x65, 0x72, 0x6d, 0x00, 0x5f, 0x5f, 0x6d, 0x69, 0x6e, 0x67, 0x77, 0x5f, 0x69, 0x6e,
	0x69, 0x74, 0x6c, 0x74, 0x73, 0x64, 0x79, 0x6e, 0x5f, 0x66, 0x6f, 0x72, 0x63, 0x65, 0x00, 0x5f,
	0x5f, 0x69, 0x6d, 0x70, 0x5f, 0x5f, 0x5f, 0x69, 0x6f, 0x62, 0x5f, 0x66, 0x75, 0x6e, 0x63, 0x00,
	0x77, 0x73, 0x70, 0x72, 0x69, 0x6e, 0x74, 0x66, 0x57, 0x00, 0x5f, 0x5f, 0x64, 0x79, 0x6e, 0x5f,
	0x74, 0x6c, 0x73, 0x5f, 0x69, 0x6e, 0x69, 0x74, 0x5f, 0x63, 0x61, 0x6c, 0x6c, 0x62, 0x61, 0x63,
	0x6b, 0x00, 0x5f, 0x68, 0x65, 0x61, 0x64, 0x5f, 0x6c, 0x69, 0x62, 0x36, 0x34, 0x5f, 0x6c, 0x69,
	0x62, 0x75, 0x73, 0x65, 0x72, 0x33, 0x32, 0x5f, 0x61, 0x00, 0x5f, 0x69, 0x6e, 0x69, 0x74, 0x74,
	0x65, 0x72, 0x6d, 0x00, 0x5f, 0x5f, 0x69, 0x6d, 0x70, 0x5f, 0x57, 0x61, 0x69, 0x74, 0x46, 0x6f,
	0x72, 0x53, 0x69, 0x6e, 0x67, 0x6c, 0x65, 0x4f, 0x62, 0x6a, 0x65, 0x63, 0x74, 0x00, 0x5f, 0x5f,
	0x69, 0x6d, 0x70, 0x5f, 0x73, 0x74, 0x72, 0x6e, 0x63, 0x6d, 0x70, 0x00, 0x5f, 0x5f, 0x69, 0x6d,
	0x70, 0x5f, 0x5f, 0x5f, 0x61, 0x63, 0x72, 0x74, 0x5f, 0x69, 0x6f, 0x62, 0x5f, 0x66, 0x75, 0x6e,
	0x63, 0x00, 0x5f, 0x5f, 0x6d, 0x61, 0x6a, 0x6f, 0x72, 0x5f, 0x69, 0x6d, 0x61, 0x67, 0x65, 0x5f,
	0x76, 0x65, 0x72, 0x73, 0x69, 0x6f, 0x6e, 0x5f, 0x5f, 0x00, 0x57, 0x61, 0x69, 0x74, 0x46, 0x6f,
	0x72, 0x53, 0x69, 0x6e, 0x67, 0x6c, 0x65, 0x4f, 0x62, 0x6a, 0x65, 0x63, 0x74, 0x00, 0x5f, 0x5f,
	0x6c, 0x6f, 0x61, 0x64, 0x65, 0x72, 0x5f, 0x66, 0x6c, 0x61, 0x67, 0x73, 0x5f, 0x5f, 0x00, 0x5f,
	0x5f, 0x69, 0x6d, 0x70, 0x5f, 0x73, 0x74, 0x72, 0x63, 0x68, 0x72, 0x00, 0x5f, 0x5f, 0x5f, 0x63,
	0x68, 0x6b, 0x73, 0x74, 0x6b, 0x5f, 0x6d, 0x73, 0x00, 0x5f, 0x5f, 0x6e, 0x61, 0x74, 0x69, 0x76,
	0x65, 0x5f, 0x73, 0x74, 0x61, 0x72, 0x74, 0x75, 0x70, 0x5f, 0x6c, 0x6f, 0x63, 0x6b, 0x00, 0x2e,
	0x72, 0x65, 0x66, 0x70, 0x74, 0x72, 0x2e, 0x5f, 0x5f, 0x6e, 0x61, 0x74, 0x69, 0x76, 0x65, 0x5f,
	0x64, 0x6c, 0x6c, 0x6d, 0x61, 0x69, 0x6e, 0x5f, 0x72, 0x65, 0x61, 0x73, 0x6f, 0x6e, 0x00, 0x43,
	0x72, 0x65, 0x61, 0x74, 0x65, 0x46, 0x69, 0x6c, 0x65, 0x57, 0x00, 0x5f, 0x5f, 0x72, 0x74, 0x5f,
	0x70, 0x73, 0x72, 0x65, 0x6c, 0x6f, 0x63, 0x73, 0x5f, 0x65, 0x6e, 0x64, 0x00, 0x5f, 0x5f, 0x6d,
	0x69, 0x6e, 0x6f, 0x72, 0x5f, 0x73, 0x75, 0x62, 0x73, 0x79, 0x73, 0x74, 0x65, 0x6d, 0x5f, 0x76,
	0x65, 0x72, 0x73, 0x69, 0x6f, 0x6e, 0x5f, 0x5f, 0x00, 0x5f, 0x5f, 0x6d, 0x69, 0x6e, 0x6f, 0x72,
	0x5f, 0x69, 0x6d, 0x61, 0x67, 0x65, 0x5f, 0x76, 0x65, 0x72, 0x73, 0x69, 0x6f, 0x6e, 0x5f, 0x5f,
	0x00, 0x5f, 0x5f, 0x69, 0x6d, 0x70, 0x5f, 0x5f, 0x75, 0x6e, 0x6c, 0x6f, 0x63, 0x6b, 0x00, 0x2e,
	0x72, 0x65, 0x66, 0x70, 0x74, 0x72, 0x2e, 0x5f, 0x5f, 0x78, 0x63, 0x5f, 0x61, 0x00, 0x2e, 0x72,
	0x65, 0x66, 0x70, 0x74, 0x72, 0x2e, 0x5f, 0x5f, 0x78, 0x69, 0x5f, 0x7a, 0x00, 0x44, 0x65, 0x6c,
	0x65, 0x74, 0x65, 0x43, 0x72, 0x69, 0x74, 0x69, 0x63, 0x61, 0x6c, 0x53, 0x65, 0x63, 0x74, 0x69,
	0x6f, 0x6e, 0x00, 0x5f, 0x5f, 0x52, 0x55, 0x4e, 0x54, 0x49, 0x4d, 0x45, 0x5f, 0x50, 0x53, 0x45,
	0x55, 0x44, 0x4f, 0x5f, 0x52, 0x45, 0x4c, 0x4f, 0x43, 0x5f, 0x4c, 0x49, 0x53, 0x54, 0x5f, 0x45,
	0x4e, 0x44, 0x5f, 0x5f, 0x00, 0x5f, 0x5f, 0x69, 0x6d, 0x70, 0x5f, 0x4c, 0x6f, 0x63, 0x61, 0x6c,
	0x46, 0x72, 0x65, 0x65, 0x00, 0x5f, 0x5f, 0x69, 0x6d, 0x70, 0x5f, 0x47, 0x65, 0x74, 0x43, 0x75,
	0x72, 0x72, 0x65, 0x6e, 0x74, 0x50, 0x72, 0x6f, 0x63, 0x65, 0x73, 0x73, 0x00, 0x2e, 0x72, 0x65,
	0x66, 0x70, 0x74, 0x72, 0x2e, 0x5f, 0x5f, 0x78, 0x63, 0x5f, 0x7a, 0x00, 0x5f, 0x5f, 0x5f, 0x63,
	0x72, 0x74, 0x5f, 0x78, 0x74, 0x5f, 0x65, 0x6e, 0x64, 0x5f, 0x5f, 0x00, 0x4f, 0x70, 0x65, 0x6e,
	0x50, 0x72, 0x6f, 0x63, 0x65, 0x73, 0x73, 0x54, 0x6f, 0x6b, 0x65, 0x6e, 0x00, 0x5f, 0x5f, 0x6d,
	0x69, 0x6e, 0x67, 0x77, 0x5f, 0x61, 0x70, 0x70, 0x5f, 0x74, 0x79, 0x70, 0x65, 0x00,
}
